timestamp,consumption_mw,temperature,humidity,wind_speed,cloud_cover,hour,dayofweek,month,dayofyear,is_weekend,hour_sin,hour_cos,month_sin,month_cos,dayofweek_sin,dayofweek_cos,lag_1h,lag_2h,lag_3h,lag_6h,lag_12h,lag_24h,rolling_mean_6h,rolling_mean_12h,rolling_mean_24h
2026-04-01 10:32:26.250940,60736.41,10.9,89,4.9,100,10,2,4,91,0,0.49999999999999994,-0.8660254037844387,0.8660254037844387,-0.4999999999999998,0.9749279121818236,-0.22252093395631434,50162.92,50772.42,49182.56,46950.15,47317.77,61564.0,49171.761666666665,47943.86666666666,54746.7425
2026-04-01 11:32:26.250940,60732.87,11.2,86,4.9,100,11,2,4,91,0,0.258819045102521,-0.9659258262890682,0.8660254037844387,-0.4999999999999998,0.9749279121818236,-0.22252093395631434,60736.41,50162.92,50772.42,48085.96,46601.29,60632.63,51469.47166666667,49062.08666666667,54712.25958333333
2026-04-01 12:32:26.250940,59666.15,11.2,87,2.9,100,12,2,4,91,0,1.2246467991473532e-16,-1.0,0.8660254037844387,-0.4999999999999998,0.9749279121818236,-0.22252093395631434,60732.87,60736.41,50162.92,49876.56,47278.57,59925.04,53577.29,50239.71833333333,54716.436250000006
2026-04-01 13:32:26.250940,59905.35,11.3,84,1.4,99,13,2,4,91,0,-0.2588190451025208,-0.9659258262890683,0.8660254037844387,-0.4999999999999998,0.9749279121818236,-0.22252093395631434,59666.15,60732.87,60736.41,49182.56,45502.95,60873.64,55208.888333333336,51272.01666666666,54705.64916666667
2026-04-01 14:32:26.250940,59812.82,12.0,78,1.9,100,14,2,4,91,0,-0.4999999999999997,-0.8660254037844388,0.8660254037844387,-0.4999999999999998,0.9749279121818236,-0.22252093395631434,59905.35,59666.15,60732.87,50772.42,46544.77,60495.84,56996.02,52472.21666666667,54665.30375
2026-04-01 15:32:26.250940,59776.28,12.2,80,6.7,100,15,2,4,91,0,-0.7071067811865471,-0.7071067811865479,0.8660254037844387,-0.4999999999999998,0.9749279121818236,-0.22252093395631434,59812.82,59905.35,59666.15,50162.92,47050.48,59704.72,58502.753333333334,53577.887500000004,54636.84458333333
2026-04-01 16:32:26.250940,59831.34,11.4,84,0.0,100,16,2,4,91,0,-0.8660254037844385,-0.5000000000000004,0.8660254037844387,-0.4999999999999998,0.9749279121818236,-0.22252093395631434,59776.28,59812.82,59905.35,60736.41,46950.15,59643.19,60104.98,54638.37083333333,54639.82624999999
2026-04-01 17:32:26.250940,59534.64,11.6,82,1.1,100,17,2,4,91,0,-0.9659258262890683,-0.25881904510252063,0.8660254037844387,-0.4999999999999998,0.9749279121818236,-0.22252093395631434,59831.34,59776.28,59812.82,60732.87,48085.96,62194.23,59954.135,55711.80333333334,54647.66583333333
2026-04-01 18:32:26.250940,62594.78,11.3,84,0.4,100,18,2,4,91,0,-1.0,-1.8369701987210297e-16,0.8660254037844387,-0.4999999999999998,0.9749279121818236,-0.22252093395631434,59534.64,59831.34,59776.28,59666.15,49876.56,63168.37,59754.43,56665.85999999999,54536.84958333333
2026-04-01 19:32:26.250940,63247.89,10.9,80,3.4,100,19,2,4,91,0,-0.9659258262890684,0.2588190451025203,0.8660254037844387,-0.4999999999999998,0.9749279121818236,-0.22252093395631434,62594.78,59534.64,59831.34,59905.35,49182.56,64268.77,60242.534999999996,57725.71166666666,54512.950000000004
2026-04-01 20:32:26.250940,64510.07,10.8,79,4.0,94,20,2,4,91,0,-0.8660254037844386,0.5000000000000001,0.8660254037844387,-0.4999999999999998,0.9749279121818236,-0.22252093395631434,63247.89,62594.78,59534.64,59812.82,50772.42,62762.13,60799.625,58897.8225,54470.41333333334
2026-04-01 21:32:26.250940,63919.29,10.5,79,6.2,100,21,2,4,91,0,-0.7071067811865477,0.7071067811865474,0.8660254037844387,-0.4999999999999998,0.9749279121818236,-0.22252093395631434,64510.07,63247.89,62594.78,59776.28,50162.92,63362.86,61582.5,60042.62666666667,54543.244166666664
2026-04-01 22:32:26.250940,46832.81,10.1,80,2.5,100,22,2,4,91,0,-0.5000000000000004,0.8660254037844384,0.8660254037844387,-0.4999999999999998,0.9749279121818236,-0.22252093395631434,63919.29,64510.07,63247.89,59831.34,60736.41,47317.77,62273.001666666656,61188.99083333334,54566.42875
2026-04-01 23:32:26.250940,46997.34,10.0,82,3.1,100,23,2,4,91,0,-0.25881904510252157,0.9659258262890681,0.8660254037844387,-0.4999999999999998,0.9749279121818236,-0.22252093395631434,46832.81,63919.29,64510.07,59534.64,60732.87,46601.29,60106.579999999994,60030.357500000006,54546.222083333334
2026-04-02 00:32:26.250940,46167.47,9.9,86,1.3,100,0,3,4,92,0,0.0,1.0,0.8660254037844387,-0.4999999999999998,0.43388373911755823,-0.900968867902419,46997.34,46832.81,63919.29,62594.78,59666.15,47278.57,58017.03,58885.73,54562.72416666666
2026-04-02 01:32:26.250940,46453.39,9.8,86,3.8,100,1,3,4,92,0,0.25881904510252074,0.9659258262890683,0.8660254037844387,-0.4999999999999998,0.43388373911755823,-0.900968867902419,46167.47,46997.34,46832.81,63247.89,59905.35,45502.95,55279.145,57760.84,54516.42833333334
2026-04-02 02:32:26.250940,45603.05,9.7,83,0.0,100,2,3,4,92,0,0.49999999999999994,0.8660254037844387,0.8660254037844387,-0.4999999999999998,0.43388373911755823,-0.900968867902419,46453.39,46167.47,46997.34,64510.07,59812.82,46544.77,52480.06166666667,56639.84333333333,54556.03
2026-04-02 03:32:26.250940,45494.43,9.7,83,1.1,100,3,3,4,92,0,0.7071067811865476,0.7071067811865476,0.8660254037844387,-0.4999999999999998,0.43388373911755823,-0.900968867902419,45603.05,46453.39,46167.47,63919.29,59776.28,47050.48,49328.89166666666,55455.69583333333,54516.791666666664
2026-04-02 04:32:26.250940,47749.92,9.4,89,1.5,100,4,3,4,92,0,0.8660254037844386,0.5000000000000001,0.8660254037844387,-0.4999999999999998,0.43388373911755823,-0.900968867902419,45494.43,45603.05,46453.39,46832.81,59831.34,46950.15,46258.081666666665,54265.541666666664,54451.956249999996
2026-04-02 05:32:26.250940,45834.3,9.5,87,2.2,100,5,3,4,92,0,0.9659258262890683,0.25881904510252074,0.8660254037844387,-0.4999999999999998,0.43388373911755823,-0.900968867902419,47749.92,45494.43,45603.05,46997.34,59534.64,48085.96,46410.93333333333,53258.75666666666,54485.28
2026-04-02 06:32:26.250940,48163.17,9.4,88,0.7,100,6,3,4,92,0,1.0,6.123233995736766e-17,0.8660254037844387,-0.4999999999999998,0.43388373911755823,-0.900968867902419,45834.3,47749.92,45494.43,46167.47,62594.78,49876.56,46217.09333333333,52117.06166666667,54391.46083333332
2026-04-02 07:32:26.250940,48088.4,9.1,78,2.9,100,7,3,4,92,0,0.9659258262890683,-0.25881904510252063,0.8660254037844387,-0.4999999999999998,0.43388373911755823,-0.900968867902419,48163.17,45834.3,47749.92,46453.39,63247.89,49182.56,46549.71,50914.4275,54320.06958333334
2026-04-02 08:32:26.250940,50439.51,9.1,87,4.5,100,8,3,4,92,0,0.8660254037844387,-0.4999999999999998,0.8660254037844387,-0.4999999999999998,0.43388373911755823,-0.900968867902419,48088.4,48163.17,45834.3,45603.05,64510.07,50772.42,46822.21166666667,49651.136666666665,54274.479583333334
2026-04-02 09:32:26.250940,49379.81,9.6,89,5.1,100,9,3,4,92,0,0.7071067811865476,-0.7071067811865475,0.8660254037844387,-0.4999999999999998,0.43388373911755823,-0.900968867902419,50439.51,48088.4,48163.17,45494.43,63919.29,50162.92,47628.28833333333,48478.590000000004,54260.60833333334
2026-04-02 10:32:26.250940,59632.76,10.4,84,5.7,99,10,3,4,92,0,0.49999999999999994,-0.8660254037844387,0.8660254037844387,-0.4999999999999998,0.43388373911755823,-0.900968867902419,49379.81,50439.51,48088.4,47749.92,46832.81,60736.41,48275.85166666666,47266.96666666667,54227.97875
2026-04-02 11:32:26.250940,61791.83,11.4,76,7.2,99,11,3,4,92,0,0.258819045102521,-0.9659258262890682,0.8660254037844387,-0.4999999999999998,0.43388373911755823,-0.900968867902419,59632.76,49379.81,50439.51,45834.3,46997.34,60732.87,50256.325000000004,48333.62916666667,54181.99333333334
2026-04-02 12:32:26.250940,62148.32,12.5,70,7.3,100,12,3,4,92,0,1.2246467991473532e-16,-1.0,0.8660254037844387,-0.4999999999999998,0.43388373911755823,-0.900968867902419,61791.83,59632.76,49379.81,48163.17,46167.47,59666.15,52915.91333333333,49566.503333333334,54226.11666666666
2026-04-02 13:32:26.250940,59116.77,13.6,62,7.9,86,13,3,4,92,0,-0.2588190451025208,-0.9659258262890683,0.8660254037844387,-0.4999999999999998,0.43388373911755823,-0.900968867902419,62148.32,61791.83,59632.76,48088.4,46453.39,59905.35,55246.77166666667,50898.24083333334,54329.54041666666
2026-04-02 14:32:26.250940,62084.05,14.0,59,8.2,99,14,3,4,92,0,-0.4999999999999997,-0.8660254037844388,0.8660254037844387,-0.4999999999999998,0.43388373911755823,-0.900968867902419,59116.77,62148.32,61791.83,50439.51,45603.05,59812.82,57084.833333333336,51953.52249999999,54296.682916666665
2026-04-02 15:32:26.250940,59252.93,14.4,59,9.9,97,15,3,4,92,0,-0.7071067811865471,-0.7071067811865479,0.8660254037844387,-0.4999999999999998,0.43388373911755823,-0.900968867902419,62084.05,59116.77,62148.32,49379.81,45494.43,59776.28,59025.59,53326.93916666667,54391.317500000005
2026-04-02 16:32:26.250940,59304.49,14.1,62,8.9,73,16,3,4,92,0,-0.8660254037844385,-0.5000000000000004,0.8660254037844387,-0.4999999999999998,0.43388373911755823,-0.900968867902419,59252.93,62084.05,59116.77,59632.76,47749.92,59831.34,60671.10999999999,54473.480833333335,54369.51125
2026-04-02 17:32:26.250940,60772.15,14.0,63,10.1,100,17,3,4,92,0,-0.9659258262890683,-0.25881904510252063,0.8660254037844387,-0.4999999999999998,0.43388373911755823,-0.900968867902419,59304.49,59252.93,62084.05,61791.83,45834.3,59534.64,60616.39833333332,55436.36166666667,54347.559166666666
2026-04-02 18:32:26.250940,64684.07,13.5,63,10.7,99,18,3,4,92,0,-1.0,-1.8369701987210297e-16,0.8660254037844387,-0.4999999999999998,0.43388373911755823,-0.900968867902419,60772.15,59304.49,59252.93,62148.32,48163.17,62594.78,60446.45166666667,56681.182499999995,54399.12208333334
2026-04-02 19:32:26.250940,64010.76,12.3,66,13.7,58,19,3,4,92,0,-0.9659258262890684,0.2588190451025203,0.8660254037844387,-0.4999999999999998,0.43388373911755823,-0.900968867902419,64684.07,60772.15,59304.49,59116.77,48088.4,63247.89,60869.07666666667,58057.924166666664,54486.175833333335
2026-04-02 20:32:26.250940,63893.18,10.9,64,11.3,15,20,3,4,92,0,-0.8660254037844386,0.5000000000000001,0.8660254037844387,-0.4999999999999998,0.43388373911755823,-0.900968867902419,64010.76,64684.07,60772.15,62084.05,50439.51,64510.07,61684.74166666667,59384.787500000006,54517.962083333325
2026-04-02 21:32:26.250940,61780.04,9.6,66,9.7,60,21,3,4,92,0,-0.7071067811865477,0.7071067811865474,0.8660254037844387,-0.4999999999999998,0.43388373911755823,-0.900968867902419,63893.18,64010.76,64684.07,59252.93,49379.81,63919.29,61986.263333333336,60505.926666666666,54492.25833333333
2026-04-02 22:32:26.250940,47136.19,8.8,70,6.7,61,22,3,4,92,0,-0.5000000000000004,0.8660254037844384,0.8660254037844387,-0.4999999999999998,0.43388373911755823,-0.900968867902419,61780.04,63893.18,64010.76,59304.49,59632.76,46832.81,62407.448333333334,61539.27916666667,54403.12291666667
2026-04-02 23:32:26.250940,47501.45,7.9,72,5.4,14,23,3,4,92,0,-0.25881904510252157,0.9659258262890681,0.8660254037844387,-0.4999999999999998,0.43388373911755823,-0.900968867902419,47136.19,61780.04,63893.18,60772.15,61791.83,46997.34,60379.39833333334,60497.89833333334,54415.763750000006
2026-04-03 00:32:26.250940,47134.01,7.1,77,5.3,38,0,4,4,93,0,0.0,1.0,0.8660254037844387,-0.4999999999999998,-0.433883739117558,-0.9009688679024191,47501.45,47136.19,61780.04,64684.07,62148.32,46167.47,58167.615,59307.03333333333,54436.76833333334
2026-04-03 01:32:26.250940,47986.82,6.3,80,4.3,0,1,4,4,93,0,0.25881904510252074,0.9659258262890683,0.8660254037844387,-0.4999999999999998,-0.433883739117558,-0.9009688679024191,47134.01,47501.45,47136.19,64010.76,59116.77,46453.39,55242.605,58055.84083333333,54477.04083333333
2026-04-03 02:32:26.250940,46404.96,5.9,80,4.6,0,2,4,4,93,0,0.49999999999999994,0.8660254037844387,0.8660254037844387,-0.4999999999999998,-0.433883739117558,-0.9009688679024191,47986.82,47134.01,47501.45,63893.18,62084.05,45603.05,52571.948333333334,57128.345,54540.93375
2026-04-03 03:32:26.250940,46843.45,5.6,81,2.9,0,3,4,4,93,0,0.7071067811865476,0.7071067811865476,0.8660254037844387,-0.4999999999999998,-0.433883739117558,-0.9009688679024191,46404.96,47986.82,47134.01,61780.04,59252.93,45494.43,49657.244999999995,55821.75416666667,54574.34666666667
2026-04-03 04:32:26.250940,47457.22,4.8,83,3.6,0,4,4,4,93,0,0.8660254037844386,0.5000000000000001,0.8660254037844387,-0.4999999999999998,-0.433883739117558,-0.9009688679024191,46843.45,46404.96,47986.82,47136.19,59304.49,47749.92,47167.81333333333,54787.63083333333,54630.55583333334
2026-04-03 05:32:26.250940,45884.53,4.5,83,3.3,49,5,4,4,93,0,0.9659258262890683,0.25881904510252074,0.8660254037844387,-0.4999999999999998,-0.433883739117558,-0.9009688679024191,47457.22,46843.45,46404.96,47501.45,60772.15,45834.3,47221.318333333336,53800.35833333333,54618.36000000001
2026-04-03 06:32:26.250940,49357.18,4.5,83,3.5,84,6,4,4,93,0,1.0,6.123233995736766e-17,0.8660254037844387,-0.4999999999999998,-0.433883739117558,-0.9009688679024191,45884.53,47457.22,46843.45,47134.01,64684.07,48163.17,46951.831666666665,52559.72333333333,54620.45291666667
2026-04-03 07:32:26.250940,49133.14,5.1,80,3.6,91,7,4,4,93,0,0.9659258262890683,-0.25881904510252063,0.8660254037844387,-0.4999999999999998,-0.433883739117558,-0.9009688679024191,49357.18,45884.53,47457.22,47986.82,64010.76,48088.4,47322.35999999999,51282.482500000006,54670.20333333333
2026-04-03 08:32:26.250940,48818.26,5.9,78,4.5,90,8,4,4,93,0,0.8660254037844387,-0.4999999999999998,0.8660254037844387,-0.4999999999999998,-0.433883739117558,-0.9009688679024191,49133.14,49357.18,45884.53,46404.96,63893.18,50439.51,47513.41333333333,50042.680833333325,54713.73416666667
2026-04-03 09:32:26.250940,49840.94,6.8,76,7.2,73,9,4,4,93,0,0.7071067811865476,-0.7071067811865475,0.8660254037844387,-0.4999999999999998,-0.433883739117558,-0.9009688679024191,48818.26,49133.14,49357.18,46843.45,61780.04,49379.81,47915.63,48786.4375,54646.182083333326
2026-04-03 10:32:26.250940,59556.69,8.9,73,9.7,79,10,4,4,93,0,0.49999999999999994,-0.8660254037844387,0.8660254037844387,-0.4999999999999998,-0.433883739117558,-0.9009688679024191,49840.94,48818.26,49133.14,47457.22,47136.19,59632.76,48415.21166666667,47791.512500000004,54665.395833333336
2026-04-03 11:32:26.250940,59654.08,10.2,70,9.7,98,11,4,4,93,0,0.258819045102521,-0.9659258262890682,0.8660254037844387,-0.4999999999999998,-0.433883739117558,-0.9009688679024191,59556.69,49840.94,48818.26,45884.53,47501.45,61791.83,50431.79,48826.55416666666,54662.22625
2026-04-03 12:32:26.250940,61094.05,11.3,68,10.7,100,12,4,4,93,0,1.2246467991473532e-16,-1.0,0.8660254037844387,-0.4999999999999998,-0.433883739117558,-0.9009688679024191,59654.08,59556.69,49840.94,49357.18,47134.01,62148.32,52726.715000000004,49839.27333333334,54573.15333333334
2026-04-03 13:32:26.250940,59950.32,13.3,63,14.3,99,13,4,4,93,0,-0.2588190451025208,-0.9659258262890683,0.8660254037844387,-0.4999999999999998,-0.433883739117558,-0.9009688679024191,61094.05,59654.08,59556.69,49133.14,47986.82,59116.77,54682.86000000001,51002.60999999999,54529.22541666666
2026-04-03 14:32:26.250940,59013.56,13.2,64,14.0,100,14,4,4,93,0,-0.4999999999999997,-0.8660254037844388,0.8660254037844387,-0.4999999999999998,-0.433883739117558,-0.9009688679024191,59950.32,61094.05,59654.08,48818.26,46404.96,62084.05,56485.723333333335,51999.568333333336,54563.956666666665
2026-04-03 15:32:26.250940,60947.19,12.9,67,16.1,100,15,4,4,93,0,-0.7071067811865471,-0.7071067811865479,0.8660254037844387,-0.4999999999999998,-0.433883739117558,-0.9009688679024191,59013.56,59950.32,61094.05,49840.94,46843.45,59252.93,58184.94,53050.284999999996,54436.019583333335
2026-04-03 16:32:26.250940,61446.27,12.3,71,13.8,100,16,4,4,93,0,-0.8660254037844385,-0.5000000000000004,0.8660254037844387,-0.4999999999999998,-0.433883739117558,-0.9009688679024191,60947.19,59013.56,59950.32,59556.69,47457.22,59304.49,60035.98166666667,54225.59666666667,54506.61375
2026-04-03 17:32:26.250940,60668.74,12.2,74,13.3,100,17,4,4,93,0,-0.9659258262890683,-0.25881904510252063,0.8660254037844387,-0.4999999999999998,-0.433883739117558,-0.9009688679024191,61446.27,60947.19,59013.56,59654.08,45884.53,60772.15,60350.91166666666,55391.35083333334,54595.854583333334
2026-04-03 18:32:26.250940,61659.9,12.3,75,13.0,100,18,4,4,93,0,-1.0,-1.8369701987210297e-16,0.8660254037844387,-0.4999999999999998,-0.433883739117558,-0.9009688679024191,60668.74,61446.27,60947.19,61094.05,49357.18,64684.07,60520.02166666667,56623.36833333334,54591.54583333333
2026-04-03 19:32:26.250940,65074.26,11.8,83,13.6,100,19,4,4,93,0,-0.9659258262890684,0.2588190451025203,0.8660254037844387,-0.4999999999999998,-0.433883739117558,-0.9009688679024191,61659.9,60668.74,61446.27,59950.32,49133.14,64010.76,60614.329999999994,57648.595,54465.53875000001
2026-04-03 20:32:26.250940,62273.43,11.9,85,12.3,100,20,4,4,93,0,-0.8660254037844386,0.5000000000000001,0.8660254037844387,-0.4999999999999998,-0.433883739117558,-0.9009688679024191,65074.26,61659.9,60668.74,59013.56,48818.26,63893.18,61468.32,58977.02166666667,54509.85125000001
2026-04-03 21:32:26.250940,62040.87,11.9,86,10.2,100,21,4,4,93,0,-0.7071067811865477,0.7071067811865474,0.8660254037844387,-0.4999999999999998,-0.433883739117558,-0.9009688679024191,62273.43,65074.26,61659.9,60947.19,49840.94,61780.04,62011.63166666666,60098.285833333335,54442.36166666667
2026-04-03 22:32:26.250940,47281.22,12.3,90,12.5,100,22,4,4,93,0,-0.5000000000000004,0.8660254037844384,0.8660254037844387,-0.4999999999999998,-0.433883739117558,-0.9009688679024191,62040.87,62273.43,65074.26,61446.27,59556.69,47136.19,62193.91166666666,61114.94666666666,54453.229583333334
2026-04-03 23:32:26.250940,46464.69,12.5,90,11.3,100,23,4,4,93,0,-0.25881904510252157,0.9659258262890681,0.8660254037844387,-0.4999999999999998,-0.433883739117558,-0.9009688679024191,47281.22,62040.87,62273.43,60668.74,59654.08,47501.45,59833.07000000001,60091.99083333334,54459.27249999999
2026-04-04 00:32:26.250940,43168.7,12.9,87,10.5,100,0,5,4,94,1,0.0,1.0,0.8660254037844387,-0.4999999999999998,-0.9749279121818236,-0.2225209339563146,46464.69,47281.22,62040.87,61659.9,61094.05,47134.01,57465.72833333334,58992.875,54416.074166666665
2026-04-04 01:32:26.250940,42479.29,13.0,87,10.5,100,1,5,4,94,1,0.25881904510252074,0.9659258262890683,0.8660254037844387,-0.4999999999999998,-0.9749279121818236,-0.2225209339563146,43168.7,46464.69,47281.22,65074.26,59950.32,47986.82,54383.86166666667,57499.09583333333,54250.85291666666
2026-04-04 02:32:26.250940,43529.29,13.1,85,10.5,100,2,5,4,94,1,0.49999999999999994,0.8660254037844387,0.8660254037844387,-0.4999999999999998,-0.9749279121818236,-0.2225209339563146,42479.29,43168.7,46464.69,62273.43,59013.56,46404.96,50618.03333333333,56043.176666666666,54021.372500000005
2026-04-04 03:32:26.250940,43383.52,12.9,86,7.6,100,3,5,4,94,1,0.7071067811865476,0.7071067811865476,0.8660254037844387,-0.4999999999999998,-0.9749279121818236,-0.2225209339563146,43529.29,42479.29,43168.7,62040.87,60947.19,46843.45,47494.01,54752.82083333334,53901.55291666667
2026-04-04 04:32:26.250940,42395.45,13.0,87,8.2,100,4,5,4,94,1,0.8660254037844386,0.5000000000000001,0.8660254037844387,-0.4999999999999998,-0.9749279121818236,-0.2225209339563146,43383.52,43529.29,42479.29,47281.22,61446.27,47457.22,44384.45166666667,53289.181666666664,53757.38916666666
2026-04-04 05:32:26.250940,44039.24,13.0,86,8.6,100,5,5,4,94,1,0.9659258262890683,0.25881904510252074,0.8660254037844387,-0.4999999999999998,-0.9749279121818236,-0.2225209339563146,42395.45,43383.52,43529.29,46464.69,60668.74,45884.53,43570.15666666666,51701.613333333335,53546.482083333336
2026-04-04 06:32:26.250940,45470.17,12.8,86,8.2,100,6,5,4,94,1,1.0,6.123233995736766e-17,0.8660254037844387,-0.4999999999999998,-0.9749279121818236,-0.2225209339563146,44039.24,42395.45,43383.52,43168.7,61659.9,49357.18,43165.915,50315.82166666666,53469.595
2026-04-04 07:32:26.250940,46593.69,12.6,87,7.6,91,7,5,4,94,1,0.9659258262890683,-0.25881904510252063,0.8660254037844387,-0.4999999999999998,-0.9749279121818236,-0.2225209339563146,45470.17,44039.24,42395.45,42479.29,65074.26,49133.14,43549.49333333333,48966.67749999999,53307.63625
2026-04-04 08:32:26.250940,44773.1,12.7,86,9.0,100,8,5,4,94,1,0.8660254037844387,-0.4999999999999998,0.8660254037844387,-0.4999999999999998,-0.9749279121818236,-0.2225209339563146,46593.69,45470.17,44039.24,43529.29,62273.43,48818.26,44235.22666666666,47426.630000000005,53201.82583333333
2026-04-04 09:32:26.250940,45991.61,12.9,84,9.1,96,9,5,4,94,1,0.7071067811865476,-0.7071067811865475,0.8660254037844387,-0.4999999999999998,-0.9749279121818236,-0.2225209339563146,44773.1,46593.69,45470.17,43383.52,62040.87,49840.94,44442.52833333333,45968.269166666665,53033.277500000004
2026-04-04 10:32:26.250940,55487.32,13.8,79,12.5,90,10,5,4,94,1,0.49999999999999994,-0.8660254037844387,0.8660254037844387,-0.4999999999999998,-0.9749279121818236,-0.2225209339563146,45991.61,44773.1,46593.69,42395.45,47281.22,59556.69,44877.21,44630.83083333333,52872.88874999999
2026-04-04 11:32:26.250940,57139.23,14.7,73,11.8,90,11,5,4,94,1,0.258819045102521,-0.9659258262890682,0.8660254037844387,-0.4999999999999998,-0.9749279121818236,-0.2225209339563146,55487.32,45991.61,44773.1,44039.24,46464.69,59654.08,47059.18833333333,45314.67249999999,52703.331666666665
2026-04-04 12:32:26.250940,55747.16,15.4,67,13.5,100,12,5,4,94,1,1.2246467991473532e-16,-1.0,0.8660254037844387,-0.4999999999999998,-0.9749279121818236,-0.2225209339563146,57139.23,55487.32,45991.61,45470.17,43168.7,61094.05,49242.52,46204.2175,52598.54624999999
2026-04-04 13:32:26.250940,56782.29,15.7,64,13.2,95,13,5,4,94,1,-0.2588190451025208,-0.9659258262890683,0.8660254037844387,-0.4999999999999998,-0.9749279121818236,-0.2225209339563146,55747.16,57139.23,55487.32,46593.69,42479.29,59950.32,50955.35166666666,47252.42250000001,52375.75916666668
2026-04-04 14:32:26.250940,57190.31,16.5,55,15.6,79,14,5,4,94,1,-0.4999999999999997,-0.8660254037844388,0.8660254037844387,-0.4999999999999998,-0.9749279121818236,-0.2225209339563146,56782.29,55747.16,57139.23,44773.1,43529.29,59013.56,52653.45166666667,48444.339166666665,52243.75791666666
2026-04-04 15:32:26.250940,56429.0,17.8,50,14.5,30,15,5,4,94,1,-0.7071067811865471,-0.7071067811865479,0.8660254037844387,-0.4999999999999998,-0.9749279121818236,-0.2225209339563146,57190.31,56782.29,55747.16,45991.61,43383.52,60947.19,54722.98666666667,49582.7575,52167.78916666666
2026-04-04 16:32:26.250940,54056.28,19.0,48,14.7,26,16,5,4,94,1,-0.8660254037844385,-0.5000000000000004,0.8660254037844387,-0.4999999999999998,-0.9749279121818236,-0.2225209339563146,56429.0,57190.31,56782.29,55487.32,42395.45,61446.27,56462.551666666666,50669.880833333336,51979.53125
2026-04-04 17:32:26.250940,55108.41,19.1,53,14.8,6,17,5,4,94,1,-0.9659258262890683,-0.25881904510252063,0.8660254037844387,-0.4999999999999998,-0.9749279121818236,-0.2225209339563146,54056.28,56429.0,57190.31,57139.23,44039.24,60668.74,56224.04499999999,51641.61666666667,51671.615
2026-04-04 18:32:26.250940,58473.23,18.8,52,13.9,48,18,5,4,94,1,-1.0,-1.8369701987210297e-16,0.8660254037844387,-0.4999999999999998,-0.9749279121818236,-0.2225209339563146,55108.41,54056.28,56429.0,55747.16,45470.17,61659.9,55885.575000000004,52564.04749999999,51439.93458333333
2026-04-04 19:32:26.250940,57291.47,18.3,51,12.7,98,19,5,4,94,1,-0.9659258262890684,0.2588190451025203,0.8660254037844387,-0.4999999999999998,-0.9749279121818236,-0.2225209339563146,58473.23,55108.41,54056.28,56782.29,46593.69,65074.26,56339.920000000006,53647.635833333334,51307.15666666667
2026-04-04 20:32:26.250940,58161.34,17.5,54,12.2,0,20,5,4,94,1,-0.8660254037844386,0.5000000000000001,0.8660254037844387,-0.4999999999999998,-0.9749279121818236,-0.2225209339563146,57291.47,58473.23,55108.41,57190.31,44773.1,62273.43,56424.78333333333,54539.1175,50982.87375
2026-04-04 21:32:26.250940,57116.72,16.2,60,11.2,82,21,5,4,94,1,-0.7071067811865477,0.7071067811865474,0.8660254037844387,-0.4999999999999998,-0.9749279121818236,-0.2225209339563146,58161.34,57291.47,58473.23,56429.0,45991.61,62040.87,56586.621666666666,55654.80416666667,50811.53666666666
2026-04-04 22:32:26.250940,42707.59,15.5,61,13.0,34,22,5,4,94,1,-0.5000000000000004,0.8660254037844384,0.8660254037844387,-0.4999999999999998,-0.9749279121818236,-0.2225209339563146,57116.72,58161.34,57291.47,54056.28,55487.32,47281.22,56701.24166666667,56581.89666666667,50606.36375
2026-04-04 23:32:26.250940,43214.85,14.9,61,13.7,60,23,5,4,94,1,-0.25881904510252157,0.9659258262890681,0.8660254037844387,-0.4999999999999998,-0.9749279121818236,-0.2225209339563146,42707.59,57116.72,58161.34,55108.41,57139.23,46464.69,54809.793333333335,55516.91916666667,50415.79583333334
2026-04-05 00:32:26.250940,42124.05,14.4,63,13.6,0,0,6,4,95,1,0.0,1.0,0.8660254037844387,-0.4999999999999998,-0.7818314824680299,0.6234898018587334,43214.85,42707.59,57116.72,58473.23,55747.16,43168.7,52827.533333333326,54356.55416666667,50280.385833333334
2026-04-05 01:32:26.250940,41981.82,14.8,63,13.4,56,1,6,4,95,1,0.25881904510252074,0.9659258262890683,0.8660254037844387,-0.4999999999999998,-0.7818314824680299,0.6234898018587334,42124.05,43214.85,42707.59,57291.47,56782.29,42479.29,50102.670000000006,53221.29499999999,50236.85874999999
2026-04-05 02:32:26.250940,44049.78,14.2,67,14.1,27,2,6,4,95,1,0.49999999999999994,0.8660254037844387,0.8660254037844387,-0.4999999999999998,-0.7818314824680299,0.6234898018587334,41981.82,42124.05,43214.85,58161.34,57190.31,43529.29,47551.06166666667,51987.92250000001,50216.13083333333
2026-04-05 03:32:26.250940,43255.96,13.2,73,12.8,100,3,6,4,95,1,0.7071067811865476,0.7071067811865476,0.8660254037844387,-0.4999999999999998,-0.7818314824680299,0.6234898018587334,44049.78,41981.82,42124.05,57116.72,56429.0,43383.52,45199.135,50892.878333333334,50237.81791666666
2026-04-05 04:32:26.250940,44127.6,12.7,70,16.4,100,4,6,4,95,1,0.8660254037844386,0.5000000000000001,0.8660254037844387,-0.4999999999999998,-0.7818314824680299,0.6234898018587334,43255.96,44049.78,41981.82,42707.59,54056.28,42395.45,42889.00833333333,49795.125,50232.50291666667
2026-04-05 05:32:26.250940,43287.24,11.6,77,13.0,100,5,6,4,95,1,0.9659258262890683,0.25881904510252074,0.8660254037844387,-0.4999999999999998,-0.7818314824680299,0.6234898018587334,44127.6,43255.96,44049.78,43214.85,55108.41,44039.24,43125.676666666666,48967.73499999999,50304.675833333335
2026-04-05 06:32:26.250940,44527.45,11.2,77,13.0,100,6,6,4,95,1,1.0,6.123233995736766e-17,0.8660254037844387,-0.4999999999999998,-0.7818314824680299,0.6234898018587334,43287.24,44127.6,43255.96,42124.05,58473.23,45470.17,43137.74166666667,47982.637500000004,50273.3425
2026-04-05 07:32:26.250940,46218.34,11.4,79,13.8,100,7,6,4,95,1,0.9659258262890683,-0.25881904510252063,0.8660254037844387,-0.4999999999999998,-0.7818314824680299,0.6234898018587334,44527.45,43287.24,44127.6,41981.82,57291.47,46593.69,43538.308333333334,46820.489166666666,50234.0625
2026-04-05 08:32:26.250940,46201.23,11.7,79,13.0,100,8,6,4,95,1,0.8660254037844387,-0.4999999999999998,0.8660254037844387,-0.4999999999999998,-0.7818314824680299,0.6234898018587334,46218.34,44527.45,43287.24,44049.78,58161.34,44773.1,44244.395,45897.72833333333,50218.42291666667
2026-04-05 09:32:26.250940,44749.45,12.4,76,13.1,100,9,6,4,95,1,0.7071067811865476,-0.7071067811865475,0.8660254037844387,-0.4999999999999998,-0.7818314824680299,0.6234898018587334,46201.23,46218.34,44527.45,43255.96,57116.72,45991.61,44602.97,44901.0525,50277.92833333334
2026-04-05 10:32:26.250940,55434.55,13.1,73,11.8,100,10,6,4,95,1,0.49999999999999994,-0.8660254037844387,0.8660254037844387,-0.4999999999999998,-0.7818314824680299,0.6234898018587334,44749.45,46201.23,46218.34,44127.6,42707.59,55487.32,44851.885,43870.44666666666,50226.17166666667
2026-04-05 11:32:26.250940,55447.13,14.4,60,15.1,100,11,6,4,95,1,0.258819045102521,-0.9659258262890682,0.8660254037844387,-0.4999999999999998,-0.7818314824680299,0.6234898018587334,55434.55,44749.45,46201.23,43287.24,43214.85,57139.23,46736.37666666667,44931.026666666665,50223.97291666667
2026-04-05 12:32:26.250940,56569.81,15.4,52,16.1,98,12,6,4,95,1,1.2246467991473532e-16,-1.0,0.8660254037844387,-0.4999999999999998,-0.7818314824680299,0.6234898018587334,55447.13,55434.55,44749.45,44527.45,42124.05,55747.16,48763.025,45950.38333333333,50153.46875
2026-04-05 13:32:26.250940,54161.24,15.9,44,16.2,99,13,6,4,95,1,-0.2588190451025208,-0.9659258262890683,0.8660254037844387,-0.4999999999999998,-0.7818314824680299,0.6234898018587334,56569.81,55447.13,55434.55,46218.34,41981.82,56782.29,50770.085,47154.19666666666,50187.74583333333
2026-04-05 14:32:26.250940,56009.42,16.1,49,14.4,99,14,6,4,95,1,-0.4999999999999997,-0.8660254037844388,0.8660254037844387,-0.4999999999999998,-0.7818314824680299,0.6234898018587334,54161.24,56569.81,55447.13,46201.23,44049.78,57190.31,52093.901666666665,48169.14833333332,50078.53541666667
2026-04-05 15:32:26.250940,56481.07,15.6,50,16.2,84,15,6,4,95,1,-0.7071067811865471,-0.7071067811865479,0.8660254037844387,-0.4999999999999998,-0.7818314824680299,0.6234898018587334,56009.42,54161.24,56569.81,44749.45,43255.96,56429.0,53728.600000000006,49165.784999999996,50029.331666666665
2026-04-05 16:32:26.250940,55799.57,16.0,46,16.4,99,16,6,4,95,1,-0.8660254037844385,-0.5000000000000004,0.8660254037844387,-0.4999999999999998,-0.7818314824680299,0.6234898018587334,56481.07,56009.42,54161.24,55434.55,44127.6,54056.28,55683.869999999995,50267.8775,50031.50125
2026-04-05 17:32:26.250940,56265.07,15.2,49,15.0,99,17,6,4,95,1,-0.9659258262890683,-0.25881904510252063,0.8660254037844387,-0.4999999999999998,-0.7818314824680299,0.6234898018587334,55799.57,56481.07,56009.42,55447.13,43287.24,55108.41,55744.706666666665,51240.541666666664,50104.138333333336
2026-04-05 18:32:26.250940,59783.7,14.7,48,13.6,78,18,6,4,95,1,-1.0,-1.8369701987210297e-16,0.8660254037844387,-0.4999999999999998,-0.7818314824680299,0.6234898018587334,56265.07,55799.57,56481.07,56569.81,44527.45,58473.23,55881.03,52322.0275,50152.3325
2026-04-05 19:32:26.250940,58830.26,13.6,53,12.2,26,19,6,4,95,1,-0.9659258262890684,0.2588190451025203,0.8660254037844387,-0.4999999999999998,-0.7818314824680299,0.6234898018587334,59783.7,56265.07,55799.57,54161.24,46218.34,57291.47,56416.67833333334,53593.38166666666,50206.93541666667
2026-04-05 20:32:26.250940,59257.35,12.4,61,9.7,0,20,6,4,95,1,-0.8660254037844386,0.5000000000000001,0.8660254037844387,-0.4999999999999998,-0.7818314824680299,0.6234898018587334,58830.26,59783.7,56265.07,56009.42,46201.23,58161.34,57194.848333333335,54644.375,50271.051666666666
2026-04-05 21:32:26.250940,57756.89,11.7,62,7.6,2,21,6,4,95,1,-0.7071067811865477,0.7071067811865474,0.8660254037844387,-0.4999999999999998,-0.7818314824680299,0.6234898018587334,59257.35,58830.26,59783.7,56481.07,44749.45,57116.72,57736.16999999999,55732.385,50316.71875
2026-04-05 22:32:26.250940,43083.55,10.9,62,7.2,2,22,6,4,95,1,-0.5000000000000004,0.8660254037844384,0.8660254037844387,-0.4999999999999998,-0.7818314824680299,0.6234898018587334,57756.89,59257.35,58830.26,55799.57,55434.55,42707.59,57948.806666666664,56816.33833333334,50343.39250000001
2026-04-05 23:32:26.250940,43632.63,10.1,67,5.6,100,23,6,4,95,1,-0.25881904510252157,0.9659258262890681,0.8660254037844387,-0.4999999999999998,-0.7818314824680299,0.6234898018587334,43083.55,57756.89,59257.35,56265.07,55447.13,43214.85,55829.47,55787.088333333326,50359.057499999995
2026-04-06 00:32:26.250940,47894.41,9.5,71,5.2,0,0,0,4,96,0,0.0,1.0,0.8660254037844387,-0.4999999999999998,0.0,1.0,43632.63,43083.55,57756.89,59783.7,56569.81,42124.05,53724.06333333333,54802.54666666666,50376.465
2026-04-06 01:32:26.250940,46470.19,8.6,75,3.2,2,1,0,4,96,0,0.25881904510252074,0.9659258262890683,0.8660254037844387,-0.4999999999999998,0.0,1.0,47894.41,43632.63,43083.55,58830.26,54161.24,41981.82,51742.51500000001,54079.59666666667,50616.89666666667
2026-04-06 02:32:26.250940,47847.42,8.2,76,1.0,29,2,0,4,96,0,0.49999999999999994,0.8660254037844387,0.8660254037844387,-0.4999999999999998,0.0,1.0,46470.19,47894.41,43632.63,59257.35,56009.42,44049.78,49682.503333333334,53438.67583333334,50803.912083333336
2026-04-06 03:32:26.250940,46605.12,7.8,76,1.5,63,3,0,4,96,0,0.7071067811865476,0.7071067811865476,0.8660254037844387,-0.4999999999999998,0.0,1.0,47847.42,46470.19,47894.41,57756.89,56481.07,43255.96,47780.848333333335,52758.50916666666,50962.14708333334
2026-04-06 04:32:26.250940,46509.39,6.7,79,1.1,81,4,0,4,96,0,0.8660254037844386,0.5000000000000001,0.8660254037844387,-0.4999999999999998,0.0,1.0,46605.12,47847.42,46470.19,43083.55,55799.57,44127.6,45922.22,51935.513333333336,51101.69541666666
2026-04-06 05:32:26.250940,45707.7,6.4,76,1.8,33,5,0,4,96,0,0.9659258262890683,0.25881904510252074,0.8660254037844387,-0.4999999999999998,0.0,1.0,46509.39,46605.12,47847.42,43632.63,56265.07,43287.24,46493.193333333336,51161.331666666665,51200.93666666667
2026-04-06 06:32:26.250940,48573.86,6.1,78,1.6,20,6,0,4,96,0,1.0,6.123233995736766e-17,0.8660254037844387,-0.4999999999999998,0.0,1.0,45707.7,46509.39,46605.12,47894.41,59783.7,44527.45,46839.03833333333,50281.55083333334,51301.78916666666
2026-04-06 07:32:26.250940,50443.29,5.9,88,2.9,28,7,0,4,96,0,0.9659258262890683,-0.25881904510252063,0.8660254037844387,-0.4999999999999998,0.0,1.0,48573.86,45707.7,46509.39,46470.19,58830.26,46218.34,46952.28,49347.3975,51470.38958333334
2026-04-06 08:32:26.250940,50731.56,6.6,85,2.9,9,8,0,4,96,0,0.8660254037844387,-0.4999999999999998,0.8660254037844387,-0.4999999999999998,0.0,1.0,50443.29,48573.86,45707.7,47847.42,59257.35,46201.23,47614.46333333334,48648.48333333333,51646.42916666666
2026-04-06 09:32:26.250940,49771.13,8.7,69,3.9,0,9,0,4,96,0,0.7071067811865476,-0.7071067811865475,0.8660254037844387,-0.4999999999999998,0.0,1.0,50731.56,50443.29,48573.86,46605.12,57756.89,44749.45,48095.15333333333,47938.00083333333,51835.19291666666
2026-04-06 10:32:26.250940,59768.84,11.1,55,6.2,3,10,0,4,96,0,0.49999999999999994,-0.8660254037844387,0.8660254037844387,-0.4999999999999998,0.0,1.0,49771.13,50731.56,50443.29,46509.39,43083.55,55434.55,48622.82166666666,47272.520833333336,52044.42958333334
2026-04-06 11:32:26.250940,61854.9,12.7,52,8.2,12,11,0,4,96,0,0.258819045102521,-0.9659258262890682,0.8660254037844387,-0.4999999999999998,0.0,1.0,59768.84,49771.13,50731.56,45707.7,43632.63,55447.13,50832.73,48662.96166666667,52225.024999999994
2026-04-06 12:32:26.250940,60598.92,14.4,49,7.2,96,12,0,4,96,0,1.2246467991473532e-16,-1.0,0.8660254037844387,-0.4999999999999998,0.0,1.0,61854.9,59768.84,49771.13,48573.86,47894.41,56569.81,53523.93,50181.48416666666,52492.01541666667
2026-04-06 13:32:26.250940,61841.38,16.0,46,7.9,14,13,0,4,96,0,-0.2588190451025208,-0.9659258262890683,0.8660254037844387,-0.4999999999999998,0.0,1.0,60598.92,61854.9,59768.84,50443.29,46470.19,54161.24,55528.10666666667,51240.19333333333,52659.895
2026-04-06 14:32:26.250940,61580.2,17.1,43,7.6,2,14,0,4,96,0,-0.4999999999999997,-0.8660254037844388,0.8660254037844387,-0.4999999999999998,0.0,1.0,61841.38,60598.92,61854.9,50731.56,47847.42,56009.42,57427.78833333333,52521.12583333333,52979.900833333326
2026-04-06 15:32:26.250940,58919.35,17.9,43,7.2,42,15,0,4,96,0,-0.7071067811865471,-0.7071067811865479,0.8660254037844387,-0.4999999999999998,0.0,1.0,61580.2,61841.38,60598.92,49771.13,46605.12,56481.07,59235.895,53665.52416666666,53212.01666666667
2026-04-06 16:32:26.250940,60728.64,18.6,41,7.1,56,16,0,4,96,0,-0.8660254037844385,-0.5000000000000004,0.8660254037844387,-0.4999999999999998,0.0,1.0,58919.35,61580.2,61841.38,59768.84,46509.39,55799.57,60760.59833333333,54691.70999999999,53313.611666666664
2026-04-06 17:32:26.250940,61805.29,18.6,41,7.3,44,17,0,4,96,0,-0.9659258262890683,-0.25881904510252063,0.8660254037844387,-0.4999999999999998,0.0,1.0,60728.64,58919.35,61580.2,61854.9,45707.7,56265.07,60920.565,55876.64749999999,53518.989583333336
2026-04-06 18:32:26.250940,62821.65,18.3,43,8.6,36,18,0,4,96,0,-1.0,-1.8369701987210297e-16,0.8660254037844387,-0.4999999999999998,0.0,1.0,61805.29,60728.64,58919.35,60598.92,48573.86,59783.7,60912.29666666666,57218.113333333335,53749.83208333334
2026-04-06 19:32:26.250940,62362.85,17.4,43,9.8,0,19,0,4,96,0,-0.9659258262890684,0.2588190451025203,0.8660254037844387,-0.4999999999999998,0.0,1.0,62821.65,61805.29,60728.64,61841.38,50443.29,58830.26,61282.75166666667,58405.42916666667,53876.41333333333
2026-04-06 20:32:26.250940,63614.04,16.2,46,9.0,0,20,0,4,96,0,-0.8660254037844386,0.5000000000000001,0.8660254037844387,-0.4999999999999998,0.0,1.0,62362.85,62821.65,61805.29,61580.2,50731.56,59257.35,61369.66333333333,59398.72583333333,54023.60458333333
2026-04-06 21:32:26.250940,62012.34,15.3,49,7.6,0,21,0,4,96,0,-0.7071067811865477,0.7071067811865474,0.8660254037844387,-0.4999999999999998,0.0,1.0,63614.04,62362.85,62821.65,58919.35,49771.13,57756.89,61708.636666666665,60472.26583333334,54205.13333333333
2026-04-06 22:32:26.250940,46010.62,14.0,56,6.6,13,22,0,4,96,0,-0.5000000000000004,0.8660254037844384,0.8660254037844387,-0.4999999999999998,0.0,1.0,62012.34,63614.04,62362.85,60728.64,59768.84,43083.55,62224.135,61492.36666666667,54382.44375
2026-04-06 23:32:26.250940,47057.65,13.0,61,5.4,0,23,0,4,96,0,-0.25881904510252157,0.9659258262890681,0.8660254037844387,-0.4999999999999998,0.0,1.0,46010.62,62012.34,63614.04,61805.29,61854.9,43632.63,59771.13166666666,60345.848333333335,54504.405000000006
2026-04-07 00:32:26.250940,45997.63,12.2,62,4.3,0,0,1,4,97,0,0.0,1.0,0.8660254037844387,-0.4999999999999998,0.7818314824680298,0.6234898018587336,47057.65,46010.62,62012.34,62821.65,60598.92,47894.41,57313.19166666667,59112.74416666667,54647.114166666666
2026-04-07 01:32:26.250940,47141.72,11.5,62,4.3,0,1,1,4,97,0,0.25881904510252074,0.9659258262890683,0.8660254037844387,-0.4999999999999998,0.7818314824680298,0.6234898018587336,45997.63,47057.65,46010.62,62362.85,61841.38,46470.19,54509.18833333333,57895.97,54568.081666666665
2026-04-07 02:32:26.250940,46579.47,10.8,63,4.0,0,2,1,4,97,0,0.49999999999999994,0.8660254037844387,0.8660254037844387,-0.4999999999999998,0.7818314824680298,0.6234898018587336,47141.72,45997.63,47057.65,63614.04,61580.2,47847.42,51972.333333333336,56670.99833333333,54596.06208333332
2026-04-07 03:32:26.250940,45653.0,10.4,62,3.3,9,3,1,4,97,0,0.7071067811865476,0.7071067811865476,0.8660254037844387,-0.4999999999999998,0.7818314824680298,0.6234898018587336,46579.47,47141.72,45997.63,62012.34,58919.35,46605.12,49133.238333333335,55420.9375,54543.230833333335
2026-04-07 04:32:26.250940,47896.53,9.5,64,3.6,0,4,1,4,97,0,0.8660254037844386,0.5000000000000001,0.8660254037844387,-0.4999999999999998,0.7818314824680298,0.6234898018587336,45653.0,46579.47,47141.72,46010.62,60728.64,46509.39,46406.681666666664,54315.40833333333,54503.55916666667
2026-04-07 05:32:26.250940,47749.08,9.2,67,3.2,0,5,1,4,97,0,0.9659258262890683,0.25881904510252074,0.8660254037844387,-0.4999999999999998,0.7818314824680298,0.6234898018587336,47896.53,45653.0,46579.47,47057.65,61805.29,45707.7,46721.0,53246.065833333334,54561.35666666667
2026-04-07 06:32:26.250940,48729.05,8.9,71,3.4,0,6,1,4,97,0,1.0,6.123233995736766e-17,0.8660254037844387,-0.4999999999999998,0.7818314824680298,0.6234898018587336,47749.08,47896.53,45653.0,45997.63,62821.65,48573.86,46836.238333333335,52074.715,54646.41416666666
2026-04-07 07:32:26.250940,48514.12,9.2,71,4.7,0,7,1,4,97,0,0.9659258262890683,-0.25881904510252063,0.8660254037844387,-0.4999999999999998,0.7818314824680298,0.6234898018587336,48729.05,47749.08,47896.53,47141.72,62362.85,50443.29,47291.475,50900.331666666665,54652.88041666666
2026-04-07 08:32:26.250940,50891.34,10.0,70,5.2,0,8,1,4,97,0,0.8660254037844387,-0.4999999999999998,0.8660254037844387,-0.4999999999999998,0.7818314824680298,0.6234898018587336,48514.12,48729.05,47749.08,46579.47,63614.04,50731.56,47520.208333333336,49746.270833333336,54572.498333333344
2026-04-07 09:32:26.250940,48482.4,11.5,65,6.8,0,9,1,4,97,0,0.7071067811865476,-0.7071067811865475,0.8660254037844387,-0.4999999999999998,0.7818314824680298,0.6234898018587336,50891.34,48514.12,48729.05,45653.0,62012.34,49771.13,48238.85333333333,48686.04583333333,54579.15583333333
2026-04-07 10:32:26.250940,61852.62,14.9,56,7.9,0,10,1,4,97,0,0.49999999999999994,-0.8660254037844387,0.8660254037844387,-0.4999999999999998,0.7818314824680298,0.6234898018587336,48482.4,50891.34,48514.12,47896.53,46010.62,59768.84,48710.420000000006,47558.550833333335,54525.45875
2026-04-07 11:32:26.250940,60801.62,17.6,49,8.0,0,11,1,4,97,0,0.258819045102521,-0.9659258262890682,0.8660254037844387,-0.4999999999999998,0.7818314824680298,0.6234898018587336,61852.62,48482.4,50891.34,47749.08,47057.65,61854.9,51036.435,48878.7175,54612.28291666667
2026-04-07 12:32:26.250940,60880.58,20.1,44,9.7,0,12,1,4,97,0,1.2246467991473532e-16,-1.0,0.8660254037844387,-0.4999999999999998,0.7818314824680298,0.6234898018587336,60801.62,61852.62,48482.4,48729.05,45997.63,60598.92,53211.85833333334,50024.04833333333,54568.39625
2026-04-07 13:32:26.250940,60752.14,22.6,40,11.1,0,13,1,4,97,0,-0.2588190451025208,-0.9659258262890683,0.8660254037844387,-0.4999999999999998,0.7818314824680298,0.6234898018587336,60880.58,60801.62,61852.62,48514.12,47141.72,61841.38,55237.113333333335,51264.29416666667,54580.13208333333
2026-04-07 14:32:26.250940,60039.32,23.8,36,11.4,0,14,1,4,97,0,-0.4999999999999997,-0.8660254037844388,0.8660254037844387,-0.4999999999999998,0.7818314824680298,0.6234898018587336,60752.14,60880.58,60801.62,50891.34,46579.47,61580.2,57276.78333333333,52398.49583333333,54534.74708333334
2026-04-07 15:32:26.250940,59265.26,24.4,34,11.4,0,15,1,4,97,0,-0.7071067811865471,-0.7071067811865479,0.8660254037844387,-0.4999999999999998,0.7818314824680298,0.6234898018587336,60039.32,60752.14,60880.58,48482.4,45653.0,58919.35,58801.44666666666,53520.15,54470.54374999999
2026-04-07 16:32:26.250940,59988.09,24.8,36,10.7,0,16,1,4,97,0,-0.8660254037844385,-0.5000000000000004,0.8660254037844387,-0.4999999999999998,0.7818314824680298,0.6234898018587336,59265.26,60039.32,60752.14,61852.62,47896.53,60728.64,60598.590000000004,54654.505000000005,54484.956666666665
2026-04-07 17:32:26.250940,59277.3,24.5,39,11.5,0,17,1,4,97,0,-0.9659258262890683,-0.25881904510252063,0.8660254037844387,-0.4999999999999998,0.7818314824680298,0.6234898018587336,59988.09,59265.26,60039.32,60801.62,47749.08,61805.29,60287.835,55662.135,54454.10041666666
2026-04-07 18:32:26.250940,62230.09,23.6,39,11.5,0,18,1,4,97,0,-1.0,-1.8369701987210297e-16,0.8660254037844387,-0.4999999999999998,0.7818314824680298,0.6234898018587336,59277.3,59988.09,59265.26,60880.58,48729.05,62821.65,60033.78166666668,56622.82000000001,54348.76750000001
2026-04-07 19:32:26.250940,64504.46,22.3,40,10.8,0,19,1,4,97,0,-0.9659258262890684,0.2588190451025203,0.8660254037844387,-0.4999999999999998,0.7818314824680298,0.6234898018587336,62230.09,59277.3,59988.09,60752.14,48514.12,62362.85,60258.700000000004,57747.90666666667,54324.119166666664
2026-04-07 20:32:26.250940,65128.1,20.9,44,8.3,0,20,1,4,97,0,-0.8660254037844386,0.5000000000000001,0.8660254037844387,-0.4999999999999998,0.7818314824680298,0.6234898018587336,64504.46,62230.09,59277.3,60039.32,50891.34,63614.04,60884.08666666667,59080.435,54413.35291666666
2026-04-07 21:32:26.250940,64066.06,19.4,46,6.2,0,21,1,4,97,0,-0.7071067811865477,0.7071067811865474,0.8660254037844387,-0.4999999999999998,0.7818314824680298,0.6234898018587336,65128.1,64504.46,62230.09,59265.26,48482.4,62012.34,61732.21666666667,60266.831666666665,54476.43875
2026-04-07 22:32:26.250940,46127.05,17.9,53,6.1,0,22,1,4,97,0,-0.5000000000000004,0.8660254037844384,0.8660254037844387,-0.4999999999999998,0.7818314824680298,0.6234898018587336,64066.06,65128.1,64504.46,59988.09,61852.62,46010.62,62532.35,61565.47,54562.010416666664
2026-04-07 23:32:26.250940,46553.74,16.8,56,5.4,0,23,1,4,97,0,-0.25881904510252157,0.9659258262890681,0.8660254037844387,-0.4999999999999998,0.7818314824680298,0.6234898018587336,46127.05,64066.06,65128.1,59277.3,60801.62,47057.65,60222.176666666666,60255.005833333336,54566.861666666664
2026-04-08 00:32:26.250940,47815.19,15.9,55,2.2,0,0,2,4,98,0,0.0,1.0,0.8660254037844387,-0.4999999999999998,0.9749279121818236,-0.22252093395631434,46553.74,46127.05,64066.06,62230.09,60880.58,45997.63,58101.583333333336,59067.6825,54545.86541666667
2026-04-08 01:32:26.250940,45975.84,14.9,53,2.9,0,1,2,4,98,0,0.25881904510252074,0.9659258262890683,0.8660254037844387,-0.4999999999999998,0.9749279121818236,-0.22252093395631434,47815.19,46553.74,46127.05,64504.46,60752.14,47141.72,55699.1,57978.899999999994,54621.597083333334
2026-04-08 02:32:26.250940,45808.66,14.2,54,2.6,0,2,2,4,98,0,0.49999999999999994,0.8660254037844387,0.8660254037844387,-0.4999999999999998,0.9749279121818236,-0.22252093395631434,45975.84,47815.19,46553.74,65128.1,60039.32,46579.47,52610.996666666666,56747.54166666666,54573.018749999996
2026-04-08 03:32:26.250940,46243.45,13.4,57,2.7,0,3,2,4,98,0,0.7071067811865476,0.7071067811865476,0.8660254037844387,-0.4999999999999998,0.9749279121818236,-0.22252093395631434,45808.66,45975.84,47815.19,64066.06,59265.26,45653.0,49391.09,55561.65333333333,54540.901666666665
2026-04-08 04:32:26.250940,46609.04,11.7,67,1.9,0,4,2,4,98,0,0.8660254037844386,0.5000000000000001,0.8660254037844387,-0.4999999999999998,0.9749279121818236,-0.22252093395631434,46243.45,45808.66,45975.84,46127.05,59988.09,47896.53,46420.655,54476.5025,54565.503749999996
2026-04-08 05:32:26.250940,46483.48,11.4,65,2.4,0,5,2,4,98,0,0.9659258262890683,0.25881904510252074,0.8660254037844387,-0.4999999999999998,0.9749279121818236,-0.22252093395631434,46609.04,46243.45,45808.66,46553.74,59277.3,47749.08,46500.98666666667,53361.581666666665,54511.85833333334
2026-04-08 06:32:26.250940,48142.98,10.7,69,2.5,0,6,2,4,98,0,1.0,6.123233995736766e-17,0.8660254037844387,-0.4999999999999998,0.9749279121818236,-0.22252093395631434,46483.48,46609.04,46243.45,47815.19,62230.09,48729.05,46489.276666666665,52295.42999999999,54459.125
2026-04-08 07:32:26.250940,48423.05,10.8,67,1.9,0,7,2,4,98,0,0.9659258262890683,-0.25881904510252063,0.8660254037844387,-0.4999999999999998,0.9749279121818236,-0.22252093395631434,48142.98,46483.48,46609.04,45975.84,64504.46,48514.12,46543.90833333333,51121.50416666667,54434.705416666664
2026-04-08 08:32:26.250940,50937.02,11.9,65,1.8,0,8,2,4,98,0,0.8660254037844387,-0.4999999999999998,0.8660254037844387,-0.4999999999999998,0.9749279121818236,-0.22252093395631434,48423.05,48142.98,46483.48,45808.66,65128.1,50891.34,46951.77666666667,49781.386666666665,54430.91083333333
2026-04-08 09:32:26.250940,48114.5,13.9,55,3.5,0,9,2,4,98,0,0.7071067811865476,-0.7071067811865475,0.8660254037844387,-0.4999999999999998,0.9749279121818236,-0.22252093395631434,50937.02,48423.05,48142.98,46243.45,64066.06,48482.4,47806.503333333334,48598.79666666667,54432.81416666667
2026-04-08 10:32:26.250940,59154.18,17.0,45,3.1,0,10,2,4,98,0,0.49999999999999994,-0.8660254037844387,0.8660254037844387,-0.4999999999999998,0.9749279121818236,-0.22252093395631434,48114.5,50937.02,48423.05,46609.04,46127.05,61852.62,48118.345,47269.5,54417.48499999999
2026-04-08 11:32:26.250940,61989.67,18.9,41,4.2,0,11,2,4,98,0,0.258819045102521,-0.9659258262890682,0.8660254037844387,-0.4999999999999998,0.9749279121818236,-0.22252093395631434,59154.18,48114.5,50937.02,46483.48,46553.74,60801.62,50209.20166666667,48355.09416666667,54305.049999999996
2026-04-08 12:32:26.250940,59872.0,20.9,37,5.2,0,12,2,4,98,0,1.2246467991473532e-16,-1.0,0.8660254037844387,-0.4999999999999998,0.9749279121818236,-0.22252093395631434,61989.67,59154.18,48114.5,48142.98,47815.19,60880.58,52793.56666666667,49641.42166666667,54354.552083333336
2026-04-08 13:32:26.250940,61084.26,23.0,32,5.1,0,13,2,4,98,0,-0.2588190451025208,-0.9659258262890683,0.8660254037844387,-0.4999999999999998,0.9749279121818236,-0.22252093395631434,59872.0,61989.67,59154.18,48423.05,45975.84,60752.14,54748.40333333334,50646.15583333333,54312.52791666667
2026-04-08 14:32:26.250940,58736.65,24.3,29,5.1,0,14,2,4,98,0,-0.4999999999999997,-0.8660254037844388,0.8660254037844387,-0.4999999999999998,0.9749279121818236,-0.22252093395631434,61084.26,59872.0,61989.67,50937.02,45808.66,60039.32,56858.60499999999,51905.190833333334,54326.36625
2026-04-08 15:32:26.250940,58714.73,25.2,27,6.1,0,15,2,4,98,0,-0.7071067811865471,-0.7071067811865479,0.8660254037844387,-0.4999999999999998,0.9749279121818236,-0.22252093395631434,58736.65,61084.26,59872.0,48114.5,46243.45,59265.26,58158.543333333335,52982.52333333334,54272.08833333334
2026-04-08 16:32:26.250940,62080.17,25.5,28,5.9,0,16,2,4,98,0,-0.8660254037844385,-0.5000000000000004,0.8660254037844387,-0.4999999999999998,0.9749279121818236,-0.22252093395631434,58714.73,58736.65,61084.26,59154.18,46609.04,59988.09,59925.24833333333,54021.79666666667,54249.14958333334
2026-04-08 17:32:26.250940,60974.83,25.5,27,5.9,0,17,2,4,98,0,-0.9659258262890683,-0.25881904510252063,0.8660254037844387,-0.4999999999999998,0.9749279121818236,-0.22252093395631434,62080.17,58714.73,58736.65,61989.67,46483.48,59277.3,60412.91333333334,55311.057499999995,54336.31958333333
2026-04-08 18:32:26.250940,63873.72,25.0,26,6.6,0,18,2,4,98,0,-1.0,-1.8369701987210297e-16,0.8660254037844387,-0.4999999999999998,0.9749279121818236,-0.22252093395631434,60974.83,62080.17,58714.73,59872.0,48142.98,62230.09,60243.77333333334,56518.670000000006,54407.049999999996
2026-04-08 19:32:26.250940,63287.44,23.9,31,6.2,0,19,2,4,98,0,-0.9659258262890684,0.2588190451025203,0.8660254037844387,-0.4999999999999998,0.9749279121818236,-0.22252093395631434,63873.72,60974.83,62080.17,61084.26,48423.05,64504.46,60910.72666666668,57829.565,54475.53458333333
2026-04-08 20:32:26.250940,64986.64,22.3,37,5.0,0,20,2,4,98,0,-0.8660254037844386,0.5000000000000001,0.8660254037844387,-0.4999999999999998,0.9749279121818236,-0.22252093395631434,63287.44,63873.72,60974.83,58736.65,50937.02,65128.1,61277.92333333334,59068.26416666666,54424.82541666666
2026-04-08 21:32:26.250940,62934.73,20.8,43,3.7,0,21,2,4,98,0,-0.7071067811865477,0.7071067811865474,0.8660254037844387,-0.4999999999999998,0.9749279121818236,-0.22252093395631434,64986.64,63287.44,63873.72,58714.73,48114.5,64066.06,62319.58833333334,60239.06583333333,54418.93125
2026-04-08 22:32:26.250940,46501.44,19.2,52,2.9,0,22,2,4,98,0,-0.5000000000000004,0.8660254037844384,0.8660254037844387,-0.4999999999999998,0.9749279121818236,-0.22252093395631434,62934.73,64986.64,63287.44,62080.17,59154.18,46127.05,63022.92166666667,61474.085,54371.7925
2026-04-08 23:32:26.250940,45569.07,17.8,58,2.2,0,23,2,4,98,0,-0.25881904510252157,0.9659258262890681,0.8660254037844387,-0.4999999999999998,0.9749279121818236,-0.22252093395631434,46501.44,62934.73,64986.64,60974.83,61989.67,46553.74,60426.46666666667,60419.69,54387.39208333333
2026-04-09 00:32:26.250940,46416.52,16.2,66,2.9,0,0,3,4,99,0,0.0,1.0,0.8660254037844387,-0.4999999999999998,0.43388373911755823,-0.900968867902419,45569.07,46501.44,62934.73,63873.72,59872.0,47815.19,57858.840000000004,59051.306666666664,54346.364166666666
2026-04-09 01:32:26.250940,46241.02,14.9,75,2.1,0,1,3,4,99,0,0.25881904510252074,0.9659258262890683,0.8660254037844387,-0.4999999999999998,0.43388373911755823,-0.900968867902419,46416.52,45569.07,46501.44,63287.44,61084.26,45975.84,54949.306666666664,57930.01666666666,54288.08625
2026-04-09 02:32:26.250940,45903.71,14.5,76,1.8,0,2,3,4,99,0,0.49999999999999994,0.8660254037844387,0.8660254037844387,-0.4999999999999998,0.43388373911755823,-0.900968867902419,46241.02,46416.52,45569.07,64986.64,58736.65,45808.66,52108.236666666664,56693.079999999994,54299.135416666664
2026-04-09 03:32:26.250940,46221.51,13.9,77,1.8,0,3,3,4,99,0,0.7071067811865476,0.7071067811865476,0.8660254037844387,-0.4999999999999998,0.43388373911755823,-0.900968867902419,45903.71,46241.02,46416.52,62934.73,58714.73,46243.45,48927.74833333333,55623.668333333335,54303.09583333333
2026-04-09 04:32:26.250940,46901.1,12.7,87,1.3,0,4,3,4,99,0,0.8660254037844386,0.5000000000000001,0.8660254037844387,-0.4999999999999998,0.43388373911755823,-0.900968867902419,46221.51,45903.71,46241.02,46501.44,62080.17,46609.04,46142.21166666667,54582.56666666666,54302.18166666667
2026-04-09 05:32:26.250940,47023.91,12.2,89,1.5,0,5,3,4,99,0,0.9659258262890683,0.25881904510252074,0.8660254037844387,-0.4999999999999998,0.43388373911755823,-0.900968867902419,46901.1,46221.51,45903.71,45569.07,60974.83,46483.48,46208.82166666666,53317.644166666665,54314.35083333333
2026-04-09 06:32:26.250940,50348.78,11.7,89,1.5,0,6,3,4,99,0,1.0,6.123233995736766e-17,0.8660254037844387,-0.4999999999999998,0.43388373911755823,-0.900968867902419,47023.91,46901.1,46221.51,46416.52,63873.72,48142.98,46451.295000000006,52155.0675,54336.86875
2026-04-09 07:32:26.250940,50647.1,11.3,96,2.0,54,7,3,4,99,0,0.9659258262890683,-0.25881904510252063,0.8660254037844387,-0.4999999999999998,0.43388373911755823,-0.900968867902419,50348.78,47023.91,46901.1,46241.02,63287.44,48423.05,47106.67166666667,51027.989166666666,54428.77708333334
2026-04-09 08:32:26.250940,49262.84,12.5,91,1.5,0,8,3,4,99,0,0.8660254037844387,-0.4999999999999998,0.8660254037844387,-0.4999999999999998,0.43388373911755823,-0.900968867902419,50647.1,50348.78,47023.91,45903.71,64986.64,50937.02,47841.01833333333,49974.6275,54521.44583333333
2026-04-09 09:32:26.250940,49935.49,14.7,78,2.3,0,9,3,4,99,0,0.7071067811865476,-0.7071067811865475,0.8660254037844387,-0.4999999999999998,0.43388373911755823,-0.900968867902419,49262.84,50647.1,50348.78,46221.51,62934.73,48114.5,48400.87333333333,48664.31083333333,54451.68833333333
2026-04-09 10:32:26.250940,60983.94,18.6,56,1.8,0,10,3,4,99,0,0.49999999999999994,-0.8660254037844387,0.8660254037844387,-0.4999999999999998,0.43388373911755823,-0.900968867902419,49935.49,49262.84,50647.1,46901.1,46501.44,59154.18,49019.869999999995,47581.04083333333,54527.56291666667
2026-04-09 11:32:26.250940,59746.91,21.1,48,4.0,0,11,3,4,99,0,0.258819045102521,-0.9659258262890682,0.8660254037844387,-0.4999999999999998,0.43388373911755823,-0.900968867902419,60983.94,49935.49,49262.84,47023.91,45569.07,61989.67,51367.01,48787.91583333333,54603.80291666667
2026-04-09 12:32:26.250940,59097.04,23.4,40,4.3,0,12,3,4,99,0,1.2246467991473532e-16,-1.0,0.8660254037844387,-0.4999999999999998,0.43388373911755823,-0.900968867902419,59746.91,60983.94,49935.49,50348.78,46416.52,59872.0,53487.51,49969.4025,54510.354583333334
2026-04-09 13:32:26.250940,58981.32,25.0,35,5.7,39,13,3,4,99,0,-0.2588190451025208,-0.9659258262890683,0.8660254037844387,-0.4999999999999998,0.43388373911755823,-0.900968867902419,59097.04,59746.91,60983.94,50647.1,46241.02,61084.26,54945.55333333334,51026.112499999996,54478.064583333326
2026-04-09 14:32:26.250940,61526.89,26.2,35,6.8,91,14,3,4,99,0,-0.4999999999999997,-0.8660254037844388,0.8660254037844387,-0.4999999999999998,0.43388373911755823,-0.900968867902419,58981.32,59097.04,59746.91,49262.84,45903.71,58736.65,56334.59,52087.80416666666,54390.44208333333
2026-04-09 15:32:26.250940,62265.51,27.0,30,8.7,82,15,3,4,99,0,-0.7071067811865471,-0.7071067811865479,0.8660254037844387,-0.4999999999999998,0.43388373911755823,-0.900968867902419,61526.89,58981.32,59097.04,49935.49,46221.51,58714.73,58378.598333333335,53389.73583333333,54506.70208333334
2026-04-09 16:32:26.250940,60083.48,26.7,31,11.3,100,16,3,4,99,0,-0.8660254037844385,-0.5000000000000004,0.8660254037844387,-0.4999999999999998,0.43388373911755823,-0.900968867902419,62265.51,61526.89,58981.32,60983.94,46901.1,62080.17,60433.60166666666,54726.73583333333,54654.65125
2026-04-09 17:32:26.250940,58904.76,26.3,34,10.0,100,17,3,4,99,0,-0.9659258262890683,-0.25881904510252063,0.8660254037844387,-0.4999999999999998,0.43388373911755823,-0.900968867902419,60083.48,62265.51,61526.89,59746.91,47023.91,60974.83,60283.525,55825.267499999994,54571.45583333334
2026-04-09 18:32:26.250940,63406.53,25.0,39,13.6,100,18,3,4,99,0,-1.0,-1.8369701987210297e-16,0.8660254037844387,-0.4999999999999998,0.43388373911755823,-0.900968867902419,58904.76,60083.48,62265.51,59097.04,50348.78,63873.72,60143.166666666664,56815.338333333326,54485.20291666667
2026-04-09 19:32:26.250940,61615.16,23.6,43,18.5,100,19,3,4,99,0,-0.9659258262890684,0.2588190451025203,0.8660254037844387,-0.4999999999999998,0.43388373911755823,-0.900968867902419,63406.53,58904.76,60083.48,58981.32,50647.1,63287.44,60861.41500000001,57903.48416666667,54465.73666666667
2026-04-09 20:32:26.250940,62655.9,19.8,59,16.8,100,20,3,4,99,0,-0.8660254037844386,0.5000000000000001,0.8660254037844387,-0.4999999999999998,0.43388373911755823,-0.900968867902419,61615.16,63406.53,58904.76,61526.89,49262.84,64986.64,61300.388333333336,58817.489166666666,54396.05833333334
2026-04-09 21:32:26.250940,62561.52,17.1,71,15.5,100,21,3,4,99,0,-0.7071067811865477,0.7071067811865474,0.8660254037844387,-0.4999999999999998,0.43388373911755823,-0.900968867902419,62655.9,61615.16,63406.53,62265.51,49935.49,62934.73,61488.55666666667,59933.57750000001,54298.94416666666
2026-04-09 22:32:26.250940,47586.78,15.5,60,18.6,100,22,3,4,99,0,-0.5000000000000004,0.8660254037844384,0.8660254037844387,-0.4999999999999998,0.43388373911755823,-0.900968867902419,62561.52,62655.9,61615.16,60083.48,60983.94,46501.44,61537.89166666666,60985.746666666666,54283.393749999996
2026-04-09 23:32:26.250940,47719.66,13.7,68,17.1,100,23,3,4,99,0,-0.25881904510252157,0.9659258262890681,0.8660254037844387,-0.4999999999999998,0.43388373911755823,-0.900968867902419,47586.78,62561.52,62655.9,58904.76,59746.91,45569.07,59455.10833333334,59869.31666666667,54328.61625
2026-04-10 00:32:26.250940,47329.79,12.7,61,16.4,6,0,4,4,100,0,0.0,1.0,0.8660254037844387,-0.4999999999999998,-0.433883739117558,-0.9009688679024191,47719.66,47586.78,62561.52,63406.53,59097.04,46416.52,57590.924999999996,58867.04583333334,54418.22416666666
2026-04-10 01:32:26.250940,46882.43,12.1,65,14.7,100,1,4,4,100,0,0.25881904510252074,0.9659258262890683,0.8660254037844387,-0.4999999999999998,-0.433883739117558,-0.9009688679024191,47329.79,47719.66,47586.78,61615.16,58981.32,46241.02,54911.46833333333,57886.44166666667,54456.27708333333
2026-04-10 02:32:26.250940,47374.61,11.1,70,13.8,100,2,4,4,100,0,0.49999999999999994,0.8660254037844387,0.8660254037844387,-0.4999999999999998,-0.433883739117558,-0.9009688679024191,46882.43,47329.79,47719.66,62655.9,61526.89,45903.71,52456.013333333336,56878.200833333336,54483.0025
2026-04-10 03:32:26.250940,46960.03,10.4,73,13.4,100,3,4,4,100,0,0.7071067811865476,0.7071067811865476,0.8660254037844387,-0.4999999999999998,-0.433883739117558,-0.9009688679024191,47374.61,46882.43,47329.79,62561.52,62265.51,46221.51,49909.13166666666,55698.84416666667,54544.29
2026-04-10 04:32:26.250940,46332.82,9.8,72,12.2,100,4,4,4,100,0,0.8660254037844386,0.5000000000000001,0.8660254037844387,-0.4999999999999998,-0.433883739117558,-0.9009688679024191,46960.03,47374.61,46882.43,47586.78,60083.48,46901.1,47308.88333333333,54423.387500000004,54575.06166666667
2026-04-10 05:32:26.250940,45487.25,9.4,71,11.6,100,5,4,4,100,0,0.9659258262890683,0.25881904510252074,0.8660254037844387,-0.4999999999999998,-0.433883739117558,-0.9009688679024191,46332.82,46960.03,47374.61,47719.66,58904.76,47023.91,47099.88999999999,53277.49916666667,54551.38333333333
2026-04-10 06:32:26.250940,50149.11,9.2,67,11.3,100,6,4,4,100,0,1.0,6.123233995736766e-17,0.8660254037844387,-0.4999999999999998,-0.433883739117558,-0.9009688679024191,45487.25,46332.82,46960.03,47329.79,63406.53,50348.78,46727.82166666666,52159.37333333333,54487.355833333335
2026-04-10 07:32:26.250940,50847.09,8.9,68,8.8,100,7,4,4,100,0,0.9659258262890683,-0.25881904510252063,0.8660254037844387,-0.4999999999999998,-0.433883739117558,-0.9009688679024191,50149.11,45487.25,46332.82,46882.43,61615.16,50647.1,47197.708333333336,51054.58833333334,54479.03625
2026-04-10 08:32:26.250940,49004.81,9.3,65,7.6,88,8,4,4,100,0,0.8660254037844387,-0.4999999999999998,0.8660254037844387,-0.4999999999999998,-0.433883739117558,-0.9009688679024191,50847.09,50149.11,45487.25,47374.61,62655.9,49262.84,47858.48499999999,50157.24916666667,54487.36916666667
2026-04-10 09:32:26.250940,50794.31,10.2,61,6.8,27,9,4,4,100,0,0.7071067811865476,-0.7071067811865475,0.8660254037844387,-0.4999999999999998,-0.433883739117558,-0.9009688679024191,49004.81,50847.09,50149.11,46960.03,62561.52,49935.49,48130.185,49019.658333333326,54476.61791666667
2026-04-10 10:32:26.250940,60739.12,11.6,52,7.3,53,10,4,4,100,0,0.49999999999999994,-0.8660254037844387,0.8660254037844387,-0.4999999999999998,-0.433883739117558,-0.9009688679024191,50794.31,49004.81,50847.09,46332.82,47586.78,60983.94,48769.23166666667,48039.0575,54512.40208333333
2026-04-10 11:32:26.250940,60709.4,12.5,47,5.4,81,11,4,4,100,0,0.258819045102521,-0.9659258262890682,0.8660254037844387,-0.4999999999999998,-0.433883739117558,-0.9009688679024191,60739.12,50794.31,49004.81,45487.25,47719.66,59746.91,51170.28166666667,49135.08583333334,54502.201250000006
2026-04-10 12:32:26.250940,61384.43,13.7,42,4.7,68,12,4,4,100,0,1.2246467991473532e-16,-1.0,0.8660254037844387,-0.4999999999999998,-0.433883739117558,-0.9009688679024191,60709.4,60739.12,50794.31,50149.11,47329.79,59097.04,53707.306666666664,50217.56416666667,54542.30499999999
2026-04-10 13:32:26.250940,59786.35,14.9,40,2.4,97,13,4,4,100,0,-0.2588190451025208,-0.9659258262890683,0.8660254037844387,-0.4999999999999998,-0.433883739117558,-0.9009688679024191,61384.43,60709.4,60739.12,50847.09,46882.43,58981.32,55579.86000000001,51388.78416666666,54637.61291666667
2026-04-10 14:32:26.250940,60384.61,15.8,39,1.1,94,14,4,4,100,0,-0.4999999999999997,-0.8660254037844388,0.8660254037844387,-0.4999999999999998,-0.433883739117558,-0.9009688679024191,59786.35,61384.43,60709.4,49004.81,47374.61,61526.89,57069.736666666664,52464.11083333334,54671.15583333333
2026-04-10 15:32:26.250940,60633.78,16.2,34,1.0,100,15,4,4,100,0,-0.7071067811865471,-0.7071067811865479,0.8660254037844387,-0.4999999999999998,-0.433883739117558,-0.9009688679024191,60384.61,59786.35,61384.43,50794.31,46960.03,62265.51,58966.369999999995,53548.277500000004,54623.56083333333
2026-04-10 16:32:26.250940,60066.45,16.4,38,4.5,100,16,4,4,100,0,-0.8660254037844385,-0.5000000000000004,0.8660254037844387,-0.4999999999999998,-0.433883739117558,-0.9009688679024191,60633.78,60384.61,59786.35,60739.12,46332.82,60083.48,60606.28166666667,54687.75666666666,54555.57208333333
2026-04-10 17:32:26.250940,61369.11,16.3,32,5.7,100,17,4,4,100,0,-0.9659258262890683,-0.25881904510252063,0.8660254037844387,-0.4999999999999998,-0.433883739117558,-0.9009688679024191,60066.45,60633.78,60384.61,60709.4,45487.25,58904.76,60494.170000000006,55832.22583333334,54554.862499999996
2026-04-10 18:32:26.250940,62162.34,16.1,35,8.0,94,18,4,4,100,0,-1.0,-1.8369701987210297e-16,0.8660254037844387,-0.4999999999999998,-0.433883739117558,-0.9009688679024191,61369.11,60066.45,60633.78,61384.43,50149.11,63406.53,60604.121666666666,57155.714166666665,54657.54374999999
2026-04-10 19:32:26.250940,64842.46,14.8,47,10.1,74,19,4,4,100,0,-0.9659258262890684,0.2588190451025203,0.8660254037844387,-0.4999999999999998,-0.433883739117558,-0.9009688679024191,62162.34,61369.11,60066.45,59786.35,50847.09,61615.16,60733.77333333332,58156.81666666666,54605.70249999999
2026-04-10 20:32:26.250940,64963.77,14.0,42,7.2,67,20,4,4,100,0,-0.8660254037844386,0.5000000000000001,0.8660254037844387,-0.4999999999999998,-0.433883739117558,-0.9009688679024191,64842.46,62162.34,61369.11,60384.61,49004.81,62655.9,61576.458333333336,59323.097499999996,54740.17333333333
2026-04-10 21:32:26.250940,64026.01,13.8,40,8.9,87,21,4,4,100,0,-0.7071067811865477,0.7071067811865474,0.8660254037844387,-0.4999999999999998,-0.433883739117558,-0.9009688679024191,64963.77,64842.46,62162.34,60633.78,50794.31,62561.52,62339.65166666667,60653.010833333334,54836.33458333334
2026-04-10 22:32:26.250940,45838.49,13.0,46,10.4,100,22,4,4,100,0,-0.5000000000000004,0.8660254037844384,0.8660254037844387,-0.4999999999999998,-0.433883739117558,-0.9009688679024191,64026.01,64963.77,64842.46,60066.45,60739.12,47586.78,62905.02333333332,61755.6525,54897.355
2026-04-10 23:32:26.250940,46845.46,12.2,51,10.0,100,23,4,4,100,0,-0.25881904510252157,0.9659258262890681,0.8660254037844387,-0.4999999999999998,-0.433883739117558,-0.9009688679024191,45838.49,64026.01,64963.77,61369.11,60709.4,47719.66,60533.696666666656,60513.93333333333,54824.50958333333
2026-04-11 00:32:26.250940,43684.28,11.7,56,9.9,100,0,5,4,101,1,0.0,1.0,0.8660254037844387,-0.4999999999999998,-0.9749279121818236,-0.2225209339563146,46845.46,45838.49,64026.01,62162.34,61384.43,47329.79,58113.088333333326,59358.605,54788.08458333334
2026-04-11 01:32:26.250940,43752.17,11.4,62,10.4,100,1,5,4,101,1,0.25881904510252074,0.9659258262890683,0.8660254037844387,-0.4999999999999998,-0.9749279121818236,-0.2225209339563146,43684.28,46845.46,45838.49,64842.46,59786.35,46882.43,55033.411666666674,57883.5925,54636.18833333333
2026-04-11 02:32:26.250940,43496.34,11.0,66,9.7,100,2,5,4,101,1,0.49999999999999994,0.8660254037844387,0.8660254037844387,-0.4999999999999998,-0.9749279121818236,-0.2225209339563146,43752.17,43684.28,46845.46,64963.77,60384.61,47374.61,51518.363333333335,56547.410833333335,54505.76083333333
2026-04-11 03:32:26.250940,42741.77,10.9,69,9.2,100,3,5,4,101,1,0.7071067811865476,0.7071067811865476,0.8660254037844387,-0.4999999999999998,-0.9749279121818236,-0.2225209339563146,43496.34,43752.17,43684.28,64026.01,60633.78,46960.03,47940.458333333336,55140.05499999999,54344.16625
2026-04-11 04:32:26.250940,43185.2,10.9,70,9.2,100,4,5,4,101,1,0.8660254037844386,0.5000000000000001,0.8660254037844387,-0.4999999999999998,-0.9749279121818236,-0.2225209339563146,42741.77,43496.34,43752.17,45838.49,60066.45,46332.82,44393.085,53649.05416666667,54168.40541666667
2026-04-11 05:32:26.250940,43203.39,10.9,71,9.2,100,5,5,4,101,1,0.9659258262890683,0.25881904510252074,0.8660254037844387,-0.4999999999999998,-0.9749279121818236,-0.2225209339563146,43185.2,42741.77,43496.34,46845.46,61369.11,45487.25,43950.869999999995,52242.283333333326,54037.25458333333
2026-04-11 06:32:26.250940,44855.75,10.8,73,9.9,95,6,5,4,101,1,1.0,6.123233995736766e-17,0.8660254037844387,-0.4999999999999998,-0.9749279121818236,-0.2225209339563146,43203.39,43185.2,42741.77,43684.28,62162.34,50149.11,43343.85833333333,50728.47333333333,53942.09375
2026-04-11 07:32:26.250940,46619.55,11.1,74,10.4,24,7,5,4,101,1,0.9659258262890683,-0.25881904510252063,0.8660254037844387,-0.4999999999999998,-0.9749279121818236,-0.2225209339563146,44855.75,43203.39,43185.2,43752.17,64842.46,50847.09,43539.10333333333,49286.2575,53721.537083333336
2026-04-11 08:32:26.250940,46683.71,12.1,74,11.4,100,8,5,4,101,1,0.8660254037844387,-0.4999999999999998,0.8660254037844387,-0.4999999999999998,-0.9749279121818236,-0.2225209339563146,46619.55,44855.75,43203.39,43496.34,64963.77,49004.81,44017.0,47767.68166666667,53545.38958333333
2026-04-11 09:32:26.250940,46903.62,13.1,76,9.0,100,9,5,4,101,1,0.7071067811865476,-0.7071067811865475,0.8660254037844387,-0.4999999999999998,-0.9749279121818236,-0.2225209339563146,46683.71,46619.55,44855.75,42741.77,64026.01,50794.31,44548.22833333333,46244.34333333333,53448.677083333336
2026-04-11 10:32:26.250940,56930.64,14.6,71,9.0,100,10,5,4,101,1,0.49999999999999994,-0.8660254037844387,0.8660254037844387,-0.4999999999999998,-0.9749279121818236,-0.2225209339563146,46903.62,46683.71,46619.55,43185.2,45838.49,60739.12,45241.869999999995,44817.4775,53286.565
2026-04-11 11:32:26.250940,56647.17,16.2,73,13.0,100,11,5,4,101,1,0.258819045102521,-0.9659258262890682,0.8660254037844387,-0.4999999999999998,-0.9749279121818236,-0.2225209339563146,56930.64,46903.62,46683.71,43203.39,46845.46,60709.4,47532.776666666665,45741.823333333334,53127.878333333334
2026-04-11 12:32:26.250940,56714.56,16.4,71,13.0,100,12,5,4,101,1,1.2246467991473532e-16,-1.0,0.8660254037844387,-0.4999999999999998,-0.9749279121818236,-0.2225209339563146,56647.17,56930.64,46903.62,44855.75,43684.28,61384.43,49773.40666666667,46558.6325,52958.61875
2026-04-11 13:32:26.250940,56975.22,15.7,73,13.0,100,13,5,4,101,1,-0.2588190451025208,-0.9659258262890683,0.8660254037844387,-0.4999999999999998,-0.9749279121818236,-0.2225209339563146,56714.56,56647.17,56930.64,46619.55,43752.17,59786.35,51749.875,47644.489166666666,52764.04083333333
2026-04-11 14:32:26.250940,55249.3,16.0,69,12.9,100,14,5,4,101,1,-0.4999999999999997,-0.8660254037844388,0.8660254037844387,-0.4999999999999998,-0.9749279121818236,-0.2225209339563146,56975.22,56714.56,56647.17,46683.71,43496.34,60384.61,53475.82000000001,48746.41,52646.91041666667
2026-04-11 15:32:26.250940,55251.37,12.1,67,18.4,100,15,5,4,101,1,-0.7071067811865471,-0.7071067811865479,0.8660254037844387,-0.4999999999999998,-0.9749279121818236,-0.2225209339563146,55249.3,56975.22,56714.56,46903.62,42741.77,60633.78,54903.418333333335,49725.823333333334,52432.93916666667
2026-04-11 16:32:26.250940,56180.55,11.0,69,16.0,100,16,5,4,101,1,-0.8660254037844385,-0.5000000000000004,0.8660254037844387,-0.4999999999999998,-0.9749279121818236,-0.2225209339563146,55251.37,55249.3,56975.22,56930.64,43185.2,60066.45,56294.71,50768.29000000001,52208.67208333333
2026-04-11 17:32:26.250940,54469.45,10.0,70,15.1,100,17,5,4,101,1,-0.9659258262890683,-0.25881904510252063,0.8660254037844387,-0.4999999999999998,-0.9749279121818236,-0.2225209339563146,56180.55,55251.37,55249.3,56647.17,43203.39,61369.11,56169.695,51851.23583333333,52046.75958333333
2026-04-11 18:32:26.250940,58638.94,9.7,74,11.5,100,18,5,4,101,1,-1.0,-1.8369701987210297e-16,0.8660254037844387,-0.4999999999999998,-0.9749279121818236,-0.2225209339563146,54469.45,56180.55,55251.37,56714.56,44855.75,62162.34,55806.74166666667,52790.074166666665,51759.27375
2026-04-11 19:32:26.250940,59349.06,9.9,67,5.0,100,19,5,4,101,1,-0.9659258262890684,0.2588190451025203,0.8660254037844387,-0.4999999999999998,-0.9749279121818236,-0.2225209339563146,58638.94,54469.45,56180.55,56975.22,46619.55,64842.46,56127.47166666667,53938.67333333333,51612.465416666666
2026-04-11 20:32:26.250940,58048.94,9.8,69,5.7,100,20,5,4,101,1,-0.8660254037844386,0.5000000000000001,0.8660254037844387,-0.4999999999999998,-0.9749279121818236,-0.2225209339563146,59349.06,58638.94,54469.45,55249.3,46683.71,64963.77,56523.111666666664,54999.46583333334,51383.57375
2026-04-11 21:32:26.250940,59153.54,9.5,71,5.9,100,21,5,4,101,1,-0.7071067811865477,0.7071067811865474,0.8660254037844387,-0.4999999999999998,-0.9749279121818236,-0.2225209339563146,58048.94,59349.06,58638.94,55251.37,46903.62,64026.01,56989.71833333333,55946.56833333333,51095.45583333333
2026-04-11 22:32:26.250940,42936.5,9.1,75,7.4,100,22,5,4,101,1,-0.5000000000000004,0.8660254037844384,0.8660254037844387,-0.4999999999999998,-0.9749279121818236,-0.2225209339563146,59153.54,58048.94,59349.06,56180.55,56930.64,45838.49,57640.079999999994,56967.395,50892.43625
2026-04-11 23:32:26.250940,42837.67,8.8,80,6.9,100,23,5,4,101,1,-0.25881904510252157,0.9659258262890681,0.8660254037844387,-0.4999999999999998,-0.9749279121818236,-0.2225209339563146,42936.5,59153.54,58048.94,54469.45,56647.17,46845.46,55432.738333333335,55801.21666666667,50771.52
2026-04-12 00:32:26.250940,42287.71,8.6,82,6.3,100,0,6,4,102,1,0.0,1.0,0.8660254037844387,-0.4999999999999998,-0.7818314824680299,0.6234898018587334,42837.67,42936.5,59153.54,58638.94,56714.56,43684.28,53494.10833333334,54650.42500000001,50604.52875
2026-04-12 01:32:26.250940,42565.62,8.5,82,6.4,100,1,6,4,102,1,0.25881904510252074,0.9659258262890683,0.8660254037844387,-0.4999999999999998,-0.7818314824680299,0.6234898018587334,42287.71,42837.67,42936.5,59349.06,56975.22,43752.17,50768.90333333333,53448.1875,50546.33833333334
2026-04-12 02:32:26.250940,42158.0,8.2,81,6.9,100,2,6,4,102,1,0.49999999999999994,0.8660254037844387,0.8660254037844387,-0.4999999999999998,-0.7818314824680299,0.6234898018587334,42565.62,42287.71,42837.67,58048.94,55249.3,43496.34,47971.66333333333,52247.387500000004,50496.89875
2026-04-12 03:32:26.250940,43664.25,8.3,73,6.1,90,3,6,4,102,1,0.7071067811865476,0.7071067811865476,0.8660254037844387,-0.4999999999999998,-0.7818314824680299,0.6234898018587334,42158.0,42565.62,42287.71,59153.54,55251.37,42741.77,45323.17333333333,51156.44583333333,50441.13458333333
2026-04-12 04:32:26.250940,43783.9,7.5,78,5.8,100,4,6,4,102,1,0.8660254037844386,0.5000000000000001,0.8660254037844387,-0.4999999999999998,-0.7818314824680299,0.6234898018587334,43664.25,42158.0,42565.62,42936.5,56180.55,43185.2,42741.625,50190.8525,50479.57125
2026-04-12 05:32:26.250940,42760.75,6.9,80,6.6,100,5,6,4,102,1,0.9659258262890683,0.25881904510252074,0.8660254037844387,-0.4999999999999998,-0.7818314824680299,0.6234898018587334,43783.9,43664.25,42158.0,42837.67,54469.45,43203.39,42882.85833333334,49157.79833333334,50504.51708333334
2026-04-12 06:32:26.250940,44208.84,6.5,80,6.9,100,6,6,4,102,1,1.0,6.123233995736766e-17,0.8660254037844387,-0.4999999999999998,-0.7818314824680299,0.6234898018587334,42760.75,43783.9,43664.25,42287.71,58638.94,44855.75,42870.03833333334,48182.073333333334,50486.07375
2026-04-12 07:32:26.250940,44299.73,6.3,81,7.2,100,7,6,4,102,1,0.9659258262890683,-0.25881904510252063,0.8660254037844387,-0.4999999999999998,-0.7818314824680299,0.6234898018587334,44208.84,42760.75,43783.9,42565.62,59349.06,46619.55,43190.22666666667,46979.565,50459.119166666664
2026-04-12 08:32:26.250940,45390.67,7.1,78,7.2,84,8,6,4,102,1,0.8660254037844387,-0.4999999999999998,0.8660254037844387,-0.4999999999999998,-0.7818314824680299,0.6234898018587334,44299.73,44208.84,42760.75,42158.0,58048.94,46683.71,43479.244999999995,45725.45416666667,50362.46
2026-04-12 09:32:26.250940,45591.67,8.7,72,5.3,100,9,6,4,102,1,0.7071067811865476,-0.7071067811865475,0.8660254037844387,-0.4999999999999998,-0.7818314824680299,0.6234898018587334,45390.67,44299.73,44208.84,43664.25,59153.54,46903.62,44018.02333333334,44670.598333333335,50308.583333333336
2026-04-12 10:32:26.250940,56894.27,10.6,69,8.3,100,10,6,4,102,1,0.49999999999999994,-0.8660254037844387,0.8660254037844387,-0.4999999999999998,-0.7818314824680299,0.6234898018587334,45591.67,45390.67,44299.73,43783.9,42936.5,56930.64,44339.26,43540.4425,50253.918750000004
2026-04-12 11:32:26.250940,57003.56,12.2,59,9.6,100,11,6,4,102,1,0.258819045102521,-0.9659258262890682,0.8660254037844387,-0.4999999999999998,-0.7818314824680299,0.6234898018587334,56894.27,45591.67,45390.67,42760.75,42837.67,56647.17,46524.32166666666,44703.59,50252.40333333333
2026-04-12 12:32:26.250940,56290.68,13.0,54,9.7,100,12,6,4,102,1,1.2246467991473532e-16,-1.0,0.8660254037844387,-0.4999999999999998,-0.7818314824680299,0.6234898018587334,57003.56,56894.27,45591.67,44208.84,42287.71,56714.56,48898.12333333333,45884.08083333333,50267.25291666667
2026-04-12 13:32:26.250940,56504.6,13.5,53,9.7,100,13,6,4,102,1,-0.2588190451025208,-0.9659258262890683,0.8660254037844387,-0.4999999999999998,-0.7818314824680299,0.6234898018587334,56290.68,57003.56,56894.27,44299.73,42565.62,56975.22,50911.76333333333,47050.994999999995,50249.59125
2026-04-12 14:32:26.250940,56291.2,13.7,53,9.5,100,14,6,4,102,1,-0.4999999999999997,-0.8660254037844388,0.8660254037844387,-0.4999999999999998,-0.7818314824680299,0.6234898018587334,56504.6,56290.68,57003.56,45390.67,42158.0,55249.3,52945.90833333333,48212.57666666666,50229.98208333333
2026-04-12 15:32:26.250940,56377.07,14.3,50,8.9,99,15,6,4,102,1,-0.7071067811865471,-0.7071067811865479,0.8660254037844387,-0.4999999999999998,-0.7818314824680299,0.6234898018587334,56291.2,56504.6,56290.68,45591.67,43664.25,55251.37,54762.66333333334,49390.34333333333,50273.394583333335
2026-04-12 16:32:26.250940,54845.17,14.5,49,7.6,100,16,6,4,102,1,-0.8660254037844385,-0.5000000000000004,0.8660254037844387,-0.4999999999999998,-0.7818314824680299,0.6234898018587334,56377.07,56291.2,56504.6,56894.27,43783.9,56180.55,56560.23,50449.744999999995,50320.298749999994
2026-04-12 17:32:26.250940,54808.45,14.3,49,9.1,100,17,6,4,102,1,-0.9659258262890683,-0.25881904510252063,0.8660254037844387,-0.4999999999999998,-0.7818314824680299,0.6234898018587334,54845.17,56377.07,56291.2,57003.56,42760.75,54469.45,56218.71333333334,51371.517499999994,50264.65791666667
2026-04-12 18:32:26.250940,58346.62,14.2,48,7.6,100,18,6,4,102,1,-1.0,-1.8369701987210297e-16,0.8660254037844387,-0.4999999999999998,-0.7818314824680299,0.6234898018587334,54808.45,54845.17,56377.07,56290.68,44208.84,58638.94,55852.86166666667,52375.49249999999,50278.78291666667
2026-04-12 19:32:26.250940,58484.24,13.3,52,8.7,100,19,6,4,102,1,-0.9659258262890684,0.2588190451025203,0.8660254037844387,-0.4999999999999998,-0.7818314824680299,0.6234898018587334,58346.62,54808.45,54845.17,56504.6,44299.73,59349.06,56195.51833333333,53553.64083333333,50266.60291666666
2026-04-12 20:32:26.250940,59074.33,12.9,52,6.5,100,20,6,4,102,1,-0.8660254037844386,0.5000000000000001,0.8660254037844387,-0.4999999999999998,-0.7818314824680299,0.6234898018587334,58484.24,58346.62,54808.45,56291.2,45390.67,58048.94,56525.458333333336,54735.68333333333,50230.56875
2026-04-12 21:32:26.250940,58205.83,12.6,53,4.8,100,21,6,4,102,1,-0.7071067811865477,0.7071067811865474,0.8660254037844387,-0.4999999999999998,-0.7818314824680299,0.6234898018587334,59074.33,58484.24,58346.62,56377.07,45591.67,59153.54,56989.31333333333,55875.988333333335,50273.293333333335
2026-04-12 22:32:26.250940,43155.36,11.9,59,2.2,100,22,6,4,102,1,-0.5000000000000004,0.8660254037844384,0.8660254037844387,-0.4999999999999998,-0.7818314824680299,0.6234898018587334,58205.83,59074.33,58484.24,54845.17,56894.27,42936.5,57294.10666666667,56927.168333333335,50233.80541666667
2026-04-12 23:32:26.250940,44279.63,11.1,66,2.7,100,23,6,4,102,1,-0.25881904510252157,0.9659258262890681,0.8660254037844387,-0.4999999999999998,-0.7818314824680299,0.6234898018587334,43155.36,58205.83,59074.33,54808.45,57003.56,42837.67,55345.80499999999,55782.25916666666,50242.92458333333
2026-04-13 00:32:26.250940,46452.72,10.2,70,3.6,100,0,0,4,103,0,0.0,1.0,0.8660254037844387,-0.4999999999999998,0.0,1.0,44279.63,43155.36,58205.83,58346.62,56290.68,42287.71,53591.00166666667,54721.931666666664,50303.006250000006
2026-04-13 01:32:26.250940,46285.28,9.5,76,1.9,100,1,0,4,103,0,0.25881904510252074,0.9659258262890683,0.8660254037844387,-0.4999999999999998,0.0,1.0,46452.72,44279.63,43155.36,58484.24,56504.6,42565.62,51608.685,53902.10166666666,50476.54833333333
2026-04-13 02:32:26.250940,46693.44,9.1,77,2.2,100,2,0,4,103,0,0.49999999999999994,0.8660254037844387,0.8660254037844387,-0.4999999999999998,0.0,1.0,46285.28,46452.72,44279.63,59074.33,56291.2,42158.0,49575.524999999994,53050.49166666667,50631.53416666667
2026-04-13 03:32:26.250940,45679.67,8.8,77,3.0,100,3,0,4,103,0,0.7071067811865476,0.7071067811865476,0.8660254037844387,-0.4999999999999998,0.0,1.0,46693.44,46285.28,46452.72,58205.83,56377.07,43664.25,47512.043333333335,52250.67833333334,50820.510833333334
2026-04-13 04:32:26.250940,46153.88,8.6,79,4.7,100,4,0,4,103,0,0.8660254037844386,0.5000000000000001,0.8660254037844387,-0.4999999999999998,0.0,1.0,45679.67,46693.44,46285.28,43155.36,54845.17,43783.9,45424.35,51359.22833333333,50904.486666666664
2026-04-13 05:32:26.250940,47126.04,8.6,76,3.6,100,5,0,4,103,0,0.9659258262890683,0.25881904510252074,0.8660254037844387,-0.4999999999999998,0.0,1.0,46153.88,45679.67,46693.44,44279.63,54808.45,42760.75,45924.10333333333,50634.95416666666,51003.23583333333
2026-04-13 06:32:26.250940,48727.55,8.6,76,1.6,100,6,0,4,103,0,1.0,6.123233995736766e-17,0.8660254037844387,-0.4999999999999998,0.0,1.0,47126.04,46153.88,45679.67,46452.72,58346.62,44208.84,46398.505,49994.753333333334,51185.12291666667
2026-04-13 07:32:26.250940,50188.76,8.9,78,1.8,100,7,0,4,103,0,0.9659258262890683,-0.25881904510252063,0.8660254037844387,-0.4999999999999998,0.0,1.0,48727.55,47126.04,46153.88,46285.28,58484.24,44299.73,46777.64333333333,49193.16416666668,51373.402500000004
2026-04-13 08:32:26.250940,50677.08,9.0,80,4.4,100,8,0,4,103,0,0.8660254037844387,-0.4999999999999998,0.8660254037844387,-0.4999999999999998,0.0,1.0,50188.76,48727.55,47126.04,46693.44,59074.33,45390.67,47428.22333333333,48501.87416666667,51618.77875
2026-04-13 09:32:26.250940,48175.62,9.8,76,2.3,100,9,0,4,103,0,0.7071067811865476,-0.7071067811865475,0.8660254037844387,-0.4999999999999998,0.0,1.0,50677.08,50188.76,48727.55,45679.67,58205.83,45591.67,48092.16333333333,47802.10333333333,51839.04583333333
2026-04-13 10:32:26.250940,61187.05,11.3,69,1.6,100,10,0,4,103,0,0.49999999999999994,-0.8660254037844387,0.8660254037844387,-0.4999999999999998,0.0,1.0,48175.62,50677.08,50188.76,46153.88,43155.36,56894.27,48508.155,46966.2525,51946.71041666667
2026-04-13 11:32:26.250940,59590.01,12.8,63,3.8,99,11,0,4,103,0,0.258819045102521,-0.9659258262890682,0.8660254037844387,-0.4999999999999998,0.0,1.0,61187.05,48175.62,50677.08,47126.04,44279.63,57003.56,51013.68333333334,48468.89333333334,52125.576250000006
2026-04-13 12:32:26.250940,58882.11,13.4,62,4.8,100,12,0,4,103,0,1.2246467991473532e-16,-1.0,0.8660254037844387,-0.4999999999999998,0.0,1.0,59590.01,61187.05,48175.62,48727.55,46452.72,56290.68,53091.011666666665,49744.75833333334,52233.344999999994
2026-04-13 13:32:26.250940,58689.21,13.9,47,6.9,100,13,0,4,103,0,-0.2588190451025208,-0.9659258262890683,0.8660254037844387,-0.4999999999999998,0.0,1.0,58882.11,59590.01,61187.05,50188.76,46285.28,56504.6,54783.43833333333,50780.54083333334,52341.32125
2026-04-13 14:32:26.250940,59706.47,12.8,68,15.6,100,14,0,4,103,0,-0.4999999999999997,-0.8660254037844388,0.8660254037844387,-0.4999999999999998,0.0,1.0,58689.21,58882.11,59590.01,50677.08,46693.44,56291.2,56200.18,51814.20166666667,52432.34666666667
2026-04-13 15:32:26.250940,62248.69,13.4,56,7.1,100,15,0,4,103,0,-0.7071067811865471,-0.7071067811865479,0.8660254037844387,-0.4999999999999998,0.0,1.0,59706.47,58689.21,58882.11,48175.62,45679.67,56377.07,57705.07833333333,52898.62083333333,52574.649583333325
2026-04-13 16:32:26.250940,61465.69,13.7,56,12.6,100,16,0,4,103,0,-0.8660254037844385,-0.5000000000000004,0.8660254037844387,-0.4999999999999998,0.0,1.0,62248.69,59706.47,58689.21,61187.05,46153.88,54845.17,60050.59,54279.372500000005,52819.30041666667
2026-04-13 17:32:26.250940,60116.69,11.2,71,14.2,100,17,0,4,103,0,-0.9659258262890683,-0.25881904510252063,0.8660254037844387,-0.4999999999999998,0.0,1.0,61465.69,62248.69,59706.47,59590.01,47126.04,54808.45,60097.03,55555.35666666667,53095.15541666667
2026-04-13 18:32:26.250940,63884.04,11.4,67,10.0,76,18,0,4,103,0,-1.0,-1.8369701987210297e-16,0.8660254037844387,-0.4999999999999998,0.0,1.0,60116.69,61465.69,62248.69,58882.11,48727.55,58346.62,60184.81,56637.910833333335,53316.332083333335
2026-04-13 19:32:26.250940,64728.51,11.6,65,9.7,52,19,0,4,103,0,-0.9659258262890684,0.2588190451025203,0.8660254037844387,-0.4999999999999998,0.0,1.0,63884.04,60116.69,61465.69,58689.21,50188.76,58484.24,61018.465000000004,57900.95166666666,53547.05791666667
2026-04-13 20:32:26.250940,61852.82,10.8,72,7.8,17,20,0,4,103,0,-0.8660254037844386,0.5000000000000001,0.8660254037844387,-0.4999999999999998,0.0,1.0,64728.51,63884.04,60116.69,59706.47,50677.08,59074.33,62025.01500000001,59112.597499999996,53807.23583333334
2026-04-13 21:32:26.250940,65090.96,10.1,76,4.5,0,21,0,4,103,0,-0.7071067811865477,0.7071067811865474,0.8660254037844387,-0.4999999999999998,0.0,1.0,61852.82,64728.51,63884.04,62248.69,48175.62,58205.83,62382.74000000001,60043.90916666667,53923.006250000006
2026-04-13 22:32:26.250940,47759.89,9.7,79,2.3,44,22,0,4,103,0,-0.5000000000000004,0.8660254037844384,0.8660254037844387,-0.4999999999999998,0.0,1.0,65090.96,61852.82,64728.51,61465.69,61187.05,43155.36,62856.45166666667,61453.520833333336,54209.886666666665
2026-04-13 23:32:26.250940,45444.98,9.3,82,2.6,33,23,0,4,103,0,-0.25881904510252157,0.9659258262890681,0.8660254037844387,-0.4999999999999998,0.0,1.0,47759.89,65090.96,61852.82,60116.69,59590.01,44279.63,60572.15166666667,60334.59083333333,54401.74208333334
2026-04-14 00:32:26.250940,46083.34,8.8,87,3.8,5,0,1,4,104,0,0.0,1.0,0.8660254037844387,-0.4999999999999998,0.7818314824680298,0.6234898018587336,45444.98,47759.89,65090.96,63884.04,58882.11,46452.72,58126.86666666667,59155.83833333334,54450.29833333333
2026-04-14 01:32:26.250940,46154.08,8.2,90,3.0,36,1,1,4,104,0,0.25881904510252074,0.9659258262890683,0.8660254037844387,-0.4999999999999998,0.7818314824680298,0.6234898018587336,46083.34,45444.98,47759.89,64728.51,58689.21,46285.28,55160.083333333336,58089.27416666666,54434.9075
2026-04-14 02:32:26.250940,46009.04,7.9,91,2.2,44,2,1,4,104,0,0.49999999999999994,0.8660254037844387,0.8660254037844387,-0.4999999999999998,0.7818314824680298,0.6234898018587336,46154.08,46083.34,45444.98,61852.82,59706.47,46693.44,52064.344999999994,57044.68,54429.440833333334
2026-04-14 03:32:26.250940,47165.43,7.5,92,2.5,0,3,1,4,104,0,0.7071067811865476,0.7071067811865476,0.8660254037844387,-0.4999999999999998,0.7818314824680298,0.6234898018587336,46009.04,46154.08,46083.34,65090.96,62248.69,45679.67,49423.715,55903.2275,54400.924166666664
2026-04-14 04:32:26.250940,45425.78,6.6,93,1.6,0,4,1,4,104,0,0.8660254037844386,0.5000000000000001,0.8660254037844387,-0.4999999999999998,0.7818314824680298,0.6234898018587336,47165.43,46009.04,46154.08,47759.89,61465.69,46153.88,46436.12666666667,54646.28916666666,54462.83083333334
2026-04-14 05:32:26.250940,47510.36,6.2,95,1.8,0,5,1,4,104,0,0.9659258262890683,0.25881904510252074,0.8660254037844387,-0.4999999999999998,0.7818314824680298,0.6234898018587336,45425.78,47165.43,46009.04,45444.98,60116.69,47126.04,46047.10833333334,53309.630000000005,54432.49333333334
2026-04-14 06:32:26.250940,48683.19,5.0,100,2.1,100,6,1,4,104,0,1.0,6.123233995736766e-17,0.8660254037844387,-0.4999999999999998,0.7818314824680298,0.6234898018587336,47510.36,45425.78,47165.43,46083.34,63884.04,48727.55,46391.33833333334,52259.1025,54448.50666666666
2026-04-14 07:32:26.250940,49179.47,5.2,100,1.8,95,7,1,4,104,0,0.9659258262890683,-0.25881904510252063,0.8660254037844387,-0.4999999999999998,0.7818314824680298,0.6234898018587336,48683.19,47510.36,45425.78,46154.08,64728.51,50188.76,46824.64666666667,50992.365,54446.658333333326
2026-04-14 08:32:26.250940,48166.64,5.9,99,0.4,99,8,1,4,104,0,0.8660254037844387,-0.4999999999999998,0.8660254037844387,-0.4999999999999998,0.7818314824680298,0.6234898018587336,49179.47,48683.19,47510.36,46009.04,61852.82,50677.08,47328.878333333334,49696.61166666667,54404.60458333334
2026-04-14 09:32:26.250940,48804.27,8.7,85,2.6,40,9,1,4,104,0,0.7071067811865476,-0.7071067811865475,0.8660254037844387,-0.4999999999999998,0.7818314824680298,0.6234898018587336,48166.64,49179.47,48683.19,47165.43,65090.96,48175.62,47688.47833333333,48556.09666666666,54300.00291666667
2026-04-14 10:32:26.250940,60388.93,12.5,55,3.7,0,10,1,4,104,0,0.49999999999999994,-0.8660254037844387,0.8660254037844387,-0.4999999999999998,0.7818314824680298,0.6234898018587336,48804.27,48166.64,49179.47,45425.78,47759.89,61187.05,47961.61833333334,47198.8725,54326.19666666666
2026-04-14 11:32:26.250940,59486.47,14.0,49,5.7,16,11,1,4,104,0,0.258819045102521,-0.9659258262890682,0.8660254037844387,-0.4999999999999998,0.7818314824680298,0.6234898018587336,60388.93,48804.27,48166.64,47510.36,45444.98,59590.01,50455.47666666666,48251.2925,54292.94166666666
2026-04-14 12:32:26.250940,59646.18,15.3,43,5.4,8,12,1,4,104,0,1.2246467991473532e-16,-1.0,0.8660254037844387,-0.4999999999999998,0.7818314824680298,0.6234898018587336,59486.47,60388.93,48804.27,48683.19,46083.34,58882.11,52451.495,49421.416666666664,54288.627499999995
2026-04-14 13:32:26.250940,60851.97,16.5,37,6.9,47,13,1,4,104,0,-0.2588190451025208,-0.9659258262890683,0.8660254037844387,-0.4999999999999998,0.7818314824680298,0.6234898018587336,59646.18,59486.47,60388.93,49179.47,46154.08,58689.21,54278.66,50551.65333333334,54320.46375
2026-04-14 14:32:26.250940,59802.61,17.2,34,6.9,2,14,1,4,104,0,-0.4999999999999997,-0.8660254037844388,0.8660254037844387,-0.4999999999999998,0.7818314824680298,0.6234898018587336,60851.97,59646.18,59486.47,48166.64,46009.04,59706.47,56224.07666666666,51776.4775,54410.57875000001
2026-04-14 15:32:26.250940,60883.11,17.7,35,8.5,44,15,1,4,104,0,-0.7071067811865471,-0.7071067811865479,0.8660254037844387,-0.4999999999999998,0.7818314824680298,0.6234898018587336,59802.61,60851.97,59646.18,48804.27,47165.43,62248.69,58163.405,52925.94166666667,54414.58458333334
2026-04-14 16:32:26.250940,59285.77,17.9,30,7.6,21,16,1,4,104,0,-0.8660254037844385,-0.5000000000000004,0.8660254037844387,-0.4999999999999998,0.7818314824680298,0.6234898018587336,60883.11,59802.61,60851.97,60388.93,45425.78,61465.69,60176.545000000006,54069.081666666665,54357.68541666667
2026-04-14 17:32:26.250940,61864.54,18.0,32,8.1,6,17,1,4,104,0,-0.9659258262890683,-0.25881904510252063,0.8660254037844387,-0.4999999999999998,0.7818314824680298,0.6234898018587336,59285.77,60883.11,59802.61,59486.47,47510.36,60116.69,59992.685,55224.08083333333,54266.855416666665
2026-04-14 18:32:26.250940,61701.56,17.6,32,7.2,3,18,1,4,104,0,-1.0,-1.8369701987210297e-16,0.8660254037844387,-0.4999999999999998,0.7818314824680298,0.6234898018587336,61864.54,59285.77,60883.11,59646.18,48683.19,63884.04,60389.03,56420.262500000004,54339.6825
2026-04-14 19:32:26.250940,61855.25,17.1,31,8.6,0,19,1,4,104,0,-0.9659258262890684,0.2588190451025203,0.8660254037844387,-0.4999999999999998,0.7818314824680298,0.6234898018587336,61701.56,61864.54,59285.77,60851.97,49179.47,64728.51,60731.59333333333,57505.12666666667,54248.74583333333
2026-04-14 20:32:26.250940,65000.97,16.2,35,8.6,7,20,1,4,104,0,-0.8660254037844386,0.5000000000000001,0.8660254037844387,-0.4999999999999998,0.7818314824680298,0.6234898018587336,61855.25,61701.56,61864.54,59802.61,48166.64,61852.82,60898.80666666667,58561.44166666666,54129.026666666665
2026-04-14 21:32:26.250940,63881.0,15.3,39,5.4,25,21,1,4,104,0,-0.7071067811865477,0.7071067811865474,0.8660254037844387,-0.4999999999999998,0.7818314824680298,0.6234898018587336,65000.97,61855.25,61701.56,60883.11,48804.27,65090.96,61765.19999999999,59964.30249999999,54260.19958333333
2026-04-14 22:32:26.250940,46728.84,14.0,45,5.0,11,22,1,4,104,0,-0.5000000000000004,0.8660254037844384,0.8660254037844387,-0.4999999999999998,0.7818314824680298,0.6234898018587336,63881.0,65000.97,61855.25,59285.77,60388.93,47759.89,62264.84833333333,61220.69666666666,54209.78458333333
2026-04-14 23:32:26.250940,46632.1,13.1,49,5.9,0,23,1,4,104,0,-0.25881904510252157,0.9659258262890681,0.8660254037844387,-0.4999999999999998,0.7818314824680298,0.6234898018587336,46728.84,63881.0,65000.97,61864.54,59486.47,45444.98,60172.026666666665,60082.355833333335,54166.824166666665
2026-04-15 00:32:26.250940,46600.26,12.3,57,6.1,0,0,2,4,105,0,0.0,1.0,0.8660254037844387,-0.4999999999999998,0.9749279121818236,-0.22252093395631434,46632.1,46728.84,63881.0,61701.56,59646.18,46083.34,57633.28666666666,59011.15833333333,54216.287500000006
2026-04-15 01:32:26.250940,45366.88,11.2,56,7.0,10,1,2,4,105,0,0.25881904510252074,0.9659258262890683,0.8660254037844387,-0.4999999999999998,0.9749279121818236,-0.22252093395631434,46600.26,46632.1,46728.84,61855.25,60851.97,46154.08,55116.40333333333,57923.99833333333,54237.825833333336
2026-04-15 02:32:26.250940,46994.78,10.7,60,7.4,0,2,2,4,105,0,0.49999999999999994,0.8660254037844387,0.8660254037844387,-0.4999999999999998,0.9749279121818236,-0.22252093395631434,45366.88,46600.26,46632.1,65000.97,59802.61,46009.04,52368.34166666667,56633.574166666665,54205.025833333326
2026-04-15 03:32:26.250940,45595.04,10.2,63,7.1,1,3,2,4,105,0,0.7071067811865476,0.7071067811865476,0.8660254037844387,-0.4999999999999998,0.9749279121818236,-0.22252093395631434,46994.78,45366.88,46600.26,63881.0,60883.11,47165.43,49367.31,55566.255000000005,54246.098333333335
2026-04-15 04:32:26.250940,45799.53,9.6,65,8.5,68,4,2,4,105,0,0.8660254037844386,0.5000000000000001,0.8660254037844387,-0.4999999999999998,0.9749279121818236,-0.22252093395631434,45595.04,46994.78,45366.88,46728.84,59285.77,45425.78,46319.649999999994,54292.24916666667,54180.66541666666
2026-04-15 05:32:26.250940,46511.88,9.4,66,8.2,3,5,2,4,105,0,0.9659258262890683,0.25881904510252074,0.8660254037844387,-0.4999999999999998,0.9749279121818236,-0.22252093395631434,45799.53,45595.04,46994.78,46632.1,61864.54,47510.36,46164.76499999999,53168.395833333336,54196.238333333335
2026-04-15 06:32:26.250940,49280.87,8.9,69,7.2,10,6,2,4,105,0,1.0,6.123233995736766e-17,0.8660254037844387,-0.4999999999999998,0.9749279121818236,-0.22252093395631434,46511.88,45799.53,45595.04,46600.26,61701.56,48683.19,46144.72833333333,51889.0075,54154.635
2026-04-15 07:32:26.250940,50783.19,9.1,69,8.9,60,7,2,4,105,0,0.9659258262890683,-0.25881904510252063,0.8660254037844387,-0.4999999999999998,0.9749279121818236,-0.22252093395631434,49280.87,46511.88,45799.53,45366.88,61855.25,49179.47,46591.496666666666,50853.950000000004,54179.53833333334
2026-04-15 08:32:26.250940,48452.72,10.1,64,9.5,0,8,2,4,105,0,0.8660254037844387,-0.4999999999999998,0.8660254037844387,-0.4999999999999998,0.9749279121818236,-0.22252093395631434,50783.19,49280.87,46511.88,46994.78,65000.97,48166.64,47494.215,49931.27833333333,54246.35999999999
2026-04-15 09:32:26.250940,50544.27,11.9,58,9.8,36,9,2,4,105,0,0.7071067811865476,-0.7071067811865475,0.8660254037844387,-0.4999999999999998,0.9749279121818236,-0.22252093395631434,48452.72,50783.19,49280.87,45595.04,63881.0,48804.27,47737.204999999994,48552.25750000001,54258.28
2026-04-15 10:32:26.250940,60185.69,14.7,45,11.3,91,10,2,4,105,0,0.49999999999999994,-0.8660254037844387,0.8660254037844387,-0.4999999999999998,0.9749279121818236,-0.22252093395631434,50544.27,48452.72,50783.19,45799.53,46728.84,60388.93,48562.07666666666,47440.863333333335,54330.78
2026-04-15 11:32:26.250940,58990.67,16.3,43,11.9,100,11,2,4,105,0,0.258819045102521,-0.9659258262890682,0.8660254037844387,-0.4999999999999998,0.9749279121818236,-0.22252093395631434,60185.69,50544.27,48452.72,46511.88,46632.1,59486.47,50959.77,48562.267499999994,54322.31166666667
2026-04-15 12:32:26.250940,59381.76,17.1,42,13.6,100,12,2,4,105,0,1.2246467991473532e-16,-1.0,0.8660254037844387,-0.4999999999999998,0.9749279121818236,-0.22252093395631434,58990.67,60185.69,50544.27,49280.87,46600.26,59646.18,53039.56833333333,49592.14833333334,54301.65333333334
2026-04-15 13:32:26.250940,62020.75,18.3,41,13.8,97,13,2,4,105,0,-0.2588190451025208,-0.9659258262890683,0.8660254037844387,-0.4999999999999998,0.9749279121818236,-0.22252093395631434,59381.76,58990.67,60185.69,50783.19,45366.88,60851.97,54723.049999999996,50657.27333333334,54290.635833333334
2026-04-15 14:32:26.250940,60246.06,18.7,46,13.8,100,14,2,4,105,0,-0.4999999999999997,-0.8660254037844388,0.8660254037844387,-0.4999999999999998,0.9749279121818236,-0.22252093395631434,62020.75,59381.76,58990.67,48452.72,46994.78,59802.61,56595.97666666666,52045.09583333333,54339.335
2026-04-15 15:32:26.250940,59641.12,18.5,53,14.8,100,15,2,4,105,0,-0.7071067811865471,-0.7071067811865479,0.8660254037844387,-0.4999999999999998,0.9749279121818236,-0.22252093395631434,60246.06,62020.75,59381.76,50544.27,45595.04,60883.11,58561.53333333333,53149.36916666667,54357.81208333333
2026-04-15 16:32:26.250940,60921.77,18.1,56,14.0,80,16,2,4,105,0,-0.8660254037844385,-0.5000000000000004,0.8660254037844387,-0.4999999999999998,0.9749279121818236,-0.22252093395631434,59641.12,60246.06,62020.75,60185.69,45799.53,59285.77,60077.674999999996,54319.87583333333,54306.0625
2026-04-15 17:32:26.250940,60218.2,18.8,56,12.4,76,17,2,4,105,0,-0.9659258262890683,-0.25881904510252063,0.8660254037844387,-0.4999999999999998,0.9749279121818236,-0.22252093395631434,60921.77,59641.12,60246.06,58990.67,46511.88,61864.54,60200.355,55580.0625,54374.229166666664
2026-04-15 18:32:26.250940,63533.58,19.0,53,12.5,100,18,2,4,105,0,-1.0,-1.8369701987210297e-16,0.8660254037844387,-0.4999999999999998,0.9749279121818236,-0.22252093395631434,60218.2,60921.77,59641.12,59381.76,49280.87,61701.56,60404.943333333336,56722.255833333336,54305.63166666666
2026-04-15 19:32:26.250940,62324.88,18.2,60,10.7,83,19,2,4,105,0,-0.9659258262890684,0.2588190451025203,0.8660254037844387,-0.4999999999999998,0.9749279121818236,-0.22252093395631434,63533.58,60218.2,60921.77,62020.75,50783.19,61855.25,61096.91333333333,57909.98166666667,54381.96583333334
2026-04-15 20:32:26.250940,63132.25,17.4,65,11.4,94,20,2,4,105,0,-0.8660254037844386,0.5000000000000001,0.8660254037844387,-0.4999999999999998,0.9749279121818236,-0.22252093395631434,62324.88,63533.58,60218.2,60246.06,48452.72,65000.97,61147.60166666666,58871.78916666666,54401.53375
2026-04-15 21:32:26.250940,62953.87,17.0,67,9.2,100,21,2,4,105,0,-0.7071067811865477,0.7071067811865474,0.8660254037844387,-0.4999999999999998,0.9749279121818236,-0.22252093395631434,63132.25,62324.88,63533.58,59641.12,50544.27,63881.0,61628.63333333333,60095.083333333336,54323.67041666667
2026-04-15 22:32:26.250940,46840.98,16.4,72,8.2,99,22,2,4,105,0,-0.5000000000000004,0.8660254037844384,0.8660254037844387,-0.4999999999999998,0.9749279121818236,-0.22252093395631434,62953.87,63132.25,62324.88,60921.77,60185.69,46728.84,62180.75833333333,61129.21666666667,54285.04000000001
2026-04-15 23:32:26.250940,46452.12,16.1,72,8.6,91,23,2,4,105,0,-0.25881904510252157,0.9659258262890681,0.8660254037844387,-0.4999999999999998,0.9749279121818236,-0.22252093395631434,46840.98,62953.87,63132.25,60218.2,58990.67,46632.1,59833.96,60017.157499999994,54289.7125
2026-04-16 00:32:26.250940,47561.77,15.5,68,10.5,31,0,3,4,106,0,0.0,1.0,0.8660254037844387,-0.4999999999999998,0.43388373911755823,-0.900968867902419,46452.12,46840.98,62953.87,63533.58,59381.76,46600.26,57539.613333333335,58972.27833333333,54282.213333333326
2026-04-16 01:32:26.250940,45928.98,14.2,76,9.5,74,1,3,4,106,0,0.25881904510252074,0.9659258262890683,0.8660254037844387,-0.4999999999999998,0.43388373911755823,-0.900968867902419,47561.77,46452.12,46840.98,62324.88,62020.75,45366.88,54877.645,57987.27916666667,54322.276249999995
2026-04-16 02:32:26.250940,46286.02,13.2,79,8.0,50,2,3,4,106,0,0.49999999999999994,0.8660254037844387,0.8660254037844387,-0.4999999999999998,0.43388373911755823,-0.900968867902419,45928.98,47561.77,46452.12,63132.25,60246.06,46994.78,52144.995,56646.29833333333,54345.69708333333
2026-04-16 03:32:26.250940,47813.91,12.4,81,7.3,0,3,3,4,106,0,0.7071067811865476,0.7071067811865476,0.8660254037844387,-0.4999999999999998,0.43388373911755823,-0.900968867902419,46286.02,45928.98,47561.77,62953.87,59641.12,45595.04,49337.29,55482.96166666666,54316.16541666666
2026-04-16 04:32:26.250940,46689.09,11.5,85,8.4,0,4,3,4,106,0,0.8660254037844386,0.5000000000000001,0.8660254037844387,-0.4999999999999998,0.43388373911755823,-0.900968867902419,47813.91,46286.02,45928.98,46840.98,60921.77,45799.53,46813.96333333334,54497.36083333333,54408.618333333325
2026-04-16 05:32:26.250940,46212.93,10.8,86,6.1,15,5,3,4,106,0,0.9659258262890683,0.25881904510252074,0.8660254037844387,-0.4999999999999998,0.43388373911755823,-0.900968867902419,46689.09,47813.91,46286.02,46452.12,60218.2,46511.88,46788.64833333334,53311.30416666667,54445.68333333333
2026-04-16 06:32:26.250940,50305.66,10.1,88,3.7,32,6,3,4,106,0,1.0,6.123233995736766e-17,0.8660254037844387,-0.4999999999999998,0.43388373911755823,-0.900968867902419,46212.93,46689.09,47813.91,47561.77,63533.58,49280.87,46748.78333333333,52144.198333333334,54433.22708333333
2026-04-16 07:32:26.250940,49947.63,10.4,85,5.6,100,7,3,4,106,0,0.9659258262890683,-0.25881904510252063,0.8660254037844387,-0.4999999999999998,0.43388373911755823,-0.900968867902419,50305.66,46212.93,46689.09,45928.98,62324.88,50783.19,47206.098333333335,51041.87166666667,54475.926666666666
2026-04-16 08:32:26.250940,49277.68,10.8,82,7.2,98,8,3,4,106,0,0.8660254037844387,-0.4999999999999998,0.8660254037844387,-0.4999999999999998,0.43388373911755823,-0.900968867902419,49947.63,50305.66,46212.93,46286.02,63132.25,48452.72,47875.87333333333,50010.434166666666,54441.111666666664
2026-04-16 09:32:26.250940,50882.03,12.3,74,6.3,66,9,3,4,106,0,0.7071067811865476,-0.7071067811865475,0.8660254037844387,-0.4999999999999998,0.43388373911755823,-0.900968867902419,49277.68,49947.63,50305.66,47813.91,62953.87,50544.27,48374.48333333334,48855.886666666665,54475.48500000001
2026-04-16 10:32:26.250940,61809.62,14.2,65,7.2,99,10,3,4,106,0,0.49999999999999994,-0.8660254037844387,0.8660254037844387,-0.4999999999999998,0.43388373911755823,-0.900968867902419,50882.03,49277.68,49947.63,46689.09,46840.98,60185.69,48885.83666666667,47849.9,54489.55833333333
2026-04-16 11:32:26.250940,60678.63,15.4,57,6.6,92,11,3,4,106,0,0.258819045102521,-0.9659258262890682,0.8660254037844387,-0.4999999999999998,0.43388373911755823,-0.900968867902419,61809.62,50882.03,49277.68,46212.93,46452.12,58990.67,51405.924999999996,49097.286666666674,54557.222083333334
2026-04-16 12:32:26.250940,61545.01,16.5,50,8.7,72,12,3,4,106,0,1.2246467991473532e-16,-1.0,0.8660254037844387,-0.4999999999999998,0.43388373911755823,-0.900968867902419,60678.63,61809.62,50882.03,50305.66,47561.77,59381.76,53816.875,50282.82916666667,54627.55374999999
2026-04-16 13:32:26.250940,59788.28,17.6,44,8.4,96,13,3,4,106,0,-0.2588190451025208,-0.9659258262890683,0.8660254037844387,-0.4999999999999998,0.43388373911755823,-0.900968867902419,61545.01,60678.63,61809.62,49947.63,45928.98,62020.75,55690.1,51448.099166666674,54717.689166666656
2026-04-16 14:32:26.250940,60851.67,18.5,39,9.6,94,14,3,4,106,0,-0.4999999999999997,-0.8660254037844388,0.8660254037844387,-0.4999999999999998,0.43388373911755823,-0.900968867902419,59788.28,61545.01,60678.63,49277.68,46286.02,60246.06,57330.208333333336,52603.04083333333,54624.66958333333
2026-04-16 15:32:26.250940,62296.85,18.9,39,7.3,39,15,3,4,106,0,-0.7071067811865471,-0.7071067811865479,0.8660254037844387,-0.4999999999999998,0.43388373911755823,-0.900968867902419,60851.67,59788.28,61545.01,50882.03,47813.91,59641.12,59259.206666666665,53816.845,54649.90333333334
2026-04-16 16:32:26.250940,61985.17,19.4,35,4.7,35,16,3,4,106,0,-0.8660254037844385,-0.5000000000000004,0.8660254037844387,-0.4999999999999998,0.43388373911755823,-0.900968867902419,62296.85,60851.67,59788.28,61809.62,46689.09,60921.77,61161.676666666666,55023.75666666666,54760.55875
2026-04-16 17:32:26.250940,59589.95,19.4,36,7.1,100,17,3,4,106,0,-0.9659258262890683,-0.25881904510252063,0.8660254037844387,-0.4999999999999998,0.43388373911755823,-0.900968867902419,61985.17,62296.85,60851.67,60678.63,46212.93,60218.2,61190.935,56298.43,54804.86708333332
2026-04-16 18:32:26.250940,64610.61,18.9,38,6.8,99,18,3,4,106,0,-1.0,-1.8369701987210297e-16,0.8660254037844387,-0.4999999999999998,0.43388373911755823,-0.900968867902419,59589.95,61985.17,62296.85,61545.01,50305.66,63533.58,61009.488333333335,57413.181666666664,54778.69
2026-04-16 19:32:26.250940,61700.65,18.3,38,6.1,82,19,3,4,106,0,-0.9659258262890684,0.2588190451025203,0.8660254037844387,-0.4999999999999998,0.43388373911755823,-0.900968867902419,64610.61,59589.95,61985.17,59788.28,49947.63,62324.88,61520.42166666666,58605.26083333333,54823.566249999996
2026-04-16 20:32:26.250940,62853.27,17.3,43,5.7,3,20,3,4,106,0,-0.8660254037844386,0.5000000000000001,0.8660254037844387,-0.4999999999999998,0.43388373911755823,-0.900968867902419,61700.65,64610.61,59589.95,60851.67,49277.68,63132.25,61839.15,59584.67916666667,54797.55666666667
2026-04-16 21:32:26.250940,62685.46,16.4,43,3.6,58,21,3,4,106,0,-0.7071067811865477,0.7071067811865474,0.8660254037844387,-0.4999999999999998,0.43388373911755823,-0.900968867902419,62853.27,61700.65,64610.61,62296.85,50882.03,62953.87,62172.75,60715.97833333333,54785.9325
2026-04-16 22:32:26.250940,48139.15,15.4,55,3.3,100,22,3,4,106,0,-0.5000000000000004,0.8660254037844384,0.8660254037844387,-0.4999999999999998,0.43388373911755823,-0.900968867902419,62685.46,62853.27,61700.65,61985.17,61809.62,46840.98,62237.51833333333,61699.597499999996,54774.74875
2026-04-16 23:32:26.250940,46369.47,14.7,58,2.5,95,23,3,4,106,0,-0.25881904510252157,0.9659258262890681,0.8660254037844387,-0.4999999999999998,0.43388373911755823,-0.900968867902419,48139.15,62685.46,62853.27,59589.95,60678.63,46452.12,59929.848333333335,60560.39166666666,54828.839166666665
2026-04-17 00:32:26.250940,46883.2,14.1,62,1.8,100,0,4,4,107,0,0.0,1.0,0.8660254037844387,-0.4999999999999998,-0.433883739117558,-0.9009688679024191,46369.47,48139.15,62685.46,64610.61,61545.01,47561.77,57726.435,59367.96166666666,54825.395416666666
2026-04-17 01:32:26.250940,47626.8,13.4,66,2.4,100,1,4,4,107,0,0.25881904510252074,0.9659258262890683,0.8660254037844387,-0.4999999999999998,-0.433883739117558,-0.9009688679024191,46883.2,46369.47,48139.15,61700.65,59788.28,45928.98,54771.86666666667,58146.144166666665,54797.121666666666
2026-04-17 02:32:26.250940,47157.86,12.7,70,2.6,93,2,4,4,107,0,0.49999999999999994,0.8660254037844387,0.8660254037844387,-0.4999999999999998,-0.433883739117558,-0.9009688679024191,47626.8,46883.2,46369.47,62853.27,60851.67,46286.02,52426.225,57132.68749999999,54867.864166666666
2026-04-17 03:32:26.250940,45611.91,12.0,73,3.3,100,3,4,4,107,0,0.7071067811865476,0.7071067811865476,0.8660254037844387,-0.4999999999999998,-0.433883739117558,-0.9009688679024191,47157.86,47626.8,46883.2,62685.46,62296.85,47813.91,49810.323333333334,55991.536666666674,54904.190833333334
2026-04-17 04:32:26.250940,45561.67,11.0,80,3.6,98,4,4,4,107,0,0.8660254037844386,0.5000000000000001,0.8660254037844387,-0.4999999999999998,-0.433883739117558,-0.9009688679024191,45611.91,47157.86,47626.8,48139.15,61985.17,46689.09,46964.73166666667,54601.125,54812.44083333333
2026-04-17 05:32:26.250940,46124.17,10.6,81,2.5,3,5,4,4,107,0,0.9659258262890683,0.25881904510252074,0.8660254037844387,-0.4999999999999998,-0.433883739117558,-0.9009688679024191,45561.67,45611.91,47157.86,46369.47,59589.95,46212.93,46535.151666666665,53232.5,54765.465
2026-04-17 06:32:26.250940,50601.73,10.1,83,3.3,0,6,4,4,107,0,1.0,6.123233995736766e-17,0.8660254037844387,-0.4999999999999998,-0.433883739117558,-0.9009688679024191,46124.17,45561.67,45611.91,46883.2,64610.61,50305.66,46494.26833333333,52110.35166666668,54761.76666666667
2026-04-17 07:32:26.250940,49373.78,9.9,83,3.3,8,7,4,4,107,0,0.9659258262890683,-0.25881904510252063,0.8660254037844387,-0.4999999999999998,-0.433883739117558,-0.9009688679024191,50601.73,46124.17,45561.67,47626.8,61700.65,49947.63,47114.02333333334,50942.94500000001,54774.10291666666
2026-04-17 08:32:26.250940,48525.66,10.8,77,5.9,100,8,4,4,107,0,0.8660254037844387,-0.4999999999999998,0.8660254037844387,-0.4999999999999998,-0.433883739117558,-0.9009688679024191,49373.78,50601.73,46124.17,47157.86,62853.27,49277.68,47405.18666666667,49915.70583333333,54750.192500000005
2026-04-17 09:32:26.250940,50063.39,12.5,69,5.0,94,9,4,4,107,0,0.7071067811865476,-0.7071067811865475,0.8660254037844387,-0.4999999999999998,-0.433883739117558,-0.9009688679024191,48525.66,49373.78,50601.73,45611.91,62685.46,50882.03,47633.15333333334,48721.738333333335,54718.85833333333
2026-04-17 10:32:26.250940,59919.11,15.9,53,3.8,80,10,4,4,107,0,0.49999999999999994,-0.8660254037844387,0.8660254037844387,-0.4999999999999998,-0.433883739117558,-0.9009688679024191,50063.39,48525.66,49373.78,45561.67,48139.15,61809.62,48375.06666666667,47669.89916666667,54684.748333333344
2026-04-17 11:32:26.250940,60636.44,17.6,48,3.6,92,11,4,4,107,0,0.258819045102521,-0.9659258262890682,0.8660254037844387,-0.4999999999999998,-0.433883739117558,-0.9009688679024191,59919.11,50063.39,48525.66,46124.17,46369.47,60678.63,50767.97333333333,48651.5625,54605.97708333333
2026-04-17 12:32:26.250940,59609.74,19.0,45,2.6,94,12,4,4,107,0,1.2246467991473532e-16,-1.0,0.8660254037844387,-0.4999999999999998,-0.433883739117558,-0.9009688679024191,60636.44,59919.11,50063.39,50601.73,46883.2,61545.01,53186.685,49840.47666666668,54604.21916666667
2026-04-17 13:32:26.250940,60408.44,20.3,40,1.8,91,13,4,4,107,0,-0.2588190451025208,-0.9659258262890683,0.8660254037844387,-0.4999999999999998,-0.433883739117558,-0.9009688679024191,59609.74,60636.44,59919.11,49373.78,47626.8,59788.28,54688.02000000001,50901.02166666667,54523.582916666666
2026-04-17 14:32:26.250940,58980.41,20.5,38,4.6,100,14,4,4,107,0,-0.4999999999999997,-0.8660254037844388,0.8660254037844387,-0.4999999999999998,-0.433883739117558,-0.9009688679024191,60408.44,59609.74,60636.44,48525.66,47157.86,60851.67,56527.130000000005,51966.15833333333,54549.42291666667
2026-04-17 15:32:26.250940,59991.74,20.1,41,4.7,100,15,4,4,107,0,-0.7071067811865471,-0.7071067811865479,0.8660254037844387,-0.4999999999999998,-0.433883739117558,-0.9009688679024191,58980.41,60408.44,59609.74,50063.39,45611.91,62296.85,58269.588333333326,52951.37083333333,54471.45374999999
2026-04-17 16:32:26.250940,60812.47,20.6,39,2.3,99,16,4,4,107,0,-0.8660254037844385,-0.5000000000000004,0.8660254037844387,-0.4999999999999998,-0.433883739117558,-0.9009688679024191,59991.74,58980.41,60408.44,59919.11,45561.67,61985.17,59924.31333333333,54149.69,54375.4075
2026-04-17 17:32:26.250940,59732.77,21.0,39,1.9,69,17,4,4,107,0,-0.9659258262890683,-0.25881904510252063,0.8660254037844387,-0.4999999999999998,-0.433883739117558,-0.9009688679024191,60812.47,59991.74,58980.41,60636.44,46124.17,59589.95,60073.20666666667,55420.59,54326.545000000006
2026-04-17 18:32:26.250940,65110.71,20.9,39,6.4,100,18,4,4,107,0,-1.0,-1.8369701987210297e-16,0.8660254037844387,-0.4999999999999998,-0.433883739117558,-0.9009688679024191,59732.77,60812.47,59991.74,59609.74,50601.73,64610.61,59922.595,56554.63999999999,54332.49583333333
2026-04-17 19:32:26.250940,62773.03,20.2,43,4.1,100,19,4,4,107,0,-0.9659258262890684,0.2588190451025203,0.8660254037844387,-0.4999999999999998,-0.433883739117558,-0.9009688679024191,65110.71,59732.77,60812.47,60408.44,49373.78,61700.65,60839.42333333333,57763.72166666666,54353.333333333336
2026-04-17 20:32:26.250940,64954.66,19.3,48,6.1,100,20,4,4,107,0,-0.8660254037844386,0.5000000000000001,0.8660254037844387,-0.4999999999999998,-0.433883739117558,-0.9009688679024191,62773.03,65110.71,59732.77,58980.41,48525.66,62853.27,61233.52166666667,58880.32583333333,54398.01583333333
2026-04-17 21:32:26.250940,62032.12,19.1,46,4.3,100,21,4,4,107,0,-0.7071067811865477,0.7071067811865474,0.8660254037844387,-0.4999999999999998,-0.433883739117558,-0.9009688679024191,64954.66,62773.03,65110.71,59991.74,50063.39,62685.46,62229.23,60249.40916666667,54485.57375
2026-04-17 22:32:26.250940,46426.67,17.4,54,3.6,52,22,4,4,107,0,-0.5000000000000004,0.8660254037844384,0.8660254037844387,-0.4999999999999998,-0.433883739117558,-0.9009688679024191,62032.12,64954.66,62773.03,60812.47,59919.11,48139.15,62569.293333333335,61246.80333333334,54458.35125
2026-04-17 23:32:26.250940,47222.76,16.3,61,2.8,9,23,4,4,107,0,-0.25881904510252157,0.9659258262890681,0.8660254037844387,-0.4999999999999998,-0.433883739117558,-0.9009688679024191,46426.67,62032.12,64954.66,59732.77,60636.44,46369.47,60171.659999999996,60122.43333333334,54386.99791666667
2026-04-18 00:32:26.250940,42590.19,15.4,64,3.6,6,0,5,4,108,1,0.0,1.0,0.8660254037844387,-0.4999999999999998,-0.9749279121818236,-0.2225209339563146,47222.76,46426.67,62032.12,65110.71,59609.74,46883.2,58086.65833333333,59004.62666666667,54422.551666666666
2026-04-18 01:32:26.250940,42846.61,14.3,70,5.1,45,1,5,4,108,1,0.25881904510252074,0.9659258262890683,0.8660254037844387,-0.4999999999999998,-0.9749279121818236,-0.2225209339563146,42590.19,47222.76,46426.67,62773.03,60408.44,47626.8,54333.238333333335,57586.33083333333,54243.67625000001
2026-04-18 02:32:26.250940,41969.19,13.9,70,3.8,88,2,5,4,108,1,0.49999999999999994,0.8660254037844387,0.8660254037844387,-0.4999999999999998,-0.9749279121818236,-0.2225209339563146,42846.61,42590.19,47222.76,64954.66,58980.41,47157.86,51012.168333333335,56122.845,54044.50166666667
2026-04-18 03:32:26.250940,42484.87,13.5,71,4.7,97,3,5,4,108,1,0.7071067811865476,0.7071067811865476,0.8660254037844387,-0.4999999999999998,-0.9749279121818236,-0.2225209339563146,41969.19,42846.61,42590.19,62032.12,59991.74,45611.91,47181.256666666675,54705.24333333334,53828.307083333326
2026-04-18 04:32:26.250940,42625.25,12.7,75,4.9,100,4,5,4,108,1,0.8660254037844386,0.5000000000000001,0.8660254037844387,-0.4999999999999998,-0.9749279121818236,-0.2225209339563146,42484.87,41969.19,42846.61,46426.67,60812.47,45561.67,43923.381666666675,53246.3375,53698.013750000006
2026-04-18 05:32:26.250940,43532.85,12.9,73,2.5,100,5,5,4,108,1,0.9659258262890683,0.25881904510252074,0.8660254037844387,-0.4999999999999998,-0.9749279121818236,-0.2225209339563146,42625.25,42484.87,41969.19,47222.76,59732.77,46124.17,43289.81166666667,51730.73583333334,53575.662916666675
2026-04-18 06:32:26.250940,45451.22,12.9,73,2.3,58,6,5,4,108,1,1.0,6.123233995736766e-17,0.8660254037844387,-0.4999999999999998,-0.9749279121818236,-0.2225209339563146,43532.85,42625.25,42484.87,42590.19,65110.71,50601.73,42674.82666666667,50380.7425,53467.691249999996
2026-04-18 07:32:26.250940,45252.91,12.8,76,3.9,83,7,5,4,108,1,0.9659258262890683,-0.25881904510252063,0.8660254037844387,-0.4999999999999998,-0.9749279121818236,-0.2225209339563146,45451.22,43532.85,42625.25,42846.61,62773.03,49373.78,43151.665,48742.45166666666,53253.08666666667
2026-04-18 08:32:26.250940,44381.51,13.8,70,4.4,91,8,5,4,108,1,0.8660254037844387,-0.4999999999999998,0.8660254037844387,-0.4999999999999998,-0.9749279121818236,-0.2225209339563146,45252.91,45451.22,43532.85,41969.19,64954.66,48525.66,43552.715000000004,47282.44166666667,53081.38375
2026-04-18 09:32:26.250940,46327.31,15.5,63,4.1,100,9,5,4,108,1,0.7071067811865476,-0.7071067811865475,0.8660254037844387,-0.4999999999999998,-0.9749279121818236,-0.2225209339563146,44381.51,45252.91,45451.22,42484.87,62032.12,50063.39,43954.76833333333,45568.012500000004,52908.71083333334
2026-04-18 10:32:26.250940,56698.82,17.9,52,3.8,74,10,5,4,108,1,0.49999999999999994,-0.8660254037844387,0.8660254037844387,-0.4999999999999998,-0.9749279121818236,-0.2225209339563146,46327.31,44381.51,45252.91,42625.25,46426.67,59919.11,44595.174999999996,44259.27833333333,52753.04083333333
2026-04-18 11:32:26.250940,55765.17,19.8,46,3.1,58,11,5,4,108,1,0.258819045102521,-0.9659258262890682,0.8660254037844387,-0.4999999999999998,-0.9749279121818236,-0.2225209339563146,56698.82,46327.31,44381.51,43532.85,47222.76,60636.44,46940.77,45115.29083333333,52618.86208333333
2026-04-18 12:32:26.250940,54640.14,21.2,45,7.0,77,12,5,4,108,1,1.2246467991473532e-16,-1.0,0.8660254037844387,-0.4999999999999998,-0.9749279121818236,-0.2225209339563146,55765.17,56698.82,46327.31,45451.22,42590.19,59609.74,48979.49,45827.15833333333,52415.89250000001
2026-04-18 13:32:26.250940,54939.88,21.7,44,5.4,100,13,5,4,108,1,-0.2588190451025208,-0.9659258262890683,0.8660254037844387,-0.4999999999999998,-0.9749279121818236,-0.2225209339563146,54640.14,55765.17,56698.82,45252.91,42846.61,60408.44,50510.97666666666,46831.32083333333,52208.825833333336
2026-04-18 14:32:26.250940,56567.89,22.1,40,7.8,54,14,5,4,108,1,-0.4999999999999997,-0.8660254037844388,0.8660254037844387,-0.4999999999999998,-0.9749279121818236,-0.2225209339563146,54939.88,54640.14,55765.17,44381.51,41969.19,58980.41,52125.47166666667,47839.09333333333,51980.96916666667
2026-04-18 15:32:26.250940,54440.75,22.0,45,9.2,49,15,5,4,108,1,-0.7071067811865471,-0.7071067811865479,0.8660254037844387,-0.4999999999999998,-0.9749279121818236,-0.2225209339563146,56567.89,54939.88,54640.14,46327.31,42484.87,59991.74,54156.534999999996,49055.651666666665,51880.4475
2026-04-18 16:32:26.250940,54658.03,21.5,49,12.4,69,16,5,4,108,1,-0.8660254037844385,-0.5000000000000004,0.8660254037844387,-0.4999999999999998,-0.9749279121818236,-0.2225209339563146,54440.75,56567.89,54939.88,56698.82,42625.25,60812.47,55508.774999999994,50051.975,51649.15625
2026-04-18 17:32:26.250940,55678.52,20.4,54,13.5,98,17,5,4,108,1,-0.9659258262890683,-0.25881904510252063,0.8660254037844387,-0.4999999999999998,-0.9749279121818236,-0.2225209339563146,54658.03,54440.75,56567.89,55765.17,43532.85,59732.77,55168.64333333333,51054.706666666665,51392.72125
2026-04-18 18:32:26.250940,57639.96,17.7,64,16.3,85,18,5,4,108,1,-1.0,-1.8369701987210297e-16,0.8660254037844387,-0.4999999999999998,-0.9749279121818236,-0.2225209339563146,55678.52,54658.03,54440.75,54640.14,45451.22,65110.71,55154.20166666666,52066.84583333333,51223.79416666667
2026-04-18 19:32:26.250940,58915.37,16.1,70,14.5,98,19,5,4,108,1,-0.9659258262890684,0.2588190451025203,0.8660254037844387,-0.4999999999999998,-0.9749279121818236,-0.2225209339563146,57639.96,55678.52,54658.03,54939.88,45252.91,62773.03,55654.17166666666,53082.574166666665,50912.51291666667
2026-04-18 20:32:26.250940,58682.47,15.2,68,14.5,86,20,5,4,108,1,-0.8660254037844386,0.5000000000000001,0.8660254037844387,-0.4999999999999998,-0.9749279121818236,-0.2225209339563146,58915.37,57639.96,55678.52,56567.89,44381.51,64954.66,56316.75333333333,54221.112499999996,50751.77708333334
2026-04-18 21:32:26.250940,59220.06,14.2,64,13.8,94,21,5,4,108,1,-0.7071067811865477,0.7071067811865474,0.8660254037844387,-0.4999999999999998,-0.9749279121818236,-0.2225209339563146,58682.47,58915.37,57639.96,54440.75,46327.31,62032.12,56669.18333333334,55412.85916666666,50490.435833333344
2026-04-18 22:32:26.250940,43205.28,13.2,60,14.5,88,22,5,4,108,1,-0.5000000000000004,0.8660254037844384,0.8660254037844387,-0.4999999999999998,-0.9749279121818236,-0.2225209339563146,59220.06,58682.47,58915.37,54658.03,56698.82,46426.67,57465.73500000001,56487.255000000005,50373.26666666666
2026-04-18 23:32:26.250940,44140.05,11.7,63,13.2,54,23,5,4,108,1,-0.25881904510252157,0.9659258262890681,0.8660254037844387,-0.4999999999999998,-0.9749279121818236,-0.2225209339563146,43205.28,59220.06,58682.47,55678.52,55765.17,47222.76,55556.94333333333,55362.793333333335,50239.042083333334
2026-04-19 00:32:26.250940,42420.29,10.5,72,11.1,6,0,6,4,109,1,0.0,1.0,0.8660254037844387,-0.4999999999999998,-0.7818314824680299,0.6234898018587334,44140.05,43205.28,59220.06,57639.96,54640.14,42590.19,53633.86500000001,54394.03333333333,50110.59583333333
2026-04-19 01:32:26.250940,42648.45,9.8,76,9.7,38,1,6,4,109,1,0.25881904510252074,0.9659258262890683,0.8660254037844387,-0.4999999999999998,-0.7818314824680299,0.6234898018587334,42420.29,44140.05,43205.28,58915.37,54939.88,42846.61,51097.253333333334,53375.7125,50103.51666666666
2026-04-19 02:32:26.250940,43675.45,9.2,80,8.2,36,2,6,4,109,1,0.49999999999999994,0.8660254037844387,0.8660254037844387,-0.4999999999999998,-0.7818314824680299,0.6234898018587334,42648.45,42420.29,44140.05,58682.47,56567.89,41969.19,48386.100000000006,52351.426666666666,50095.26
2026-04-19 03:32:26.250940,42657.11,8.6,82,7.2,0,3,6,4,109,1,0.7071067811865476,0.7071067811865476,0.8660254037844387,-0.4999999999999998,-0.7818314824680299,0.6234898018587334,43675.45,42648.45,42420.29,59220.06,54440.75,42484.87,45884.92999999999,51277.05666666667,50166.354166666664
2026-04-19 04:32:26.250940,43101.28,7.9,85,7.3,31,4,6,4,109,1,0.8660254037844386,0.5000000000000001,0.8660254037844387,-0.4999999999999998,-0.7818314824680299,0.6234898018587334,42657.11,43675.45,42648.45,43205.28,54658.03,42625.25,43124.43833333333,50295.08666666667,50173.53083333333
2026-04-19 05:32:26.250940,42779.17,7.6,86,6.2,2,5,6,4,109,1,0.9659258262890683,0.25881904510252074,0.8660254037844387,-0.4999999999999998,-0.7818314824680299,0.6234898018587334,43101.28,42657.11,43675.45,44140.05,55678.52,43532.85,43107.104999999996,49332.02416666667,50193.36541666667
2026-04-19 06:32:26.250940,44463.29,7.3,87,5.8,0,6,6,4,109,1,1.0,6.123233995736766e-17,0.8660254037844387,-0.4999999999999998,-0.7818314824680299,0.6234898018587334,42779.17,43101.28,42657.11,42420.29,57639.96,45451.22,42880.291666666664,48257.07833333333,50161.962083333325
2026-04-19 07:32:26.250940,44612.01,7.5,91,6.1,56,7,6,4,109,1,0.9659258262890683,-0.25881904510252063,0.8660254037844387,-0.4999999999999998,-0.7818314824680299,0.6234898018587334,44463.29,42779.17,43101.28,42648.45,58915.37,45252.91,43220.791666666664,47159.0225,50120.79833333333
2026-04-19 08:32:26.250940,45872.61,8.8,86,9.1,82,8,6,4,109,1,0.8660254037844387,-0.4999999999999998,0.8660254037844387,-0.4999999999999998,-0.7818314824680299,0.6234898018587334,44612.01,44463.29,42779.17,43675.45,58682.47,44381.51,43548.051666666666,45967.075833333336,50094.09416666667
2026-04-19 09:32:26.250940,45448.07,10.7,78,6.6,3,9,6,4,109,1,0.7071067811865476,-0.7071067811865475,0.8660254037844387,-0.4999999999999998,-0.7818314824680299,0.6234898018587334,45872.61,44612.01,44463.29,42657.11,59220.06,46327.31,43914.244999999995,44899.587499999994,50156.22333333333
2026-04-19 10:32:26.250940,55432.01,12.0,72,6.9,8,10,6,4,109,1,0.49999999999999994,-0.8660254037844387,0.8660254037844387,-0.4999999999999998,-0.7818314824680299,0.6234898018587334,45448.07,45872.61,44612.01,43101.28,43205.28,56698.82,44379.405,43751.92166666666,50119.588333333326
2026-04-19 11:32:26.250940,54165.28,13.9,64,6.2,9,11,6,4,109,1,0.258819045102521,-0.9659258262890682,0.8660254037844387,-0.4999999999999998,-0.7818314824680299,0.6234898018587334,55432.01,45448.07,45872.61,42779.17,44140.05,55765.17,46434.52666666667,44770.815833333334,50066.80458333334
2026-04-19 12:32:26.250940,55086.33,15.8,52,8.8,61,12,6,4,109,1,1.2246467991473532e-16,-1.0,0.8660254037844387,-0.4999999999999998,-0.7818314824680299,0.6234898018587334,54165.28,55432.01,45448.07,44463.29,42420.29,54640.14,48332.21166666667,45606.25166666667,50000.142499999994
2026-04-19 13:32:26.250940,57173.31,16.7,42,9.1,100,13,6,4,109,1,-0.2588190451025208,-0.9659258262890683,0.8660254037844387,-0.4999999999999998,-0.7818314824680299,0.6234898018587334,55086.33,54165.28,55432.01,44612.01,42648.45,54939.88,50102.71833333333,46661.755,50018.73375000001
2026-04-19 14:32:26.250940,54903.69,17.1,42,10.4,41,14,6,4,109,1,-0.4999999999999997,-0.8660254037844388,0.8660254037844387,-0.4999999999999998,-0.7818314824680299,0.6234898018587334,57173.31,55086.33,54165.28,45872.61,43675.45,56567.89,52196.26833333333,47872.159999999996,50111.79333333333
2026-04-19 15:32:26.250940,56763.74,17.7,36,9.4,95,15,6,4,109,1,-0.7071067811865471,-0.7071067811865479,0.8660254037844387,-0.4999999999999998,-0.7818314824680299,0.6234898018587334,54903.69,57173.31,55086.33,45448.07,42657.11,54440.75,53701.448333333334,48807.84666666667,50042.45166666667
2026-04-19 16:32:26.250940,57074.1,18.0,31,8.3,98,16,6,4,109,1,-0.8660254037844385,-0.5000000000000004,0.8660254037844387,-0.4999999999999998,-0.7818314824680299,0.6234898018587334,56763.74,54903.69,57173.31,55432.01,43101.28,54658.03,55587.39333333333,49983.39916666667,50139.24291666667
2026-04-19 17:32:26.250940,56340.16,18.1,31,9.0,99,17,6,4,109,1,-0.9659258262890683,-0.25881904510252063,0.8660254037844387,-0.4999999999999998,-0.7818314824680299,0.6234898018587334,57074.1,56763.74,54903.69,54165.28,42779.17,55678.52,55861.075000000004,51147.800833333335,50239.9125
2026-04-19 18:32:26.250940,56524.96,17.5,32,8.4,8,18,6,4,109,1,-1.0,-1.8369701987210297e-16,0.8660254037844387,-0.4999999999999998,-0.7818314824680299,0.6234898018587334,56340.16,57074.1,56763.74,55086.33,44463.29,57639.96,56223.55499999999,52277.88333333333,50267.480833333335
2026-04-19 19:32:26.250940,58696.16,16.6,34,10.0,44,19,6,4,109,1,-0.9659258262890684,0.2588190451025203,0.8660254037844387,-0.4999999999999998,-0.7818314824680299,0.6234898018587334,56524.96,56340.16,57074.1,57173.31,44612.01,58915.37,56463.32666666667,53283.0225,50221.0225
2026-04-19 20:32:26.250940,57825.48,15.6,39,10.0,91,20,6,4,109,1,-0.8660254037844386,0.5000000000000001,0.8660254037844387,-0.4999999999999998,-0.7818314824680299,0.6234898018587334,58696.16,56524.96,56340.16,54903.69,45872.61,58682.47,56717.13500000001,54456.70166666667,50211.88874999999
2026-04-19 21:32:26.250940,59171.98,14.6,45,7.9,100,21,6,4,109,1,-0.7071067811865477,0.7071067811865474,0.8660254037844387,-0.4999999999999998,-0.7818314824680299,0.6234898018587334,57825.48,58696.16,56524.96,56763.74,45448.07,59220.06,57204.100000000006,55452.77416666667,50176.180833333325
2026-04-19 22:32:26.250940,43369.76,12.7,57,12.6,100,22,6,4,109,1,-0.5000000000000004,0.8660254037844384,0.8660254037844387,-0.4999999999999998,-0.7818314824680299,0.6234898018587334,59171.98,57825.48,58696.16,57074.1,55432.01,43205.28,57605.47333333333,56596.43333333333,50174.1775
2026-04-19 23:32:26.250940,42014.59,11.6,61,12.9,99,23,6,4,109,1,-0.25881904510252157,0.9659258262890681,0.8660254037844387,-0.4999999999999998,-0.7818314824680299,0.6234898018587334,43369.76,59171.98,57825.48,56340.16,54165.28,44140.05,55321.416666666664,55591.24583333333,50181.03083333333
2026-04-20 00:32:26.250940,45549.62,10.7,66,11.3,100,0,0,4,110,0,0.0,1.0,0.8660254037844387,-0.4999999999999998,0.0,1.0,42014.59,43369.76,59171.98,56524.96,55086.33,42420.29,52933.82166666668,54578.68833333333,50092.47
2026-04-20 01:32:26.250940,45781.09,9.8,72,8.9,75,1,0,4,110,0,0.25881904510252074,0.9659258262890683,0.8660254037844387,-0.4999999999999998,0.0,1.0,45549.62,42014.59,43369.76,58696.16,57173.31,42648.45,51104.598333333335,53783.9625,50222.85875000001
2026-04-20 02:32:26.250940,47803.98,8.9,77,9.2,95,2,0,4,110,0,0.49999999999999994,0.8660254037844387,0.8660254037844387,-0.4999999999999998,0.0,1.0,45781.09,45549.62,42014.59,57825.48,54903.69,43675.45,48952.08666666667,52834.61083333334,50353.385416666664
2026-04-20 03:32:26.250940,47321.31,8.3,81,8.6,37,3,0,4,110,0,0.7071067811865476,0.7071067811865476,0.8660254037844387,-0.4999999999999998,0.0,1.0,47803.98,45781.09,45549.62,59171.98,56763.74,42657.11,47281.83666666667,52242.96833333333,50525.4075
2026-04-20 04:32:26.250940,46760.46,7.8,84,7.9,6,4,0,4,110,0,0.8660254037844386,0.5000000000000001,0.8660254037844387,-0.4999999999999998,0.0,1.0,47321.31,47803.98,45781.09,43369.76,57074.1,43101.28,45306.725000000006,51456.099166666674,50719.74916666667
2026-04-20 05:32:26.250940,46720.41,7.5,85,7.9,3,5,0,4,110,0,0.9659258262890683,0.25881904510252074,0.8660254037844387,-0.4999999999999998,0.0,1.0,46760.46,47321.31,47803.98,42014.59,56340.16,42779.17,45871.84166666667,50596.62916666667,50872.215
2026-04-20 06:32:26.250940,49148.52,6.8,87,8.1,69,6,0,4,110,0,1.0,6.123233995736766e-17,0.8660254037844387,-0.4999999999999998,0.0,1.0,46720.41,46760.46,47321.31,45549.62,56524.96,44463.29,46656.145,49794.98333333334,51036.43333333334
2026-04-20 07:32:26.250940,50417.87,6.5,86,9.3,85,7,0,4,110,0,0.9659258262890683,-0.25881904510252063,0.8660254037844387,-0.4999999999999998,0.0,1.0,49148.52,46720.41,46760.46,45781.09,58696.16,44612.01,47255.96166666667,49180.28,51231.651249999995
2026-04-20 08:32:26.250940,49420.37,7.0,82,9.5,66,8,0,4,110,0,0.8660254037844387,-0.4999999999999998,0.8660254037844387,-0.4999999999999998,0.0,1.0,50417.87,49148.52,46720.41,47803.98,57825.48,45872.61,48028.75833333333,48490.42250000001,51473.56208333333
2026-04-20 09:32:26.250940,49112.62,9.0,71,10.1,0,9,0,4,110,0,0.7071067811865476,-0.7071067811865475,0.8660254037844387,-0.4999999999999998,0.0,1.0,49420.37,50417.87,49148.52,47321.31,59171.98,45448.07,48298.15666666667,47789.99666666667,51621.38541666668
2026-04-20 10:32:26.250940,60077.74,11.9,58,13.1,37,10,0,4,110,0,0.49999999999999994,-0.8660254037844387,0.8660254037844387,-0.4999999999999998,0.0,1.0,49112.62,49420.37,50417.87,46760.46,43369.76,55432.01,48596.708333333336,46951.71666666667,51774.075000000004
2026-04-20 11:32:26.250940,59116.0,13.1,52,12.9,86,11,0,4,110,0,0.258819045102521,-0.9659258262890682,0.8660254037844387,-0.4999999999999998,0.0,1.0,60077.74,49112.62,49420.37,46720.41,42014.59,54165.28,50816.255,48344.04833333333,51967.64708333334
2026-04-20 12:32:26.250940,61238.26,14.1,48,13.6,70,12,0,4,110,0,1.2246467991473532e-16,-1.0,0.8660254037844387,-0.4999999999999998,0.0,1.0,59116.0,60077.74,49112.62,49148.52,45549.62,55086.33,52882.18666666667,49769.16583333333,52173.927083333336
2026-04-20 13:32:26.250940,58950.84,14.8,44,12.2,100,13,0,4,110,0,-0.2588190451025208,-0.9659258262890683,0.8660254037844387,-0.4999999999999998,0.0,1.0,61238.26,59116.0,60077.74,50417.87,45781.09,57173.31,54897.14333333333,51076.5525,52430.2575
2026-04-20 14:32:26.250940,59067.5,15.5,40,13.1,19,14,0,4,110,0,-0.4999999999999997,-0.8660254037844388,0.8660254037844387,-0.4999999999999998,0.0,1.0,58950.84,61238.26,59116.0,49420.37,47803.98,54903.69,56319.305,52174.03166666667,52504.32125000001
2026-04-20 15:32:26.250940,61396.65,15.8,38,13.8,0,15,0,4,110,0,-0.7071067811865471,-0.7071067811865479,0.8660254037844387,-0.4999999999999998,0.0,1.0,59067.5,58950.84,61238.26,49112.62,47321.31,56763.74,57927.16,53112.658333333326,52677.81333333333
2026-04-20 16:32:26.250940,59787.57,15.8,38,13.3,79,16,0,4,110,0,-0.8660254037844385,-0.5000000000000004,0.8660254037844387,-0.4999999999999998,0.0,1.0,61396.65,59067.5,58950.84,60077.74,46760.46,57074.1,59974.49833333333,54285.60333333333,52870.85125
2026-04-20 17:32:26.250940,59050.5,15.6,38,13.2,41,17,0,4,110,0,-0.9659258262890683,-0.25881904510252063,0.8660254037844387,-0.4999999999999998,0.0,1.0,59787.57,61396.65,59067.5,59116.0,46720.41,56340.16,59926.136666666665,55371.19583333334,52983.912500000006
2026-04-20 18:32:26.250940,62777.87,15.1,36,13.3,100,18,0,4,110,0,-1.0,-1.8369701987210297e-16,0.8660254037844387,-0.4999999999999998,0.0,1.0,59050.5,59787.57,61396.65,61238.26,49148.52,56524.96,59915.22,56398.70333333334,53096.84333333333
2026-04-20 19:32:26.250940,64971.34,14.2,38,12.5,100,19,0,4,110,0,-0.9659258262890684,0.2588190451025203,0.8660254037844387,-0.4999999999999998,0.0,1.0,62777.87,59050.5,59787.57,58950.84,50417.87,58696.16,60171.82166666666,57534.482500000006,53357.38125
2026-04-20 20:32:26.250940,62340.09,13.3,39,12.2,85,20,0,4,110,0,-0.8660254037844386,0.5000000000000001,0.8660254037844387,-0.4999999999999998,0.0,1.0,64971.34,62777.87,59050.5,59067.5,49420.37,57825.48,61175.238333333335,58747.27166666667,53618.847083333334
2026-04-20 21:32:26.250940,62466.61,12.1,45,12.9,100,21,0,4,110,0,-0.7071067811865477,0.7071067811865474,0.8660254037844387,-0.4999999999999998,0.0,1.0,62340.09,64971.34,62777.87,61396.65,49112.62,59171.98,61720.66999999999,59823.915,53806.95583333334
2026-04-20 22:32:26.250940,46269.52,11.2,50,12.0,48,22,0,4,110,0,-0.5000000000000004,0.8660254037844384,0.8660254037844387,-0.4999999999999998,0.0,1.0,62466.61,62340.09,64971.34,59787.57,60077.74,43369.76,61898.99666666667,60936.7475,53944.232083333336
2026-04-20 23:32:26.250940,47877.7,10.0,57,11.6,0,23,0,4,110,0,-0.25881904510252157,0.9659258262890681,0.8660254037844387,-0.4999999999999998,0.0,1.0,46269.52,62466.61,62340.09,59050.5,59116.0,42014.59,59645.988333333335,59786.0625,54065.05541666667
2026-04-21 00:32:26.250940,48146.04,9.0,65,11.4,0,0,1,4,111,0,0.0,1.0,0.8660254037844387,-0.4999999999999998,0.7818314824680298,0.6234898018587336,47877.7,46269.52,62466.61,62777.87,61238.26,45549.62,57783.855,58849.5375,54309.35166666666
2026-04-21 01:32:26.250940,46431.76,8.4,71,11.5,0,1,1,4,111,0,0.25881904510252074,0.9659258262890683,0.8660254037844387,-0.4999999999999998,0.7818314824680298,0.6234898018587336,48146.04,47877.7,46269.52,64971.34,58950.84,45781.09,55345.21666666667,57758.519166666665,54417.53583333333
2026-04-21 02:32:26.250940,46300.45,7.7,75,10.1,0,2,1,4,111,0,0.49999999999999994,0.8660254037844387,0.8660254037844387,-0.4999999999999998,0.7818314824680298,0.6234898018587336,46431.76,48146.04,47877.7,62340.09,59067.5,47803.98,52255.28666666666,56715.262500000004,54444.64708333334
2026-04-21 03:32:26.250940,45688.92,7.1,78,9.8,0,3,1,4,111,0,0.7071067811865476,0.7071067811865476,0.8660254037844387,-0.4999999999999998,0.7818314824680298,0.6234898018587336,46300.45,46431.76,48146.04,62466.61,61396.65,47321.31,49582.01333333333,55651.341666666674,54382.0
2026-04-21 04:32:26.250940,46185.5,6.7,78,8.4,37,4,1,4,111,0,0.8660254037844386,0.5000000000000001,0.8660254037844387,-0.4999999999999998,0.7818314824680298,0.6234898018587336,45688.92,46300.45,46431.76,46269.52,59787.57,46760.46,46785.73166666667,54342.364166666666,54313.98375000001
2026-04-21 05:32:26.250940,47843.39,6.3,78,7.7,0,5,1,4,111,0,0.9659258262890683,0.25881904510252074,0.8660254037844387,-0.4999999999999998,0.7818314824680298,0.6234898018587336,46185.5,45688.92,46300.45,47877.7,59050.5,46720.41,46771.72833333333,53208.85833333333,54290.02708333334
2026-04-21 06:32:26.250940,49339.11,5.8,80,7.8,0,6,1,4,111,0,1.0,6.123233995736766e-17,0.8660254037844387,-0.4999999999999998,0.7818314824680298,0.6234898018587336,47843.39,46185.5,45688.92,48146.04,62777.87,49148.52,46766.01,52274.932499999995,54336.81791666666
2026-04-21 07:32:26.250940,49429.46,6.2,80,7.9,0,7,1,4,111,0,0.9659258262890683,-0.25881904510252063,0.8660254037844387,-0.4999999999999998,0.7818314824680298,0.6234898018587336,49339.11,47843.39,46185.5,46431.76,64971.34,50417.87,46964.855,51155.03583333333,54344.75916666668
2026-04-21 08:32:26.250940,50714.7,7.4,73,7.6,0,8,1,4,111,0,0.8660254037844387,-0.4999999999999998,0.8660254037844387,-0.4999999999999998,0.7818314824680298,0.6234898018587336,49429.46,49339.11,47843.39,46300.45,62340.09,49420.37,47464.47166666666,49859.87916666666,54303.57541666667
2026-04-21 09:32:26.250940,50121.21,9.3,64,10.0,0,9,1,4,111,0,0.7071067811865476,-0.7071067811865475,0.8660254037844387,-0.4999999999999998,0.7818314824680298,0.6234898018587336,50714.7,49429.46,49339.11,45688.92,62466.61,49112.62,48200.18,48891.09666666667,54357.50583333333
2026-04-21 10:32:26.250940,60181.52,12.3,46,11.0,0,10,1,4,111,0,0.49999999999999994,-0.8660254037844387,0.8660254037844387,-0.4999999999999998,0.7818314824680298,0.6234898018587336,50121.21,50714.7,49429.46,46185.5,46269.52,60077.74,48938.895,47862.31333333333,54399.53041666667
2026-04-21 11:32:26.250940,60673.24,14.0,35,13.9,4,11,1,4,111,0,0.258819045102521,-0.9659258262890682,0.8660254037844387,-0.4999999999999998,0.7818314824680298,0.6234898018587336,60181.52,50121.21,50714.7,47843.39,47877.7,59116.0,51271.565,49021.64666666666,54403.854583333334
2026-04-21 12:32:26.250940,60185.51,14.9,33,16.1,15,12,1,4,111,0,1.2246467991473532e-16,-1.0,0.8660254037844387,-0.4999999999999998,0.7818314824680298,0.6234898018587336,60673.24,60181.52,50121.21,49339.11,48146.04,61238.26,53409.87333333333,50087.94166666667,54468.739583333336
2026-04-21 13:32:26.250940,61248.47,15.7,32,16.9,21,13,1,4,111,0,-0.2588190451025208,-0.9659258262890683,0.8660254037844387,-0.4999999999999998,0.7818314824680298,0.6234898018587336,60185.51,60673.24,60181.52,49429.46,46431.76,58950.84,55217.60666666667,51091.23083333333,54424.875
2026-04-21 14:32:26.250940,59883.54,16.1,32,15.5,93,14,1,4,111,0,-0.4999999999999997,-0.8660254037844388,0.8660254037844387,-0.4999999999999998,0.7818314824680298,0.6234898018587336,61248.47,60185.51,60673.24,50714.7,46300.45,59067.5,57187.44166666666,52325.956666666665,54520.60958333333
2026-04-21 15:32:26.250940,58858.22,16.2,35,18.0,62,15,1,4,111,0,-0.7071067811865471,-0.7071067811865479,0.8660254037844387,-0.4999999999999998,0.7818314824680298,0.6234898018587336,59883.54,61248.47,60185.51,50121.21,45688.92,61396.65,58715.581666666665,53457.88083333333,54554.611249999994
2026-04-21 16:32:26.250940,60592.28,14.8,44,17.6,100,16,1,4,111,0,-0.8660254037844385,-0.5000000000000004,0.8660254037844387,-0.4999999999999998,0.7818314824680298,0.6234898018587336,58858.22,59883.54,61248.47,60181.52,46185.5,59787.57,60171.75,54555.3225,54448.84333333333
2026-04-21 17:32:26.250940,61344.84,14.9,41,21.2,89,17,1,4,111,0,-0.9659258262890683,-0.25881904510252063,0.8660254037844387,-0.4999999999999998,0.7818314824680298,0.6234898018587336,60592.28,58858.22,59883.54,60673.24,47843.39,59050.5,60240.21,55755.88749999999,54482.37291666667
2026-04-21 18:32:26.250940,64977.48,14.9,41,16.7,0,18,1,4,111,0,-1.0,-1.8369701987210297e-16,0.8660254037844387,-0.4999999999999998,0.7818314824680298,0.6234898018587336,61344.84,60592.28,58858.22,60185.51,49339.11,62777.87,60352.14333333333,56881.00833333334,54577.97041666667
2026-04-21 19:32:26.250940,64687.46,14.8,41,16.0,4,19,1,4,111,0,-0.9659258262890684,0.2588190451025203,0.8660254037844387,-0.4999999999999998,0.7818314824680298,0.6234898018587336,64977.48,61344.84,60592.28,61248.47,49429.46,64971.34,61150.805,58184.20583333333,54669.62083333334
2026-04-21 20:32:26.250940,63263.15,14.1,44,15.1,0,20,1,4,111,0,-0.8660254037844386,0.5000000000000001,0.8660254037844387,-0.4999999999999998,0.7818314824680298,0.6234898018587336,64687.46,64977.48,61344.84,59883.54,50714.7,62340.09,61723.97,59455.70583333333,54657.7925
2026-04-21 21:32:26.250940,64893.77,13.3,45,12.5,0,21,1,4,111,0,-0.7071067811865477,0.7071067811865474,0.8660254037844387,-0.4999999999999998,0.7818314824680298,0.6234898018587336,63263.15,64687.46,64977.48,58858.22,50121.21,62466.61,62287.238333333335,60501.41,54696.25333333333
2026-04-21 22:32:26.250940,45557.45,12.2,53,12.1,0,22,1,4,111,0,-0.5000000000000004,0.8660254037844384,0.8660254037844387,-0.4999999999999998,0.7818314824680298,0.6234898018587336,64893.77,63263.15,64687.46,60592.28,60181.52,46269.52,63293.16333333333,61732.456666666665,54797.385
2026-04-21 23:32:26.250940,47158.43,11.5,55,11.5,0,23,1,4,111,0,-0.25881904510252157,0.9659258262890681,0.8660254037844387,-0.4999999999999998,0.7818314824680298,0.6234898018587336,45557.45,64893.77,63263.15,61344.84,60673.24,47877.7,60787.35833333333,60513.78416666667,54767.715416666666
2026-04-22 00:32:26.250940,45859.03,10.7,59,11.9,0,0,2,4,112,0,0.0,1.0,0.8660254037844387,-0.4999999999999998,0.9749279121818236,-0.22252093395631434,47158.43,45557.45,64893.77,64977.48,60185.51,48146.04,58422.956666666665,59387.549999999996,54737.74583333334
2026-04-22 01:32:26.250940,47362.41,10.1,60,13.0,0,1,2,4,112,0,0.25881904510252074,0.9659258262890683,0.8660254037844387,-0.4999999999999998,0.9749279121818236,-0.22252093395631434,45859.03,47158.43,45557.45,64687.46,61248.47,46431.76,55236.54833333333,58193.676666666666,54642.45374999999
2026-04-22 02:32:26.250940,47284.96,9.4,61,12.2,0,2,2,4,112,0,0.49999999999999994,0.8660254037844387,0.8660254037844387,-0.4999999999999998,0.9749279121818236,-0.22252093395631434,47362.41,45859.03,47158.43,63263.15,59883.54,46300.45,52349.04,57036.505,54681.230833333335
2026-04-22 03:32:26.250940,48145.77,9.1,59,13.2,0,3,2,4,112,0,0.7071067811865476,0.7071067811865476,0.8660254037844387,-0.4999999999999998,0.9749279121818236,-0.22252093395631434,47284.96,47362.41,45859.03,64893.77,58858.22,45688.92,49686.00833333333,55986.62333333333,54722.25208333333
2026-04-22 04:32:26.250940,45578.35,8.9,61,13.0,0,4,2,4,112,0,0.8660254037844386,0.5000000000000001,0.8660254037844387,-0.4999999999999998,0.9749279121818236,-0.22252093395631434,48145.77,47284.96,47362.41,45557.45,60592.28,46185.5,46894.674999999996,55093.91916666666,54824.62083333333
2026-04-22 05:32:26.250940,47001.38,8.5,61,14.3,0,5,2,4,112,0,0.9659258262890683,0.25881904510252074,0.8660254037844387,-0.4999999999999998,0.9749279121818236,-0.22252093395631434,45578.35,48145.77,47284.96,47158.43,61344.84,47843.39,46898.158333333326,53842.75833333334,54799.322916666664
2026-04-22 06:32:26.250940,49438.91,8.0,60,13.9,0,6,2,4,112,0,1.0,6.123233995736766e-17,0.8660254037844387,-0.4999999999999998,0.9749279121818236,-0.22252093395631434,47001.38,45578.35,48145.77,45859.03,64977.48,49339.11,46871.98333333333,52647.469999999994,54764.239166666666
2026-04-22 07:32:26.250940,48873.05,8.2,59,13.9,0,7,2,4,112,0,0.9659258262890683,-0.25881904510252063,0.8660254037844387,-0.4999999999999998,0.9749279121818236,-0.22252093395631434,49438.91,47001.38,45578.35,47362.41,64687.46,49429.46,47468.63,51352.589166666665,54768.39749999999
2026-04-22 08:32:26.250940,50760.88,8.9,57,14.0,0,8,2,4,112,0,0.8660254037844387,-0.4999999999999998,0.8660254037844387,-0.4999999999999998,0.9749279121818236,-0.22252093395631434,48873.05,49438.91,47001.38,47284.96,63263.15,50714.7,47720.40333333333,50034.72166666667,54745.213749999995
2026-04-22 09:32:26.250940,50150.92,10.6,53,15.2,0,9,2,4,112,0,0.7071067811865476,-0.7071067811865475,0.8660254037844387,-0.4999999999999998,0.9749279121818236,-0.22252093395631434,50760.88,48873.05,49438.91,48145.77,64893.77,50121.21,48299.72333333333,48992.86583333334,54747.13791666667
2026-04-22 10:32:26.250940,60546.44,13.4,45,17.4,28,10,2,4,112,0,0.49999999999999994,-0.8660254037844387,0.8660254037844387,-0.4999999999999998,0.9749279121818236,-0.22252093395631434,50150.92,50760.88,48873.05,45578.35,45557.45,60181.52,48633.915,47764.29499999999,54748.37583333333
2026-04-22 11:32:26.250940,61090.52,15.5,37,19.4,16,11,2,4,112,0,0.258819045102521,-0.9659258262890682,0.8660254037844387,-0.4999999999999998,0.9749279121818236,-0.22252093395631434,60546.44,50150.92,50760.88,47001.38,47158.43,60673.24,51128.59666666667,49013.3775,54763.58083333333
2026-04-22 12:32:26.250940,61500.69,17.1,28,21.0,0,12,2,4,112,0,1.2246467991473532e-16,-1.0,0.8660254037844387,-0.4999999999999998,0.9749279121818236,-0.22252093395631434,61090.52,60546.44,50150.92,49438.91,45859.03,60185.51,53476.78666666666,50174.385,54780.9675
2026-04-22 13:32:26.250940,61953.16,17.7,27,20.6,29,13,2,4,112,0,-0.2588190451025208,-0.9659258262890683,0.8660254037844387,-0.4999999999999998,0.9749279121818236,-0.22252093395631434,61500.69,61090.52,60546.44,48873.05,47362.41,61248.47,55487.083333333336,51477.85666666667,54835.76666666666
2026-04-22 14:32:26.250940,62034.1,18.3,31,19.4,2,14,2,4,112,0,-0.4999999999999997,-0.8660254037844388,0.8660254037844387,-0.4999999999999998,0.9749279121818236,-0.22252093395631434,61953.16,61500.69,61090.52,50760.88,47284.96,59883.54,57667.10166666666,52693.7525,54865.12875
2026-04-22 15:32:26.250940,61990.57,19.1,27,20.4,2,15,2,4,112,0,-0.7071067811865471,-0.7071067811865479,0.8660254037844387,-0.4999999999999998,0.9749279121818236,-0.22252093395631434,62034.1,61953.16,61500.69,50150.92,48145.77,58858.22,59545.97166666666,53922.8475,54954.73541666666
2026-04-22 16:32:26.250940,62261.01,19.7,26,19.4,100,16,2,4,112,0,-0.8660254037844385,-0.5000000000000004,0.8660254037844387,-0.4999999999999998,0.9749279121818236,-0.22252093395631434,61990.57,62034.1,61953.16,60546.44,45578.35,60592.28,61519.246666666666,55076.58083333334,55085.25
2026-04-22 17:32:26.250940,58989.06,20.0,23,18.9,100,17,2,4,112,0,-0.9659258262890683,-0.25881904510252063,0.8660254037844387,-0.4999999999999998,0.9749279121818236,-0.22252093395631434,62261.01,61990.57,62034.1,61090.52,47001.38,61344.84,61805.00833333333,56466.80250000001,55154.78041666667
2026-04-22 18:32:26.250940,63900.57,19.5,26,18.5,0,18,2,4,112,0,-1.0,-1.8369701987210297e-16,0.8660254037844387,-0.4999999999999998,0.9749279121818236,-0.22252093395631434,58989.06,62261.01,61990.57,61500.69,49438.91,64977.48,61454.76500000001,57465.77583333334,55056.62291666667
2026-04-22 19:32:26.250940,63038.65,18.3,30,14.5,0,19,2,4,112,0,-0.9659258262890684,0.2588190451025203,0.8660254037844387,-0.4999999999999998,0.9749279121818236,-0.22252093395631434,63900.57,58989.06,62261.01,61953.16,48873.05,64687.46,61854.745,58670.91416666666,55011.751666666656
2026-04-22 20:32:26.250940,61708.41,17.3,32,12.8,0,20,2,4,112,0,-0.8660254037844386,0.5000000000000001,0.8660254037844387,-0.4999999999999998,0.9749279121818236,-0.22252093395631434,63038.65,63900.57,58989.06,62034.1,50760.88,63263.15,62035.659999999996,59851.38083333333,54943.05125
2026-04-22 21:32:26.250940,63192.08,15.9,36,10.9,0,21,2,4,112,0,-0.7071067811865477,0.7071067811865474,0.8660254037844387,-0.4999999999999998,0.9749279121818236,-0.22252093395631434,61708.41,63038.65,63900.57,61990.57,50150.92,64893.77,61981.378333333334,60763.674999999996,54878.270416666666
2026-04-22 22:32:26.250940,47359.09,14.3,40,11.3,0,22,2,4,112,0,-0.5000000000000004,0.8660254037844384,0.8660254037844387,-0.4999999999999998,0.9749279121818236,-0.22252093395631434,63192.08,61708.41,63038.65,62261.01,60546.44,45557.45,62181.630000000005,61850.43833333333,54807.36666666667
2026-04-22 23:32:26.250940,46210.72,13.3,43,10.9,0,23,2,4,112,0,-0.25881904510252157,0.9659258262890681,0.8660254037844387,-0.4999999999999998,0.9749279121818236,-0.22252093395631434,47359.09,63192.08,61708.41,58989.06,61090.52,47158.43,59697.97666666666,60751.4925,54882.435000000005
2026-04-23 00:32:26.250940,47175.73,12.7,44,11.0,0,0,3,4,113,0,0.0,1.0,0.8660254037844387,-0.4999999999999998,0.43388373911755823,-0.900968867902419,46210.72,47359.09,63192.08,63900.57,61500.69,45859.03,57568.253333333334,59511.50916666666,54842.94708333333
2026-04-23 01:32:26.250940,46710.68,11.9,45,12.1,0,1,3,4,113,0,0.25881904510252074,0.9659258262890683,0.8660254037844387,-0.4999999999999998,0.43388373911755823,-0.900968867902419,47175.73,46210.72,47359.09,63038.65,61953.16,47362.41,54780.78,58317.762500000004,54897.80958333334
2026-04-23 02:32:26.250940,46134.25,11.4,46,10.0,0,2,3,4,113,0,0.49999999999999994,0.8660254037844387,0.8660254037844387,-0.4999999999999998,0.43388373911755823,-0.900968867902419,46710.68,47175.73,46210.72,61708.41,62034.1,47284.96,52059.45166666667,57047.55583333334,54870.65416666667
2026-04-23 03:32:26.250940,46169.2,10.8,47,8.9,0,3,3,4,113,0,0.7071067811865476,0.7071067811865476,0.8660254037844387,-0.4999999999999998,0.43388373911755823,-0.900968867902419,46134.25,46710.68,47175.73,63192.08,61990.57,48145.77,49463.75833333333,55722.568333333336,54822.707916666666
2026-04-23 04:32:26.250940,46407.64,10.2,47,9.1,0,4,3,4,113,0,0.8660254037844386,0.5000000000000001,0.8660254037844387,-0.4999999999999998,0.43388373911755823,-0.900968867902419,46169.2,46134.25,46710.68,47359.09,62261.01,45578.35,46626.611666666664,54404.12083333333,54740.35083333333
2026-04-23 05:32:26.250940,45653.79,9.7,49,9.0,0,5,3,4,113,0,0.9659258262890683,0.25881904510252074,0.8660254037844387,-0.4999999999999998,0.43388373911755823,-0.900968867902419,46407.64,46169.2,46134.25,46210.72,58989.06,47001.38,46468.036666666674,53083.00666666666,54774.90458333333
2026-04-23 06:32:26.250940,49813.82,9.2,51,7.8,0,6,3,4,113,0,1.0,6.123233995736766e-17,0.8660254037844387,-0.4999999999999998,0.43388373911755823,-0.900968867902419,45653.79,46407.64,46169.2,47175.73,63900.57,49438.91,46375.215,51971.73416666667,54718.755000000005
2026-04-23 07:32:26.250940,50214.25,9.5,53,7.6,0,7,3,4,113,0,0.9659258262890683,-0.25881904510252063,0.8660254037844387,-0.4999999999999998,0.43388373911755823,-0.900968867902419,49813.82,45653.79,46407.64,46710.68,63038.65,48873.05,46814.89666666667,50797.83833333334,54734.37625
2026-04-23 08:32:26.250940,50766.65,10.5,51,8.1,0,8,3,4,113,0,0.8660254037844387,-0.4999999999999998,0.8660254037844387,-0.4999999999999998,0.43388373911755823,-0.900968867902419,50214.25,49813.82,45653.79,46134.25,61708.41,50760.88,47398.825000000004,49729.138333333336,54790.25958333333
2026-04-23 09:32:26.250940,50420.5,12.3,48,9.5,0,9,3,4,113,0,0.7071067811865476,-0.7071067811865475,0.8660254037844387,-0.4999999999999998,0.43388373911755823,-0.900968867902419,50766.65,50214.25,49813.82,46169.2,63192.08,50150.92,48170.89166666667,48817.325000000004,54790.5
2026-04-23 10:32:26.250940,60372.92,15.6,41,12.9,0,10,3,4,113,0,0.49999999999999994,-0.8660254037844387,0.8660254037844387,-0.4999999999999998,0.43388373911755823,-0.900968867902419,50420.5,50766.65,50214.25,46407.64,47359.09,60546.44,48879.44166666667,47753.026666666665,54801.732500000006
2026-04-23 11:32:26.250940,61444.37,17.9,36,15.0,0,11,3,4,113,0,0.258819045102521,-0.9659258262890682,0.8660254037844387,-0.4999999999999998,0.43388373911755823,-0.900968867902419,60372.92,50420.5,50766.65,45653.79,46210.72,61090.52,51206.988333333335,48837.512500000004,54794.5025
2026-04-23 12:32:26.250940,60882.22,19.7,32,16.2,0,12,3,4,113,0,1.2246467991473532e-16,-1.0,0.8660254037844387,-0.4999999999999998,0.43388373911755823,-0.900968867902419,61444.37,60372.92,50420.5,49813.82,47175.73,61500.69,53838.75166666667,50106.98333333334,54809.246250000004
2026-04-23 13:32:26.250940,61098.58,21.0,26,16.1,0,13,3,4,113,0,-0.2588190451025208,-0.9659258262890683,0.8660254037844387,-0.4999999999999998,0.43388373911755823,-0.900968867902419,60882.22,61444.37,60372.92,50214.25,46710.68,61953.16,55683.48500000001,51249.19083333333,54783.47666666668
2026-04-23 14:32:26.250940,59952.49,22.0,25,17.1,0,14,3,4,113,0,-0.4999999999999997,-0.8660254037844388,0.8660254037844387,-0.4999999999999998,0.43388373911755823,-0.900968867902419,61098.58,60882.22,61444.37,50766.65,46134.25,62034.1,57497.54,52448.1825,54747.869166666664
2026-04-23 15:32:26.250940,61268.23,22.4,25,17.0,0,15,3,4,113,0,-0.7071067811865471,-0.7071067811865479,0.8660254037844387,-0.4999999999999998,0.43388373911755823,-0.900968867902419,59952.49,61098.58,60882.22,50420.5,46169.2,61990.57,59028.51333333333,53599.70250000001,54661.135416666664
2026-04-23 16:32:26.250940,58931.42,22.3,25,17.1,0,16,3,4,113,0,-0.8660254037844385,-0.5000000000000004,0.8660254037844387,-0.4999999999999998,0.43388373911755823,-0.900968867902419,61268.23,59952.49,61098.58,60372.92,46407.64,62261.01,60836.46833333333,54857.954999999994,54631.03791666666
2026-04-23 17:32:26.250940,59415.43,22.1,24,16.6,0,17,3,4,113,0,-0.9659258262890683,-0.25881904510252063,0.8660254037844387,-0.4999999999999998,0.43388373911755823,-0.900968867902419,58931.42,61268.23,59952.49,61444.37,45653.79,58989.06,60596.21833333333,55901.60333333333,54492.305
2026-04-23 18:32:26.250940,61805.45,21.7,24,15.5,0,18,3,4,113,0,-1.0,-1.8369701987210297e-16,0.8660254037844387,-0.4999999999999998,0.43388373911755823,-0.900968867902419,59415.43,58931.42,61268.23,60882.22,49813.82,63900.57,60258.06166666667,57048.40666666667,54510.07041666666
2026-04-23 19:32:26.250940,65125.49,20.9,24,15.7,0,19,3,4,113,0,-0.9659258262890684,0.2588190451025203,0.8660254037844387,-0.4999999999999998,0.43388373911755823,-0.900968867902419,61805.45,59415.43,58931.42,61098.58,50214.25,63038.65,60411.93333333334,58047.70916666667,54422.77375
2026-04-23 20:32:26.250940,62021.18,19.9,26,12.3,0,20,3,4,113,0,-0.8660254037844386,0.5000000000000001,0.8660254037844387,-0.4999999999999998,0.43388373911755823,-0.900968867902419,65125.49,61805.45,59415.43,59952.49,50766.65,61708.41,61083.085,59290.3125,54509.72541666666
2026-04-23 21:32:26.250940,64271.13,18.5,31,9.4,0,21,3,4,113,0,-0.7071067811865477,0.7071067811865474,0.8660254037844387,-0.4999999999999998,0.43388373911755823,-0.900968867902419,62021.18,65125.49,61805.45,61268.23,50420.5,63192.08,61427.86666666667,60228.19,54522.75750000001
2026-04-23 22:32:26.250940,45731.92,16.6,40,12.5,0,22,3,4,113,0,-0.5000000000000004,0.8660254037844384,0.8660254037844387,-0.4999999999999998,0.43388373911755823,-0.900968867902419,64271.13,62021.18,65125.49,58931.42,60372.92,47359.09,61928.35,61382.40916666667,54567.71791666667
2026-04-23 23:32:26.250940,47570.27,15.4,39,12.5,0,23,3,4,113,0,-0.25881904510252157,0.9659258262890681,0.8660254037844387,-0.4999999999999998,0.43388373911755823,-0.900968867902419,45731.92,64271.13,62021.18,59415.43,61444.37,46210.72,59728.43333333333,60162.325833333336,54499.91916666666
2026-04-24 00:32:26.250940,47968.16,14.3,40,10.9,0,0,4,4,114,0,0.0,1.0,0.8660254037844387,-0.4999999999999998,-0.433883739117558,-0.9009688679024191,47570.27,45731.92,64271.13,61805.45,60882.22,47175.73,57754.24,59006.150833333326,54556.56708333333
2026-04-24 01:32:26.250940,47518.54,13.3,41,10.0,0,1,4,4,114,0,0.25881904510252074,0.9659258262890683,0.8660254037844387,-0.4999999999999998,-0.433883739117558,-0.9009688679024191,47968.16,47570.27,45731.92,65125.49,61098.58,46710.68,55448.024999999994,57929.979166666664,54589.585
2026-04-24 02:32:26.250940,46582.95,12.3,45,8.7,0,2,4,4,114,0,0.49999999999999994,0.8660254037844387,0.8660254037844387,-0.4999999999999998,-0.433883739117558,-0.9009688679024191,47518.54,47968.16,47570.27,62021.18,59952.49,46134.25,52513.53333333333,56798.309166666666,54623.24583333333
2026-04-24 03:32:26.250940,45722.12,11.6,46,7.5,0,3,4,4,114,0,0.7071067811865476,0.7071067811865476,0.8660254037844387,-0.4999999999999998,-0.433883739117558,-0.9009688679024191,46582.95,47518.54,47968.16,64271.13,61268.23,46169.2,49940.494999999995,55684.180833333325,54641.94166666667
2026-04-24 04:32:26.250940,46276.04,10.6,48,6.8,0,4,4,4,114,0,0.8660254037844386,0.5000000000000001,0.8660254037844387,-0.4999999999999998,-0.433883739117558,-0.9009688679024191,45722.12,46582.95,47518.54,45731.92,58931.42,46407.64,46848.99333333334,54388.67166666666,54623.31333333333
2026-04-24 05:32:26.250940,47096.7,10.0,49,5.8,0,5,4,4,114,0,0.9659258262890683,0.25881904510252074,0.8660254037844387,-0.4999999999999998,-0.433883739117558,-0.9009688679024191,46276.04,45722.12,46582.95,47570.27,59415.43,45653.79,46939.68,53334.056666666664,54617.829999999994
2026-04-24 06:32:26.250940,48965.19,9.4,51,5.7,0,6,4,4,114,0,1.0,6.123233995736766e-17,0.8660254037844387,-0.4999999999999998,-0.433883739117558,-0.9009688679024191,47096.7,46276.04,45722.12,47968.16,61805.45,49813.82,46860.75166666667,52307.49583333333,54677.95124999999
2026-04-24 07:32:26.250940,50908.8,9.8,54,5.2,0,7,4,4,114,0,0.9659258262890683,-0.25881904510252063,0.8660254037844387,-0.4999999999999998,-0.433883739117558,-0.9009688679024191,48965.19,47096.7,46276.04,47518.54,65125.49,50214.25,47026.92333333333,51237.474166666674,54642.59166666667
2026-04-24 08:32:26.250940,50593.85,10.6,52,6.3,0,8,4,4,114,0,0.8660254037844387,-0.4999999999999998,0.8660254037844387,-0.4999999999999998,-0.433883739117558,-0.9009688679024191,50908.8,48965.19,47096.7,46582.95,62021.18,50766.65,47591.966666666674,50052.75,54671.53125
2026-04-24 09:32:26.250940,50615.3,12.4,47,7.7,0,9,4,4,114,0,0.7071067811865476,-0.7071067811865475,0.8660254037844387,-0.4999999999999998,-0.433883739117558,-0.9009688679024191,50593.85,50908.8,48965.19,45722.12,64271.13,50420.5,48260.450000000004,49100.4725,54664.331249999996
2026-04-24 10:32:26.250940,62051.93,15.5,40,7.7,0,10,4,4,114,0,0.49999999999999994,-0.8660254037844387,0.8660254037844387,-0.4999999999999998,-0.433883739117558,-0.9009688679024191,50615.3,50593.85,50908.8,46276.04,45731.92,60372.92,49075.98,47962.486666666664,54672.447916666664
2026-04-24 11:32:26.250940,60145.34,17.7,37,9.2,0,11,4,4,114,0,0.258819045102521,-0.9659258262890682,0.8660254037844387,-0.4999999999999998,-0.433883739117558,-0.9009688679024191,62051.93,50615.3,50593.85,47096.7,47570.27,61444.37,51705.295000000006,49322.487499999996,54742.40666666667
2026-04-24 12:32:26.250940,62298.92,19.7,32,10.5,0,12,4,4,114,0,1.2246467991473532e-16,-1.0,0.8660254037844387,-0.4999999999999998,-0.433883739117558,-0.9009688679024191,60145.34,62051.93,50615.3,48965.19,47968.16,60882.22,53880.06833333333,50370.41,54688.280416666676
2026-04-24 13:32:26.250940,61169.22,21.2,26,11.6,0,13,4,4,114,0,-0.2588190451025208,-0.9659258262890683,0.8660254037844387,-0.4999999999999998,-0.433883739117558,-0.9009688679024191,62298.92,60145.34,62051.93,50908.8,47518.54,61098.58,56102.35666666667,51564.64000000001,54747.30958333333
2026-04-24 14:32:26.250940,59111.35,22.2,21,12.5,0,14,4,4,114,0,-0.4999999999999997,-0.8660254037844388,0.8660254037844387,-0.4999999999999998,-0.433883739117558,-0.9009688679024191,61169.22,62298.92,60145.34,50593.85,46582.95,59952.49,57812.426666666666,52702.19666666666,54750.25291666667
2026-04-24 15:32:26.250940,59471.94,22.8,19,13.7,0,15,4,4,114,0,-0.7071067811865471,-0.7071067811865479,0.8660254037844387,-0.4999999999999998,-0.433883739117558,-0.9009688679024191,59111.35,61169.22,62298.92,50615.3,45722.12,61268.23,59232.01,53746.23,54715.20541666667
2026-04-24 16:32:26.250940,61166.91,23.2,17,14.4,0,16,4,4,114,0,-0.8660254037844385,-0.5000000000000004,0.8660254037844387,-0.4999999999999998,-0.433883739117558,-0.9009688679024191,59471.94,59111.35,61169.22,62051.93,46276.04,58931.42,60708.11666666666,54892.04833333334,54640.36000000001
2026-04-24 17:32:26.250940,59561.54,22.9,18,14.2,0,17,4,4,114,0,-0.9659258262890683,-0.25881904510252063,0.8660254037844387,-0.4999999999999998,-0.433883739117558,-0.9009688679024191,61166.91,59471.94,59111.35,60145.34,47096.7,59415.43,60560.613333333335,56132.95416666666,54733.50541666666
2026-04-24 18:32:26.250940,64188.46,22.3,20,13.4,0,18,4,4,114,0,-1.0,-1.8369701987210297e-16,0.8660254037844387,-0.4999999999999998,-0.433883739117558,-0.9009688679024191,59561.54,61166.91,59471.94,62298.92,48965.19,61805.45,60463.31333333333,57171.690833333334,54739.59333333333
2026-04-24 19:32:26.250940,62195.85,21.5,25,13.0,0,19,4,4,114,0,-0.9659258262890684,0.2588190451025203,0.8660254037844387,-0.4999999999999998,-0.433883739117558,-0.9009688679024191,64188.46,59561.54,61166.91,61169.22,50908.8,65125.49,60778.236666666664,58440.29666666666,54838.885416666664
2026-04-24 20:32:26.250940,62779.55,20.4,28,11.0,0,20,4,4,114,0,-0.8660254037844386,0.5000000000000001,0.8660254037844387,-0.4999999999999998,-0.433883739117558,-0.9009688679024191,62195.85,64188.46,59561.54,59111.35,50593.85,62021.18,60949.34166666667,59380.88416666668,54716.817083333335
2026-04-24 21:32:26.250940,63294.73,18.6,30,10.4,0,21,4,4,114,0,-0.7071067811865477,0.7071067811865474,0.8660254037844387,-0.4999999999999998,-0.433883739117558,-0.9009688679024191,62779.55,62195.85,64188.46,59471.94,50615.3,64271.13,61560.708333333336,60396.35916666666,54748.41583333333
2026-04-24 22:32:26.250940,45997.76,16.5,36,9.7,0,22,4,4,114,0,-0.5000000000000004,0.8660254037844384,0.8660254037844387,-0.4999999999999998,-0.433883739117558,-0.9009688679024191,63294.73,62779.55,62195.85,61166.91,62051.93,45731.92,62197.840000000004,61452.97833333333,54707.732500000006
2026-04-24 23:32:26.250940,46081.37,15.1,41,9.3,0,23,4,4,114,0,-0.25881904510252157,0.9659258262890681,0.8660254037844387,-0.4999999999999998,-0.433883739117558,-0.9009688679024191,45997.76,63294.73,62779.55,59561.54,60145.34,47570.27,59669.64833333334,60115.13083333333,54718.80916666667
2026-04-25 00:32:26.250940,41895.37,13.8,46,7.0,0,0,5,4,115,1,0.0,1.0,0.8660254037844387,-0.4999999999999998,-0.9749279121818236,-0.2225209339563146,46081.37,45997.76,63294.73,64188.46,62298.92,47968.16,57422.95333333334,58943.13333333333,54656.77166666667
2026-04-25 01:32:26.250940,43311.74,12.6,47,6.1,46,1,5,4,115,1,0.25881904510252074,0.9659258262890683,0.8660254037844387,-0.4999999999999998,-0.9749279121818236,-0.2225209339563146,41895.37,46081.37,45997.76,62195.85,61169.22,47518.54,53707.43833333333,57242.8375,54403.73875
2026-04-25 02:32:26.250940,43548.83,11.6,51,6.5,37,2,5,4,115,1,0.49999999999999994,0.8660254037844387,0.8660254037844387,-0.4999999999999998,-0.9749279121818236,-0.2225209339563146,43311.74,41895.37,46081.37,62779.55,59111.35,46582.95,50560.08666666667,55754.71416666667,54228.45541666667
2026-04-25 03:32:26.250940,43296.42,10.9,57,6.5,31,3,5,4,115,1,0.7071067811865476,0.7071067811865476,0.8660254037844387,-0.4999999999999998,-0.9749279121818236,-0.2225209339563146,43548.83,43311.74,41895.37,63294.73,59471.94,45722.12,47354.96666666667,54457.8375,54102.033749999995
2026-04-25 04:32:26.250940,43473.87,9.7,63,6.1,0,4,5,4,115,1,0.8660254037844386,0.5000000000000001,0.8660254037844387,-0.4999999999999998,-0.9749279121818236,-0.2225209339563146,43296.42,43548.83,43311.74,45997.76,61166.91,46276.04,44021.915,53109.8775,54000.96291666667
2026-04-25 05:32:26.250940,42419.79,9.0,68,5.4,0,5,5,4,115,1,0.9659258262890683,0.25881904510252074,0.8660254037844387,-0.4999999999999998,-0.9749279121818236,-0.2225209339563146,43473.87,43296.42,43548.83,46081.37,59561.54,47096.7,43601.26666666666,51635.45750000001,53884.20583333333
2026-04-25 06:32:26.250940,46454.14,8.6,70,5.8,0,6,5,4,115,1,1.0,6.123233995736766e-17,0.8660254037844387,-0.4999999999999998,-0.9749279121818236,-0.2225209339563146,42419.79,43473.87,43296.42,41895.37,64188.46,48965.19,42991.003333333334,50206.97833333333,53689.33458333334
2026-04-25 07:32:26.250940,46199.02,8.7,71,5.8,0,7,5,4,115,1,0.9659258262890683,-0.25881904510252063,0.8660254037844387,-0.4999999999999998,-0.9749279121818236,-0.2225209339563146,46454.14,42419.79,43473.87,43311.74,62195.85,50908.8,43750.79833333333,48729.11833333334,53584.70750000001
2026-04-25 08:32:26.250940,44730.03,10.0,65,6.5,0,8,5,4,115,1,0.8660254037844387,-0.4999999999999998,0.8660254037844387,-0.4999999999999998,-0.9749279121818236,-0.2225209339563146,46199.02,46454.14,42419.79,43548.83,62779.55,50593.85,44232.011666666665,47396.04916666667,53388.466666666674
2026-04-25 09:32:26.250940,44343.38,12.0,58,7.4,5,9,5,4,115,1,0.7071067811865476,-0.7071067811865475,0.8660254037844387,-0.4999999999999998,-0.9749279121818236,-0.2225209339563146,44730.03,46199.02,46454.14,43296.42,63294.73,50615.3,44428.878333333334,45891.92249999999,53144.14083333333
2026-04-25 10:32:26.250940,56712.26,15.2,47,6.0,2,10,5,4,115,1,0.49999999999999994,-0.8660254037844387,0.8660254037844387,-0.4999999999999998,-0.9749279121818236,-0.2225209339563146,44343.38,44730.03,46199.02,43473.87,45997.76,62051.93,44603.371666666666,44312.64333333333,52882.81083333333
2026-04-25 11:32:26.250940,54474.03,17.7,40,5.6,0,11,5,4,115,1,0.258819045102521,-0.9659258262890682,0.8660254037844387,-0.4999999999999998,-0.9749279121818236,-0.2225209339563146,56712.26,44343.38,44730.03,42419.79,46081.37,60145.34,46809.77,45205.51833333333,52660.324583333335
2026-04-25 12:32:26.250940,56708.73,20.0,33,7.1,0,12,5,4,115,1,1.2246467991473532e-16,-1.0,0.8660254037844387,-0.4999999999999998,-0.9749279121818236,-0.2225209339563146,54474.03,56712.26,44343.38,46454.14,41895.37,62298.92,48818.81,45904.90666666667,52424.02
2026-04-25 13:32:26.250940,57076.46,21.6,27,4.3,1,13,5,4,115,1,-0.2588190451025208,-0.9659258262890683,0.8660254037844387,-0.4999999999999998,-0.9749279121818236,-0.2225209339563146,56708.73,54474.03,56712.26,46199.02,43311.74,61169.22,50527.90833333333,47139.35333333333,52191.09541666667
2026-04-25 14:32:26.250940,55903.75,22.9,24,1.1,13,14,5,4,115,1,-0.4999999999999997,-0.8660254037844388,0.8660254037844387,-0.4999999999999998,-0.9749279121818236,-0.2225209339563146,57076.46,56708.73,54474.03,44730.03,43548.83,59111.35,52340.815,48286.41333333333,52020.56375
2026-04-25 15:32:26.250940,54270.25,23.3,20,4.7,100,15,5,4,115,1,-0.7071067811865471,-0.7071067811865479,0.8660254037844387,-0.4999999999999998,-0.9749279121818236,-0.2225209339563146,55903.75,57076.46,56708.73,44343.38,43296.42,59471.94,54203.10166666666,49315.99,51886.91375
2026-04-25 16:32:26.250940,54844.25,23.7,18,4.8,80,16,5,4,115,1,-0.8660254037844385,-0.5000000000000004,0.8660254037844387,-0.4999999999999998,-0.9749279121818236,-0.2225209339563146,54270.25,55903.75,57076.46,56712.26,43473.87,61166.91,55857.58000000001,50230.47583333333,51670.176666666666
2026-04-25 17:32:26.250940,55150.56,23.5,21,6.2,100,17,5,4,115,1,-0.9659258262890683,-0.25881904510252063,0.8660254037844387,-0.4999999999999998,-0.9749279121818236,-0.2225209339563146,54844.25,54270.25,55903.75,54474.03,42419.79,59561.54,55546.245,51178.0075,51406.732500000006
2026-04-25 18:32:26.250940,58964.98,22.9,23,13.2,100,18,5,4,115,1,-1.0,-1.8369701987210297e-16,0.8660254037844387,-0.4999999999999998,-0.9749279121818236,-0.2225209339563146,55150.56,54844.25,54270.25,56708.73,46454.14,64188.46,55659.0,52238.905,51222.94166666667
2026-04-25 19:32:26.250940,59933.08,21.2,29,13.0,100,19,5,4,115,1,-0.9659258262890684,0.2588190451025203,0.8660254037844387,-0.4999999999999998,-0.9749279121818236,-0.2225209339563146,58964.98,55150.56,54844.25,57076.46,46199.02,62195.85,56035.041666666664,53281.475,51005.29666666667
2026-04-25 20:32:26.250940,58429.84,19.3,34,13.9,100,20,5,4,115,1,-0.8660254037844386,0.5000000000000001,0.8660254037844387,-0.4999999999999998,-0.9749279121818236,-0.2225209339563146,59933.08,58964.98,55150.56,55903.75,44730.03,62779.55,56511.145,54425.97999999999,50911.01458333333
2026-04-25 21:32:26.250940,58910.34,17.8,37,10.9,100,21,5,4,115,1,-0.7071067811865477,0.7071067811865474,0.8660254037844387,-0.4999999999999998,-0.9749279121818236,-0.2225209339563146,58429.84,59933.08,58964.98,54270.25,44343.38,63294.73,56932.159999999996,55567.630833333336,50729.776666666665
2026-04-25 22:32:26.250940,43564.45,16.9,36,8.9,32,22,5,4,115,1,-0.5000000000000004,0.8660254037844384,0.8660254037844387,-0.4999999999999998,-0.9749279121818236,-0.2225209339563146,58910.34,58429.84,59933.08,54844.25,56712.26,45997.76,57705.50833333333,56781.54416666667,50547.09375
2026-04-25 23:32:26.250940,41833.83,15.4,41,6.8,35,23,5,4,115,1,-0.25881904510252157,0.9659258262890681,0.8660254037844387,-0.4999999999999998,-0.9749279121818236,-0.2225209339563146,43564.45,58910.34,58429.84,55150.56,54474.03,46081.37,55825.541666666664,55685.89333333333,50445.70583333333
2026-04-26 00:32:26.250940,42631.52,14.2,44,5.9,26,0,6,4,116,1,0.0,1.0,0.8660254037844387,-0.4999999999999998,-0.7818314824680299,0.6234898018587334,41833.83,43564.45,58910.34,58964.98,56708.73,41895.37,53606.08666666666,54632.543333333335,50268.725000000006
2026-04-26 01:32:26.250940,42981.31,13.4,43,5.5,0,1,6,4,116,1,0.25881904510252074,0.9659258262890683,0.8660254037844387,-0.4999999999999998,-0.7818314824680299,0.6234898018587334,42631.52,41833.83,43564.45,59933.08,57076.46,43311.74,50883.84333333333,53459.442500000005,50299.39791666666
2026-04-26 02:32:26.250940,42635.31,12.4,45,5.5,0,2,6,4,116,1,0.49999999999999994,0.8660254037844387,0.8660254037844387,-0.4999999999999998,-0.7818314824680299,0.6234898018587334,42981.31,42631.52,41833.83,58429.84,55903.75,43548.83,48058.54833333333,52284.84666666667,50285.63
2026-04-26 03:32:26.250940,43253.38,11.4,47,5.9,9,3,6,4,116,1,0.7071067811865476,0.7071067811865476,0.8660254037844387,-0.4999999999999998,-0.7818314824680299,0.6234898018587334,42635.31,42981.31,42631.52,58910.34,54270.25,43296.42,45426.12666666667,51179.14333333333,50247.56666666667
2026-04-26 04:32:26.250940,44109.17,10.6,50,4.7,0,4,6,4,116,1,0.8660254037844386,0.5000000000000001,0.8660254037844387,-0.4999999999999998,-0.7818314824680299,0.6234898018587334,43253.38,42635.31,42981.31,43564.45,54844.25,43473.87,42816.63333333333,50261.07083333333,50245.77333333332
2026-04-26 05:32:26.250940,43583.77,9.8,52,4.7,0,5,6,4,116,1,0.9659258262890683,0.25881904510252074,0.8660254037844387,-0.4999999999999998,-0.7818314824680299,0.6234898018587334,44109.17,43253.38,42635.31,41833.83,55150.56,42419.79,42907.42,49366.480833333335,50272.24416666667
2026-04-26 06:32:26.250940,45762.96,9.2,54,5.1,0,6,6,4,116,1,1.0,6.123233995736766e-17,0.8660254037844387,-0.4999999999999998,-0.7818314824680299,0.6234898018587334,43583.77,44109.17,43253.38,42631.52,58964.98,46454.14,43199.07666666666,48402.581666666665,50320.74333333334
2026-04-26 07:32:26.250940,44747.22,10.0,54,5.8,0,7,6,4,116,1,0.9659258262890683,-0.25881904510252063,0.8660254037844387,-0.4999999999999998,-0.7818314824680299,0.6234898018587334,45762.96,43583.77,44109.17,42981.31,59933.08,46199.02,43720.98333333333,47302.41333333333,50291.94416666666
2026-04-26 08:32:26.250940,45485.08,11.0,52,6.3,0,8,6,4,116,1,0.8660254037844387,-0.4999999999999998,0.8660254037844387,-0.4999999999999998,-0.7818314824680299,0.6234898018587334,44747.22,45762.96,43583.77,42635.31,58429.84,44730.03,44015.301666666666,46036.924999999996,50231.45250000001
2026-04-26 09:32:26.250940,45146.74,12.8,49,6.4,3,9,6,4,116,1,0.7071067811865476,-0.7071067811865475,0.8660254037844387,-0.4999999999999998,-0.7818314824680299,0.6234898018587334,45485.08,44747.22,45762.96,43253.38,58910.34,44343.38,44490.263333333336,44958.195,50262.912916666675
2026-04-26 10:32:26.250940,56046.9,15.5,38,6.9,100,10,6,4,116,1,0.49999999999999994,-0.8660254037844387,0.8660254037844387,-0.4999999999999998,-0.7818314824680299,0.6234898018587334,45146.74,45485.08,44747.22,44109.17,43564.45,56712.26,44805.823333333334,43811.22833333333,50296.38625
2026-04-26 11:32:26.250940,54296.07,17.5,33,7.7,100,11,6,4,116,1,0.258819045102521,-0.9659258262890682,0.8660254037844387,-0.4999999999999998,-0.7818314824680299,0.6234898018587334,56046.9,45146.74,45485.08,43583.77,41833.83,54474.03,46795.445,44851.432499999995,50268.66291666666
2026-04-26 12:32:26.250940,56882.34,19.4,25,8.7,0,12,6,4,116,1,1.2246467991473532e-16,-1.0,0.8660254037844387,-0.4999999999999998,-0.7818314824680299,0.6234898018587334,54296.07,56046.9,45146.74,45762.96,42631.52,56708.73,48580.82833333333,45889.95250000001,50261.24791666667
2026-04-26 13:32:26.250940,54995.66,20.5,22,8.9,0,13,6,4,116,1,-0.2588190451025208,-0.9659258262890683,0.8660254037844387,-0.4999999999999998,-0.7818314824680299,0.6234898018587334,56882.34,54296.07,56046.9,44747.22,42981.31,57076.46,50434.05833333333,47077.520833333336,50268.48166666666
2026-04-26 14:32:26.250940,55226.98,21.5,18,7.9,100,14,6,4,116,1,-0.4999999999999997,-0.8660254037844388,0.8660254037844387,-0.4999999999999998,-0.7818314824680299,0.6234898018587334,54995.66,56882.34,54296.07,45485.08,42635.31,55903.75,52142.13166666666,48078.71666666667,50181.78166666667
2026-04-26 15:32:26.250940,57252.58,22.1,19,8.2,100,15,6,4,116,1,-0.7071067811865471,-0.7071067811865479,0.8660254037844387,-0.4999999999999998,-0.7818314824680299,0.6234898018587334,55226.98,54995.66,56882.34,45146.74,43253.38,54270.25,53765.78166666667,49128.0225,50153.582916666666
2026-04-26 16:32:26.250940,55894.65,22.8,20,7.9,100,16,6,4,116,1,-0.8660254037844385,-0.5000000000000004,0.8660254037844387,-0.4999999999999998,-0.7818314824680299,0.6234898018587334,57252.58,55226.98,54995.66,56046.9,44109.17,54844.25,55783.42166666666,50294.622500000005,50277.84666666667
2026-04-26 17:32:26.250940,54907.99,22.7,19,7.6,100,17,6,4,116,1,-0.9659258262890683,-0.25881904510252063,0.8660254037844387,-0.4999999999999998,-0.7818314824680299,0.6234898018587334,55894.65,57252.58,55226.98,54296.07,43583.77,55150.56,55758.04666666667,51276.74583333333,50321.613333333335
2026-04-26 18:32:26.250940,58724.93,22.3,20,9.8,100,18,6,4,116,1,-1.0,-1.8369701987210297e-16,0.8660254037844387,-0.4999999999999998,-0.7818314824680299,0.6234898018587334,54907.99,55894.65,57252.58,56882.34,45762.96,58964.98,55860.03333333333,52220.43083333334,50311.50625
2026-04-26 19:32:26.250940,59342.12,20.9,25,9.3,100,19,6,4,116,1,-0.9659258262890684,0.2588190451025203,0.8660254037844387,-0.4999999999999998,-0.7818314824680299,0.6234898018587334,58724.93,54907.99,55894.65,54995.66,44747.22,59933.08,56167.13166666666,53300.595,50301.50416666666
2026-04-26 20:32:26.250940,59716.68,19.9,29,8.4,100,20,6,4,116,1,-0.8660254037844386,0.5000000000000001,0.8660254037844387,-0.4999999999999998,-0.7818314824680299,0.6234898018587334,59342.12,58724.93,54907.99,55226.98,45485.08,58429.84,56891.541666666664,54516.83666666667,50276.880833333336
2026-04-26 21:32:26.250940,58075.72,18.9,36,8.6,100,21,6,4,116,1,-0.7071067811865477,0.7071067811865474,0.8660254037844387,-0.4999999999999998,-0.7818314824680299,0.6234898018587334,59716.68,59342.12,58724.93,57252.58,45146.74,58910.34,57639.82499999999,55702.80333333334,50330.49916666667
2026-04-26 22:32:26.250940,43592.77,17.7,43,8.9,95,22,6,4,116,1,-0.5000000000000004,0.8660254037844384,0.8660254037844387,-0.4999999999999998,-0.7818314824680299,0.6234898018587334,58075.72,59716.68,59342.12,55894.65,56046.9,43564.45,57777.01500000001,56780.21833333333,50295.72333333333
2026-04-26 23:32:26.250940,42818.39,16.3,48,9.4,84,23,6,4,116,1,-0.25881904510252157,0.9659258262890681,0.8660254037844387,-0.4999999999999998,-0.7818314824680299,0.6234898018587334,43592.77,58075.72,59716.68,54907.99,54296.07,41833.83,55726.70166666667,55742.37416666667,50296.90333333333
2026-04-27 00:32:26.250940,47671.68,15.2,51,8.1,37,0,0,4,117,0,0.0,1.0,0.8660254037844387,-0.4999999999999998,0.0,1.0,42818.39,43592.77,58075.72,58724.93,56882.34,42631.52,53711.76833333333,54785.90083333334,50337.926666666666
2026-04-27 01:32:26.250940,47745.07,14.1,53,5.8,60,1,0,4,117,0,0.25881904510252074,0.9659258262890683,0.8660254037844387,-0.4999999999999998,0.0,1.0,47671.68,42818.39,43592.77,59342.12,54995.66,42981.31,51869.56,54018.34583333333,50547.93333333334
2026-04-27 02:32:26.250940,46905.33,13.2,56,5.5,0,2,0,4,117,0,0.49999999999999994,0.8660254037844387,0.8660254037844387,-0.4999999999999998,0.0,1.0,47745.07,47671.68,42818.39,59716.68,55226.98,42635.31,49936.71833333333,53414.130000000005,50746.42333333334
2026-04-27 03:32:26.250940,46094.37,12.1,61,6.1,2,3,0,4,117,0,0.7071067811865476,0.7071067811865476,0.8660254037844387,-0.4999999999999998,0.0,1.0,46905.33,47745.07,47671.68,58075.72,57252.58,43253.38,47801.49333333334,52720.65916666667,50924.34083333333
2026-04-27 04:32:26.250940,47679.18,11.1,64,6.1,93,4,0,4,117,0,0.8660254037844386,0.5000000000000001,0.8660254037844387,-0.4999999999999998,0.0,1.0,46094.37,46905.33,47745.07,43592.77,55894.65,44109.17,45804.60166666666,51790.80833333333,51042.71541666667
2026-04-27 05:32:26.250940,46686.68,10.5,66,6.1,88,5,0,4,117,0,0.9659258262890683,0.25881904510252074,0.8660254037844387,-0.4999999999999998,0.0,1.0,47679.18,46094.37,46905.33,42818.39,54907.99,43583.77,46485.670000000006,51106.185833333344,51191.46583333333
2026-04-27 06:32:26.250940,50829.28,10.0,68,6.6,100,6,0,4,117,0,1.0,6.123233995736766e-17,0.8660254037844387,-0.4999999999999998,0.0,1.0,46686.68,47679.18,46094.37,47671.68,58724.93,45762.96,47130.385,50421.07666666666,51320.753749999996
2026-04-27 07:32:26.250940,48949.18,10.6,66,6.5,100,7,0,4,117,0,0.9659258262890683,-0.25881904510252063,0.8660254037844387,-0.4999999999999998,0.0,1.0,50829.28,46686.68,47679.18,47745.07,59342.12,44747.22,47656.65166666667,49763.105833333335,51531.85041666666
2026-04-27 08:32:26.250940,48302.23,11.3,63,7.2,100,8,0,4,117,0,0.8660254037844387,-0.4999999999999998,0.8660254037844387,-0.4999999999999998,0.0,1.0,48949.18,50829.28,46686.68,46905.33,59716.68,45485.08,47857.33666666667,48897.027500000004,51706.93208333334
2026-04-27 09:32:26.250940,50850.09,12.7,57,7.2,100,9,0,4,117,0,0.7071067811865476,-0.7071067811865475,0.8660254037844387,-0.4999999999999998,0.0,1.0,48302.23,48949.18,50829.28,46094.37,58075.72,45146.74,48090.15333333334,47945.823333333334,51824.31333333333
2026-04-27 10:32:26.250940,62190.47,15.3,49,7.2,93,10,0,4,117,0,0.49999999999999994,-0.8660254037844387,0.8660254037844387,-0.4999999999999998,0.0,1.0,50850.09,48302.23,48949.18,47679.18,43592.77,56046.9,48882.77333333334,47343.6875,52061.95291666666
2026-04-27 11:32:26.250940,61950.95,17.3,43,7.9,100,11,0,4,117,0,0.258819045102521,-0.9659258262890682,0.8660254037844387,-0.4999999999999998,0.0,1.0,62190.47,50850.09,48302.23,46686.68,42818.39,54296.07,51301.32166666666,48893.49583333333,52317.935
2026-04-27 12:32:26.250940,59705.45,19.2,38,7.3,100,12,0,4,117,0,1.2246467991473532e-16,-1.0,0.8660254037844387,-0.4999999999999998,0.0,1.0,61950.95,62190.47,50850.09,50829.28,47671.68,56882.34,53845.36666666667,50487.87583333333,52636.888333333336
2026-04-27 13:32:26.250940,59712.65,20.3,39,7.3,100,13,0,4,117,0,-0.2588190451025208,-0.9659258262890683,0.8660254037844387,-0.4999999999999998,0.0,1.0,59705.45,61950.95,62190.47,48949.18,47745.07,54995.66,55324.72833333333,51490.69,52754.51791666667
2026-04-27 14:32:26.250940,60392.07,21.2,38,7.3,100,14,0,4,117,0,-0.4999999999999997,-0.8660254037844388,0.8660254037844387,-0.4999999999999998,0.0,1.0,59712.65,59705.45,61950.95,48302.23,46905.33,55226.98,57118.63999999999,52487.988333333335,52951.059166666666
2026-04-27 15:32:26.250940,58929.84,22.1,33,8.0,100,15,0,4,117,0,-0.7071067811865471,-0.7071067811865479,0.8660254037844387,-0.4999999999999998,0.0,1.0,60392.07,59712.65,59705.45,50850.09,46094.37,57252.58,59133.613333333335,53611.88333333333,53166.27125
2026-04-27 16:32:26.250940,60620.18,22.0,36,8.0,100,16,0,4,117,0,-0.8660254037844385,-0.5000000000000004,0.8660254037844387,-0.4999999999999998,0.0,1.0,58929.84,60392.07,59712.65,62190.47,47679.18,55894.65,60480.23833333332,54681.505833333336,53236.15708333333
2026-04-27 17:32:26.250940,60058.83,22.0,34,8.6,91,17,0,4,117,0,-0.9659258262890683,-0.25881904510252063,0.8660254037844387,-0.4999999999999998,0.0,1.0,60620.18,58929.84,60392.07,61950.95,46686.68,54907.99,60218.52333333334,55759.92249999999,53433.05416666667
2026-04-27 18:32:26.250940,64497.36,21.5,34,10.0,100,18,0,4,117,0,-1.0,-1.8369701987210297e-16,0.8660254037844387,-0.4999999999999998,0.0,1.0,60058.83,60620.18,58929.84,59705.45,50829.28,58724.93,59903.16999999999,56874.26833333333,53647.67249999999
2026-04-27 19:32:26.250940,63513.09,20.6,37,11.9,99,19,0,4,117,0,-0.9659258262890684,0.2588190451025203,0.8660254037844387,-0.4999999999999998,0.0,1.0,64497.36,60058.83,60620.18,59712.65,48949.18,59342.12,60701.82166666666,58013.275,53888.19041666667
2026-04-27 20:32:26.250940,61614.35,19.4,40,14.0,100,20,0,4,117,0,-0.8660254037844386,0.5000000000000001,0.8660254037844387,-0.4999999999999998,0.0,1.0,63513.09,64497.36,60058.83,60392.07,48302.23,59716.68,61335.22833333333,59226.934166666666,54061.980833333335
2026-04-27 21:32:26.250940,64972.54,17.9,38,11.3,100,21,0,4,117,0,-0.7071067811865477,0.7071067811865474,0.8660254037844387,-0.4999999999999998,0.0,1.0,61614.35,63513.09,64497.36,58929.84,50850.09,58075.72,61538.94166666667,60336.2775,54141.050416666665
2026-04-27 22:32:26.250940,46009.57,16.9,40,8.4,100,22,0,4,117,0,-0.5000000000000004,0.8660254037844384,0.8660254037844387,-0.4999999999999998,0.0,1.0,64972.54,61614.35,63513.09,60620.18,62190.47,43592.77,62546.05833333334,61513.14833333334,54428.417916666665
2026-04-27 23:32:26.250940,48140.25,16.0,42,10.2,100,23,0,4,117,0,-0.25881904510252157,0.9659258262890681,0.8660254037844387,-0.4999999999999998,0.0,1.0,46009.57,64972.54,61614.35,60058.83,61950.95,42818.39,60110.956666666665,60164.74,54529.11791666667
2026-04-28 00:32:26.250940,47347.79,14.6,48,9.4,100,0,1,4,118,0,0.0,1.0,0.8660254037844387,-0.4999999999999998,0.7818314824680298,0.6234898018587336,48140.25,46009.57,64972.54,64497.36,59705.45,47671.68,58124.52666666667,59013.84833333333,54750.86208333333
2026-04-28 01:32:26.250940,45602.07,13.7,55,10.5,93,1,1,4,118,0,0.25881904510252074,0.9659258262890683,0.8660254037844387,-0.4999999999999998,0.7818314824680298,0.6234898018587336,47347.79,48140.25,46009.57,63513.09,59712.65,47745.07,55266.26499999999,57984.043333333335,54737.36666666667
2026-04-28 02:32:26.250940,46038.81,12.5,61,11.6,62,2,1,4,118,0,0.49999999999999994,0.8660254037844387,0.8660254037844387,-0.4999999999999998,0.7818314824680298,0.6234898018587336,45602.07,47347.79,48140.25,61614.35,60392.07,46905.33,52281.095,56808.16166666666,54648.07499999999
2026-04-28 03:32:26.250940,48085.87,11.7,63,9.4,0,3,1,4,118,0,0.7071067811865476,0.7071067811865476,0.8660254037844387,-0.4999999999999998,0.7818314824680298,0.6234898018587336,46038.81,45602.07,47347.79,64972.54,58929.84,46094.37,49685.17166666667,55612.05666666667,54611.97
2026-04-28 04:32:26.250940,46106.0,11.2,64,10.1,100,4,1,4,118,0,0.8660254037844386,0.5000000000000001,0.8660254037844387,-0.4999999999999998,0.7818314824680298,0.6234898018587336,48085.87,46038.81,45602.07,46009.57,60620.18,47679.18,46870.72666666666,54708.39250000001,54694.949166666665
2026-04-28 05:32:26.250940,47324.39,11.0,65,10.2,96,5,1,4,118,0,0.9659258262890683,0.25881904510252074,0.8660254037844387,-0.4999999999999998,0.7818314824680298,0.6234898018587336,46106.0,48085.87,46038.81,48140.25,60058.83,46686.68,46886.79833333333,53498.8775,54629.4
2026-04-28 06:32:26.250940,48762.15,10.8,65,9.5,98,6,1,4,118,0,1.0,6.123233995736766e-17,0.8660254037844387,-0.4999999999999998,0.7818314824680298,0.6234898018587336,47324.39,46106.0,48085.87,47347.79,64497.36,50829.28,46750.82166666666,52437.67416666667,54655.97125
2026-04-28 07:32:26.250940,50212.18,10.6,63,10.2,88,7,1,4,118,0,0.9659258262890683,-0.25881904510252063,0.8660254037844387,-0.4999999999999998,0.7818314824680298,0.6234898018587336,48762.15,47324.39,46106.0,45602.07,63513.09,48949.18,46986.54833333334,51126.406666666655,54569.84083333334
2026-04-28 08:32:26.250940,50827.41,11.4,59,10.9,100,8,1,4,118,0,0.8660254037844387,-0.4999999999999998,0.8660254037844387,-0.4999999999999998,0.7818314824680298,0.6234898018587336,50212.18,48762.15,47324.39,46038.81,61614.35,48302.23,47754.9,50017.9975,54622.46583333333
2026-04-28 09:32:26.250940,48122.68,12.4,56,11.9,82,9,1,4,118,0,0.7071067811865476,-0.7071067811865475,0.8660254037844387,-0.4999999999999998,0.7818314824680298,0.6234898018587336,50827.41,50212.18,48762.15,48085.87,64972.54,50850.09,48553.0,49119.08583333334,54727.681666666664
2026-04-28 10:32:26.250940,59311.27,14.2,52,11.1,69,10,1,4,118,0,0.49999999999999994,-0.8660254037844387,0.8660254037844387,-0.4999999999999998,0.7818314824680298,0.6234898018587336,48122.68,50827.41,50212.18,46106.0,46009.57,62190.47,48559.135,47714.930833333325,54614.03958333333
2026-04-28 11:32:26.250940,60553.66,16.0,48,12.1,48,11,1,4,118,0,0.258819045102521,-0.9659258262890682,0.8660254037844387,-0.4999999999999998,0.7818314824680298,0.6234898018587336,59311.27,48122.68,50827.41,47324.39,48140.25,61950.95,50760.013333333336,48823.40583333333,54494.072916666664
2026-04-28 12:32:26.250940,59846.89,17.6,44,12.3,43,12,1,4,118,0,1.2246467991473532e-16,-1.0,0.8660254037844387,-0.4999999999999998,0.7818314824680298,0.6234898018587336,60553.66,59311.27,48122.68,48762.15,47347.79,59705.45,52964.89166666666,49857.85666666667,54435.8525
2026-04-28 13:32:26.250940,60017.98,19.1,40,11.4,74,13,1,4,118,0,-0.2588190451025208,-0.9659258262890683,0.8660254037844387,-0.4999999999999998,0.7818314824680298,0.6234898018587336,59846.89,60553.66,59311.27,50212.18,45602.07,59712.65,54812.34833333333,50899.448333333334,54441.74583333333
2026-04-28 14:32:26.250940,59187.52,20.0,38,11.5,99,14,1,4,118,0,-0.4999999999999997,-0.8660254037844388,0.8660254037844387,-0.4999999999999998,0.7818314824680298,0.6234898018587336,60017.98,59846.89,60553.66,50827.41,46038.81,60392.07,56446.64833333334,52100.77416666667,54454.46791666667
2026-04-28 15:32:26.250940,58690.4,20.4,36,14.6,51,15,1,4,118,0,-0.7071067811865471,-0.7071067811865479,0.8660254037844387,-0.4999999999999998,0.7818314824680298,0.6234898018587336,59187.52,60017.98,59846.89,48122.68,48085.87,58929.84,57840.0,53196.5,54404.27833333333
2026-04-28 16:32:26.250940,62053.68,20.6,38,14.6,68,16,1,4,118,0,-0.8660254037844385,-0.5000000000000004,0.8660254037844387,-0.4999999999999998,0.7818314824680298,0.6234898018587336,58690.4,59187.52,60017.98,59311.27,46106.0,60620.18,59601.286666666674,54080.21083333334,54394.301666666666
2026-04-28 17:32:26.250940,60979.99,20.9,38,13.9,73,17,1,4,118,0,-0.9659258262890683,-0.25881904510252063,0.8660254037844387,-0.4999999999999998,0.7818314824680298,0.6234898018587336,62053.68,58690.4,59187.52,60553.66,47324.39,60058.83,60058.355,55409.184166666666,54454.03083333333
2026-04-28 18:32:26.250940,63473.5,20.9,39,13.9,43,18,1,4,118,0,-1.0,-1.8369701987210297e-16,0.8660254037844387,-0.4999999999999998,0.7818314824680298,0.6234898018587336,60979.99,62053.68,58690.4,59846.89,48762.15,64497.36,60129.41,56547.150833333326,54492.412500000006
2026-04-28 19:32:26.250940,64782.49,20.3,40,12.6,0,19,1,4,118,0,-0.9659258262890684,0.2588190451025203,0.8660254037844387,-0.4999999999999998,0.7818314824680298,0.6234898018587336,63473.5,60979.99,62053.68,60017.98,50212.18,63513.09,60733.845,57773.09666666666,54449.75166666667
2026-04-28 20:32:26.250940,63780.5,20.0,41,10.8,0,20,1,4,118,0,-0.8660254037844386,0.5000000000000001,0.8660254037844387,-0.4999999999999998,0.7818314824680298,0.6234898018587336,64782.49,63473.5,60979.99,59187.52,50827.41,61614.35,61527.92999999999,58987.28916666666,54502.64333333333
2026-04-28 21:32:26.250940,63486.84,18.8,45,11.1,53,21,1,4,118,0,-0.7071067811865477,0.7071067811865474,0.8660254037844387,-0.4999999999999998,0.7818314824680298,0.6234898018587336,63780.5,64782.49,63473.5,58690.4,48122.68,64972.54,62293.426666666666,60066.713333333326,54592.89958333334
2026-04-28 22:32:26.250940,46706.24,17.9,46,10.3,85,22,1,4,118,0,-0.5000000000000004,0.8660254037844384,0.8660254037844387,-0.4999999999999998,0.7818314824680298,0.6234898018587336,63486.84,63780.5,64782.49,62053.68,59311.27,46009.57,63092.833333333336,61347.060000000005,54530.99541666667
2026-04-28 23:32:26.250940,46926.25,16.9,49,12.0,61,23,1,4,118,0,-0.25881904510252157,0.9659258262890681,0.8660254037844387,-0.4999999999999998,0.7818314824680298,0.6234898018587336,46706.24,63486.84,63780.5,60979.99,60553.66,48140.25,60534.926666666666,60296.64083333334,54560.02333333334
2026-04-29 00:32:26.250940,46343.83,16.3,48,11.5,67,0,2,4,119,0,0.0,1.0,0.8660254037844387,-0.4999999999999998,0.9749279121818236,-0.22252093395631434,46926.25,46706.24,63486.84,63473.5,59846.89,47347.79,58192.636666666665,59161.02333333334,54509.44
2026-04-29 01:32:26.250940,46613.86,15.9,48,15.6,40,1,2,4,119,0,0.25881904510252074,0.9659258262890683,0.8660254037844387,-0.4999999999999998,0.9749279121818236,-0.22252093395631434,46343.83,46926.25,46706.24,64782.49,60017.98,45602.07,55337.69166666667,58035.76833333333,54467.60833333333
2026-04-29 02:32:26.250940,45943.13,15.4,49,14.2,90,2,2,4,119,0,0.49999999999999994,0.8660254037844387,0.8660254037844387,-0.4999999999999998,0.9749279121818236,-0.22252093395631434,46613.86,46343.83,46926.25,63780.5,59187.52,46038.81,52309.58666666667,56918.75833333333,54509.76625000001
2026-04-29 03:32:26.250940,46881.81,14.7,52,9.2,44,3,2,4,119,0,0.7071067811865476,0.7071067811865476,0.8660254037844387,-0.4999999999999998,0.9749279121818236,-0.22252093395631434,45943.13,46613.86,46343.83,63486.84,58690.4,48085.87,49336.69166666667,55815.059166666666,54505.77958333333
2026-04-29 04:32:26.250940,48005.71,14.3,50,9.8,100,4,2,4,119,0,0.8660254037844386,0.5000000000000001,0.8660254037844387,-0.4999999999999998,0.9749279121818236,-0.22252093395631434,46881.81,45943.13,46613.86,46706.24,62053.68,46106.0,46569.18666666667,54831.01,54455.61041666666
2026-04-29 05:32:26.250940,46798.67,14.1,49,10.6,100,5,2,4,119,0,0.9659258262890683,0.25881904510252074,0.8660254037844387,-0.4999999999999998,0.9749279121818236,-0.22252093395631434,48005.71,46881.81,45943.13,46926.25,60979.99,47324.39,46785.76500000001,53660.34583333333,54534.76499999999
2026-04-29 06:32:26.250940,50053.61,13.7,50,10.4,100,6,2,4,119,0,1.0,6.123233995736766e-17,0.8660254037844387,-0.4999999999999998,0.9749279121818236,-0.22252093395631434,46798.67,48005.71,46881.81,46343.83,63473.5,48762.15,46764.50166666667,52478.569166666675,54512.86000000001
2026-04-29 07:32:26.250940,50645.84,13.5,51,12.6,100,7,2,4,119,0,0.9659258262890683,-0.25881904510252063,0.8660254037844387,-0.4999999999999998,0.9749279121818236,-0.22252093395631434,50053.61,46798.67,48005.71,46613.86,64782.49,50212.18,47382.79833333333,51360.245,54566.67083333334
2026-04-29 08:32:26.250940,48707.27,13.6,50,12.2,100,8,2,4,119,0,0.8660254037844387,-0.4999999999999998,0.8660254037844387,-0.4999999999999998,0.9749279121818236,-0.22252093395631434,50645.84,50053.61,46798.67,45943.13,63780.5,50827.41,48054.795000000006,50182.190833333334,54584.74
2026-04-29 09:32:26.250940,50624.3,14.7,49,12.2,100,9,2,4,119,0,0.7071067811865476,-0.7071067811865475,0.8660254037844387,-0.4999999999999998,0.9749279121818236,-0.22252093395631434,48707.27,50645.84,50053.61,46881.81,63486.84,48122.68,48515.48499999999,48926.08833333334,54496.40083333334
2026-04-29 10:32:26.250940,60708.1,16.2,46,13.3,100,10,2,4,119,0,0.49999999999999994,-0.8660254037844387,0.8660254037844387,-0.4999999999999998,0.9749279121818236,-0.22252093395631434,50624.3,48707.27,50645.84,48005.71,46706.24,59311.27,49139.23333333334,47854.21,54600.635
2026-04-29 11:32:26.250940,60075.48,18.3,41,13.8,100,11,2,4,119,0,0.258819045102521,-0.9659258262890682,0.8660254037844387,-0.4999999999999998,0.9749279121818236,-0.22252093395631434,60708.1,50624.3,48707.27,46798.67,46926.25,60553.66,51256.29833333333,49021.03166666667,54658.83625
2026-04-29 12:32:26.250940,61742.27,20.8,37,15.5,11,12,2,4,119,0,1.2246467991473532e-16,-1.0,0.8660254037844387,-0.4999999999999998,0.9749279121818236,-0.22252093395631434,60075.48,60708.1,50624.3,50053.61,46343.83,59846.89,53469.1,50116.800833333335,54638.91208333333
2026-04-29 13:32:26.250940,59075.29,21.9,35,19.4,100,13,2,4,119,0,-0.2588190451025208,-0.9659258262890683,0.8660254037844387,-0.4999999999999998,0.9749279121818236,-0.22252093395631434,61742.27,60075.48,60708.1,50645.84,46613.86,60017.98,55417.21,51400.00416666667,54717.88625
2026-04-29 14:32:26.250940,59440.56,23.2,32,19.7,100,14,2,4,119,0,-0.4999999999999997,-0.8660254037844388,0.8660254037844387,-0.4999999999999998,0.9749279121818236,-0.22252093395631434,59075.29,61742.27,60075.48,48707.27,45943.13,59187.52,56822.118333333325,52438.456666666665,54678.607500000006
2026-04-29 15:32:26.250940,61625.7,23.9,31,21.1,82,15,2,4,119,0,-0.7071067811865471,-0.7071067811865479,0.8660254037844387,-0.4999999999999998,0.9749279121818236,-0.22252093395631434,59440.56,59075.29,61742.27,50624.3,46881.81,58690.4,58611.0,53563.24249999999,54689.15083333334
2026-04-29 16:32:26.250940,59377.97,24.1,27,21.7,100,16,2,4,119,0,-0.8660254037844385,-0.5000000000000004,0.8660254037844387,-0.4999999999999998,0.9749279121818236,-0.22252093395631434,61625.7,59440.56,59075.29,60708.1,48005.71,62053.68,60444.56666666666,54791.9,54811.454999999994
2026-04-29 17:32:26.250940,61876.41,24.0,25,22.1,100,17,2,4,119,0,-0.9659258262890683,-0.25881904510252063,0.8660254037844387,-0.4999999999999998,0.9749279121818236,-0.22252093395631434,59377.97,61625.7,59440.56,60075.48,46798.67,60979.99,60222.878333333334,55739.58833333334,54699.96708333333
2026-04-29 18:32:26.250940,62141.79,23.3,27,21.6,100,18,2,4,119,0,-1.0,-1.8369701987210297e-16,0.8660254037844387,-0.4999999999999998,0.9749279121818236,-0.22252093395631434,61876.41,59377.97,61625.7,61742.27,50053.61,63473.5,60523.03333333333,56996.06666666667,54737.31791666666
2026-04-29 19:32:26.250940,64218.05,22.2,29,20.2,40,19,2,4,119,0,-0.9659258262890684,0.2588190451025203,0.8660254037844387,-0.4999999999999998,0.9749279121818236,-0.22252093395631434,62141.79,61876.41,59377.97,59075.29,50645.84,64782.49,60589.619999999995,58003.415,54681.829999999994
2026-04-29 20:32:26.250940,63506.87,21.0,31,18.3,0,20,2,4,119,0,-0.8660254037844386,0.5000000000000001,0.8660254037844387,-0.4999999999999998,0.9749279121818236,-0.22252093395631434,64218.05,62141.79,61876.41,59440.56,48707.27,63780.5,61446.74666666667,59134.4325,54658.31166666667
2026-04-29 21:32:26.250940,64464.57,19.4,30,20.8,0,21,2,4,119,0,-0.7071067811865477,0.7071067811865474,0.8660254037844387,-0.4999999999999998,0.9749279121818236,-0.22252093395631434,63506.87,64218.05,62141.79,61625.7,50624.3,63486.84,62124.465000000004,60367.732500000006,54646.91041666666
2026-04-29 22:32:26.250940,46616.01,18.3,29,19.8,0,22,2,4,119,0,-0.5000000000000004,0.8660254037844384,0.8660254037844387,-0.4999999999999998,0.9749279121818236,-0.22252093395631434,64464.57,63506.87,64218.05,59377.97,60708.1,46706.24,62597.61000000001,61521.088333333326,54687.64916666666
2026-04-29 23:32:26.250940,48017.92,16.9,32,19.0,0,23,2,4,119,0,-0.25881904510252157,0.9659258262890681,0.8660254037844387,-0.4999999999999998,0.9749279121818236,-0.22252093395631434,46616.01,64464.57,63506.87,61876.41,60075.48,46926.25,60470.61666666667,60346.7475,54683.88958333333
2026-04-30 00:32:26.250940,47139.74,15.9,33,17.1,0,0,3,4,120,0,0.0,1.0,0.8660254037844387,-0.4999999999999998,0.43388373911755823,-0.900968867902419,48017.92,46616.01,64464.57,62141.79,61742.27,46343.83,58160.86833333334,59341.950833333336,54729.375833333324
2026-04-30 01:32:26.250940,46020.41,15.4,33,17.3,0,1,3,4,120,0,0.25881904510252074,0.9659258262890683,0.8660254037844387,-0.4999999999999998,0.43388373911755823,-0.900968867902419,47139.74,48017.92,46616.01,64218.05,59075.29,46613.86,55660.52666666667,58125.073333333334,54762.53875000001
2026-04-30 02:32:26.250940,46491.74,14.5,35,15.8,0,2,3,4,120,0,0.49999999999999994,0.8660254037844387,0.8660254037844387,-0.4999999999999998,0.43388373911755823,-0.900968867902419,46020.41,47139.74,48017.92,63506.87,59440.56,45943.13,52627.58666666667,57037.166666666664,54737.81166666667
2026-04-30 03:32:26.250940,46851.62,13.8,36,14.8,0,3,3,4,120,0,0.7071067811865476,0.7071067811865476,0.8660254037844387,-0.4999999999999998,0.43388373911755823,-0.900968867902419,46491.74,46020.41,47139.74,64464.57,61625.7,46881.81,49791.73166666667,55958.098333333335,54760.67041666667
2026-04-30 04:32:26.250940,47026.31,13.2,37,15.1,0,4,3,4,120,0,0.8660254037844386,0.5000000000000001,0.8660254037844387,-0.4999999999999998,0.43388373911755823,-0.900968867902419,46851.62,46491.74,46020.41,46616.01,59377.97,48005.71,46856.24,54726.924999999996,54759.4125
2026-04-30 05:32:26.250940,45788.72,12.5,38,15.2,0,5,3,4,120,0,0.9659258262890683,0.25881904510252074,0.8660254037844387,-0.4999999999999998,0.43388373911755823,-0.900968867902419,47026.31,46851.62,46491.74,48017.92,61876.41,46798.67,46924.62333333333,53697.619999999995,54718.604166666664
2026-04-30 06:32:26.250940,49709.36,11.9,40,14.1,0,6,3,4,120,0,1.0,6.123233995736766e-17,0.8660254037844387,-0.4999999999999998,0.43388373911755823,-0.900968867902419,45788.72,47026.31,46851.62,47139.74,62141.79,50053.61,46553.09,52356.979166666664,54676.52291666667
2026-04-30 07:32:26.250940,48966.94,12.0,40,14.8,0,7,3,4,120,0,0.9659258262890683,-0.25881904510252063,0.8660254037844387,-0.4999999999999998,0.43388373911755823,-0.900968867902419,49709.36,45788.72,47026.31,46020.41,64218.05,50645.84,46981.36000000001,51320.943333333336,54662.17916666667
2026-04-30 08:32:26.250940,50319.83,12.7,40,15.1,0,8,3,4,120,0,0.8660254037844387,-0.4999999999999998,0.8660254037844387,-0.4999999999999998,0.43388373911755823,-0.900968867902419,48966.94,49709.36,45788.72,46491.74,63506.87,48707.27,47472.448333333334,50050.017499999994,54592.225
2026-04-30 09:32:26.250940,50152.9,14.3,38,14.1,0,9,3,4,120,0,0.7071067811865476,-0.7071067811865475,0.8660254037844387,-0.4999999999999998,0.43388373911755823,-0.900968867902419,50319.83,48966.94,49709.36,46851.62,64464.57,50624.3,48110.46333333334,48951.0975,54659.415
2026-04-30 10:32:26.250940,61817.09,16.2,37,14.4,0,10,3,4,120,0,0.49999999999999994,-0.8660254037844387,0.8660254037844387,-0.4999999999999998,0.43388373911755823,-0.900968867902419,50152.9,50319.83,48966.94,47026.31,46616.01,60708.1,48660.676666666666,47758.458333333336,54639.77333333334
