timestamp,consumption_mw,region,temperature,humidity,wind_speed,cloud_cover
2025-11-02 00:00:00,6330.0,Ile-de-France,11.7,87,14.4,16
2025-11-02 01:00:00,5898.0,Ile-de-France,11.6,88,14.0,17
2025-11-02 02:00:00,5577.5,Ile-de-France,11.4,92,13.1,98
2025-11-02 03:00:00,5415.5,Ile-de-France,11.6,93,12.0,100
2025-11-02 04:00:00,5447.0,Ile-de-France,10.7,94,12.2,100
2025-11-02 05:00:00,5607.5,Ile-de-France,10.4,95,11.4,100
2025-11-02 06:00:00,5813.0,Ile-de-France,10.2,95,10.6,100
2025-11-02 07:00:00,6026.0,Ile-de-France,10.4,94,11.3,100
2025-11-02 08:00:00,6581.5,Ile-de-France,10.6,95,11.1,100
2025-11-02 09:00:00,7041.0,Ile-de-France,10.2,95,12.3,46
2025-11-02 10:00:00,7456.0,Ile-de-France,10.6,92,13.1,73
2025-11-02 11:00:00,7936.5,Ile-de-France,11.6,88,12.7,97
2025-11-02 12:00:00,8003.5,Ile-de-France,12.0,78,16.7,100
2025-11-02 13:00:00,7679.5,Ile-de-France,12.1,79,14.4,22
2025-11-02 14:00:00,7489.0,Ile-de-France,12.6,72,20.8,50
2025-11-02 15:00:00,7227.0,Ile-de-France,12.9,65,20.5,13
2025-11-02 16:00:00,7429.0,Ile-de-France,13.2,61,19.8,14
2025-11-02 17:00:00,8168.0,Ile-de-France,12.8,64,16.5,28
2025-11-02 18:00:00,8589.5,Ile-de-France,12.1,65,12.8,16
2025-11-02 19:00:00,8455.0,Ile-de-France,11.1,70,10.8,21
2025-11-02 20:00:00,8012.0,Ile-de-France,10.5,77,12.4,8
2025-11-02 21:00:00,7636.5,Ile-de-France,9.7,79,11.5,16
2025-11-02 22:00:00,7722.5,Ile-de-France,9.1,83,9.5,9
2025-11-02 23:00:00,7356.0,Ile-de-France,8.6,85,9.3,10
2025-11-03 00:00:00,6768.5,Ile-de-France,8.6,86,9.1,26
2025-11-03 01:00:00,6345.5,Ile-de-France,8.6,88,9.8,10
2025-11-03 02:00:00,6130.5,Ile-de-France,8.6,84,8.9,25
2025-11-03 03:00:00,6084.0,Ile-de-France,8.1,90,8.7,7
2025-11-03 04:00:00,6318.0,Ile-de-France,7.9,92,8.7,4
2025-11-03 05:00:00,6899.0,Ile-de-France,7.7,93,8.5,11
2025-11-03 06:00:00,7894.5,Ile-de-France,7.5,94,8.0,5
2025-11-03 07:00:00,8569.0,Ile-de-France,7.3,95,8.3,100
2025-11-03 08:00:00,8920.5,Ile-de-France,7.8,96,8.7,100
2025-11-03 09:00:00,8969.0,Ile-de-France,9.0,96,9.3,100
2025-11-03 10:00:00,8875.0,Ile-de-France,10.0,94,10.7,100
2025-11-03 11:00:00,8893.0,Ile-de-France,10.8,93,17.4,100
2025-11-03 12:00:00,8840.5,Ile-de-France,12.0,88,14.5,97
2025-11-03 13:00:00,8527.5,Ile-de-France,13.3,80,17.5,98
2025-11-03 14:00:00,8314.5,Ile-de-France,14.6,74,18.3,85
2025-11-03 15:00:00,8179.5,Ile-de-France,15.2,72,16.6,94
2025-11-03 16:00:00,8302.5,Ile-de-France,15.6,70,14.0,98
2025-11-03 17:00:00,8795.5,Ile-de-France,15.2,72,11.2,100
2025-11-03 18:00:00,9256.5,Ile-de-France,14.6,73,11.2,100
2025-11-03 19:00:00,8941.0,Ile-de-France,14.0,76,12.3,33
2025-11-03 20:00:00,8212.5,Ile-de-France,13.4,83,11.6,18
2025-11-03 21:00:00,7679.5,Ile-de-France,12.8,87,12.6,16
2025-11-03 22:00:00,7592.0,Ile-de-France,12.6,90,13.0,2
2025-11-03 23:00:00,7071.0,Ile-de-France,12.2,91,13.2,2
2025-11-04 00:00:00,6392.5,Ile-de-France,12.0,92,13.2,2
2025-11-04 01:00:00,5888.0,Ile-de-France,11.6,92,12.6,80
2025-11-04 02:00:00,5616.0,Ile-de-France,12.6,90,12.3,97
2025-11-04 03:00:00,5531.5,Ile-de-France,12.2,90,11.8,95
2025-11-04 04:00:00,5792.5,Ile-de-France,11.4,91,8.6,95
2025-11-04 05:00:00,6494.0,Ile-de-France,10.4,94,11.4,92
2025-11-04 06:00:00,7514.0,Ile-de-France,9.6,95,10.3,99
2025-11-04 07:00:00,8555.0,Ile-de-France,9.0,95,8.6,100
2025-11-04 08:00:00,8856.0,Ile-de-France,8.6,97,10.2,100
2025-11-04 09:00:00,8837.0,Ile-de-France,8.1,97,12.1,100
2025-11-04 10:00:00,8689.5,Ile-de-France,8.7,92,13.2,100
2025-11-04 11:00:00,8649.0,Ile-de-France,9.7,89,12.3,98
2025-11-04 12:00:00,8524.0,Ile-de-France,11.0,84,11.8,99
2025-11-04 13:00:00,8200.5,Ile-de-France,12.6,78,10.5,100
2025-11-04 14:00:00,7905.0,Ile-de-France,14.4,74,10.2,97
2025-11-04 15:00:00,7792.0,Ile-de-France,15.6,70,9.4,88
2025-11-04 16:00:00,7979.5,Ile-de-France,16.2,69,9.1,34
2025-11-04 17:00:00,8590.5,Ile-de-France,16.2,68,11.5,84
2025-11-04 18:00:00,8967.5,Ile-de-France,15.2,69,10.4,99
2025-11-04 19:00:00,8718.0,Ile-de-France,14.3,73,11.9,100
2025-11-04 20:00:00,8115.5,Ile-de-France,14.4,75,10.8,64
2025-11-04 21:00:00,7535.5,Ile-de-France,13.4,77,10.5,68
2025-11-04 22:00:00,7283.5,Ile-de-France,12.9,77,9.0,22
2025-11-04 23:00:00,6859.0,Ile-de-France,12.8,76,10.2,33
2025-11-05 00:00:00,6168.0,Ile-de-France,12.7,76,12.0,3
2025-11-05 01:00:00,5777.0,Ile-de-France,12.4,77,11.9,8
2025-11-05 02:00:00,5501.0,Ile-de-France,13.1,76,11.3,70
2025-11-05 03:00:00,5382.5,Ile-de-France,12.7,79,11.1,41
2025-11-05 04:00:00,5590.0,Ile-de-France,12.0,82,11.0,81
2025-11-05 05:00:00,6298.5,Ile-de-France,11.6,83,11.5,100
2025-11-05 06:00:00,7503.0,Ile-de-France,11.6,80,12.8,100
2025-11-05 07:00:00,8135.5,Ile-de-France,11.1,80,12.2,35
2025-11-05 08:00:00,8438.0,Ile-de-France,10.9,81,11.6,3
2025-11-05 09:00:00,8396.0,Ile-de-France,10.5,81,12.2,9
2025-11-05 10:00:00,8376.0,Ile-de-France,11.0,78,11.5,11
2025-11-05 11:00:00,8433.0,Ile-de-France,12.1,76,10.5,28
2025-11-05 12:00:00,8311.5,Ile-de-France,13.4,71,10.2,30
2025-11-05 13:00:00,8115.0,Ile-de-France,14.8,68,11.0,84
2025-11-05 14:00:00,7803.5,Ile-de-France,15.9,66,8.8,99
2025-11-05 15:00:00,7623.0,Ile-de-France,16.8,64,8.2,100
2025-11-05 16:00:00,7850.5,Ile-de-France,16.8,66,9.2,100
2025-11-05 17:00:00,8419.0,Ile-de-France,16.7,66,13.0,100
2025-11-05 18:00:00,8792.0,Ile-de-France,15.8,69,13.3,98
2025-11-05 19:00:00,8540.0,Ile-de-France,15.1,73,11.4,97
2025-11-05 20:00:00,7970.5,Ile-de-France,14.9,72,10.5,84
2025-11-05 21:00:00,7519.0,Ile-de-France,14.3,75,13.1,94
2025-11-05 22:00:00,7423.5,Ile-de-France,13.8,77,11.6,96
2025-11-05 23:00:00,6930.5,Ile-de-France,13.4,80,11.8,98
2025-11-06 00:00:00,6097.5,Ile-de-France,13.2,80,13.0,100
2025-11-06 01:00:00,5617.0,Ile-de-France,12.8,83,7.7,100
2025-11-06 02:00:00,5347.5,Ile-de-France,13.0,83,6.7,100
2025-11-06 03:00:00,5266.5,Ile-de-France,12.7,85,8.1,89
2025-11-06 04:00:00,5438.0,Ile-de-France,12.0,88,8.0,74
2025-11-06 05:00:00,6171.5,Ile-de-France,11.6,89,8.1,95
2025-11-06 06:00:00,7330.5,Ile-de-France,11.1,92,8.0,100
2025-11-06 07:00:00,7957.0,Ile-de-France,11.5,92,8.7,100
2025-11-06 08:00:00,8279.0,Ile-de-France,12.0,91,7.4,100
2025-11-06 09:00:00,8316.5,Ile-de-France,12.7,90,6.0,100
2025-11-06 10:00:00,8376.5,Ile-de-France,13.1,91,7.4,100
2025-11-06 11:00:00,8536.5,Ile-de-France,13.6,91,6.0,100
2025-11-06 12:00:00,8584.5,Ile-de-France,13.9,91,7.9,100
2025-11-06 13:00:00,8378.0,Ile-de-France,14.1,92,8.5,100
2025-11-06 14:00:00,8128.0,Ile-de-France,13.9,95,8.0,100
2025-11-06 15:00:00,7937.5,Ile-de-France,14.2,94,8.0,100
2025-11-06 16:00:00,8120.0,Ile-de-France,14.5,93,7.9,80
2025-11-06 17:00:00,8564.5,Ile-de-France,14.6,91,6.1,100
2025-11-06 18:00:00,8829.5,Ile-de-France,14.0,94,9.0,95
2025-11-06 19:00:00,8527.0,Ile-de-France,13.1,96,6.3,50
2025-11-06 20:00:00,7966.0,Ile-de-France,13.2,98,6.6,100
2025-11-06 21:00:00,7442.0,Ile-de-France,13.1,98,6.7,92
2025-11-06 22:00:00,7356.0,Ile-de-France,12.9,97,6.2,95
2025-11-06 23:00:00,6913.0,Ile-de-France,13.0,96,5.5,100
2025-11-07 00:00:00,6268.0,Ile-de-France,12.8,96,6.2,30
2025-11-07 01:00:00,5832.5,Ile-de-France,11.9,97,7.5,23
2025-11-07 02:00:00,5586.0,Ile-de-France,11.0,98,7.0,71
2025-11-07 03:00:00,5529.0,Ile-de-France,10.6,97,9.0,21
2025-11-07 04:00:00,5779.5,Ile-de-France,10.2,97,9.4,1
2025-11-07 05:00:00,6415.0,Ile-de-France,9.9,97,9.8,1
2025-11-07 06:00:00,7505.5,Ile-de-France,9.4,97,8.2,2
2025-11-07 07:00:00,8217.5,Ile-de-France,9.1,97,8.9,53
2025-11-07 08:00:00,8603.5,Ile-de-France,9.4,98,9.1,100
2025-11-07 09:00:00,8664.5,Ile-de-France,10.1,98,9.2,100
2025-11-07 10:00:00,8670.0,Ile-de-France,10.6,99,11.8,100
2025-11-07 11:00:00,8739.5,Ile-de-France,11.3,98,13.6,100
2025-11-07 12:00:00,8684.5,Ile-de-France,12.2,95,13.0,100
2025-11-07 13:00:00,8442.0,Ile-de-France,13.4,87,13.6,100
2025-11-07 14:00:00,8238.0,Ile-de-France,14.1,82,12.5,98
2025-11-07 15:00:00,8074.0,Ile-de-France,14.6,77,13.1,100
2025-11-07 16:00:00,8158.5,Ile-de-France,14.5,75,11.6,97
2025-11-07 17:00:00,8573.5,Ile-de-France,14.6,76,8.6,80
2025-11-07 18:00:00,8750.5,Ile-de-France,13.9,79,7.5,100
2025-11-07 19:00:00,8532.0,Ile-de-France,13.3,83,7.8,82
2025-11-07 20:00:00,7926.5,Ile-de-France,12.4,88,7.0,46
2025-11-07 21:00:00,7408.5,Ile-de-France,12.4,88,8.1,22
2025-11-07 22:00:00,7336.5,Ile-de-France,11.9,90,8.7,11
2025-11-07 23:00:00,7000.5,Ile-de-France,11.3,92,8.4,16
2025-11-08 00:00:00,6400.5,Ile-de-France,10.9,93,7.4,4
2025-11-08 01:00:00,5972.5,Ile-de-France,10.6,94,6.9,10
2025-11-08 02:00:00,5678.0,Ile-de-France,11.1,93,8.0,99
2025-11-08 03:00:00,5516.0,Ile-de-France,11.2,94,6.6,81
2025-11-08 04:00:00,5577.5,Ile-de-France,10.8,94,6.9,16
2025-11-08 05:00:00,5822.5,Ile-de-France,9.3,96,5.1,12
2025-11-08 06:00:00,6064.0,Ile-de-France,8.9,97,5.4,5
2025-11-08 07:00:00,6426.5,Ile-de-France,8.4,97,4.4,59
2025-11-08 08:00:00,6986.0,Ile-de-France,10.4,98,2.9,100
2025-11-08 09:00:00,7353.0,Ile-de-France,10.1,100,3.3,100
2025-11-08 10:00:00,7601.0,Ile-de-France,10.5,99,4.6,100
2025-11-08 11:00:00,7882.0,Ile-de-France,10.9,97,3.4,100
2025-11-08 12:00:00,7951.5,Ile-de-France,11.3,97,1.7,100
2025-11-08 13:00:00,7702.0,Ile-de-France,11.8,96,4.4,100
2025-11-08 14:00:00,7499.5,Ile-de-France,12.4,94,7.8,100
2025-11-08 15:00:00,7282.5,Ile-de-France,13.0,93,6.9,100
2025-11-08 16:00:00,7311.5,Ile-de-France,13.4,90,4.8,100
2025-11-08 17:00:00,7787.5,Ile-de-France,13.4,89,4.2,99
2025-11-08 18:00:00,8087.5,Ile-de-France,12.4,91,4.1,47
2025-11-08 19:00:00,7942.5,Ile-de-France,11.9,90,5.6,27
2025-11-08 20:00:00,7545.0,Ile-de-France,11.3,88,6.7,13
2025-11-08 21:00:00,7268.0,Ile-de-France,10.4,90,6.9,16
2025-11-08 22:00:00,7425.0,Ile-de-France,9.8,92,7.0,7
2025-11-08 23:00:00,7111.0,Ile-de-France,9.4,93,8.0,1
2025-11-09 00:00:00,6599.0,Ile-de-France,8.9,94,8.7,0
2025-11-09 01:00:00,6171.0,Ile-de-France,8.6,96,8.2,1
2025-11-09 02:00:00,5854.5,Ile-de-France,8.4,97,7.7,5
2025-11-09 03:00:00,5698.0,Ile-de-France,7.8,98,8.0,8
2025-11-09 04:00:00,5720.5,Ile-de-France,7.7,98,7.1,42
2025-11-09 05:00:00,5840.0,Ile-de-France,7.4,98,7.2,16
2025-11-09 06:00:00,5972.0,Ile-de-France,7.2,98,7.0,8
2025-11-09 07:00:00,6234.5,Ile-de-France,6.8,98,6.1,8
2025-11-09 08:00:00,6738.5,Ile-de-France,7.2,100,5.8,100
2025-11-09 09:00:00,7238.0,Ile-de-France,7.6,100,5.1,100
2025-11-09 10:00:00,7668.5,Ile-de-France,7.8,99,3.2,100
2025-11-09 11:00:00,8074.5,Ile-de-France,8.5,97,2.3,100
2025-11-09 12:00:00,8210.0,Ile-de-France,9.5,93,4.5,100
2025-11-09 13:00:00,7836.0,Ile-de-France,10.3,92,6.7,100
2025-11-09 14:00:00,7581.5,Ile-de-France,11.4,85,9.0,95
2025-11-09 15:00:00,7496.0,Ile-de-France,12.1,80,9.0,83
2025-11-09 16:00:00,7692.0,Ile-de-France,12.2,78,8.7,64
2025-11-09 17:00:00,8251.0,Ile-de-France,11.8,80,7.7,100
2025-11-09 18:00:00,8645.5,Ile-de-France,10.9,85,6.7,100
2025-11-09 19:00:00,8399.0,Ile-de-France,9.9,89,8.1,100
2025-11-09 20:00:00,8014.0,Ile-de-France,10.1,91,8.4,100
2025-11-09 21:00:00,7642.5,Ile-de-France,9.8,92,8.6,100
2025-11-09 22:00:00,7714.0,Ile-de-France,9.8,91,9.4,100
2025-11-09 23:00:00,7296.5,Ile-de-France,9.6,90,9.6,100
2025-11-10 00:00:00,6499.5,Ile-de-France,9.4,89,10.0,38
2025-11-10 01:00:00,6026.0,Ile-de-France,8.9,89,9.4,8
2025-11-10 02:00:00,5787.0,Ile-de-France,8.5,93,10.2,96
2025-11-10 03:00:00,5714.0,Ile-de-France,8.4,93,10.2,99
2025-11-10 04:00:00,5966.0,Ile-de-France,8.0,94,9.8,100
2025-11-10 05:00:00,6608.0,Ile-de-France,8.0,93,10.4,91
2025-11-10 06:00:00,7570.0,Ile-de-France,7.7,93,10.7,83
2025-11-10 07:00:00,8280.5,Ile-de-France,6.9,95,10.5,90
2025-11-10 08:00:00,8651.0,Ile-de-France,7.3,95,10.9,98
2025-11-10 09:00:00,8717.5,Ile-de-France,7.2,95,10.8,99
2025-11-10 10:00:00,8876.0,Ile-de-France,7.4,93,11.1,100
2025-11-10 11:00:00,9035.5,Ile-de-France,8.2,90,9.8,100
2025-11-10 12:00:00,8902.5,Ile-de-France,9.1,86,10.6,100
2025-11-10 13:00:00,8680.5,Ile-de-France,10.0,84,11.8,100
2025-11-10 14:00:00,8515.5,Ile-de-France,10.9,82,11.0,100
2025-11-10 15:00:00,8381.5,Ile-de-France,10.8,86,11.8,100
2025-11-10 16:00:00,8587.5,Ile-de-France,11.4,85,11.9,100
2025-11-10 17:00:00,8960.5,Ile-de-France,11.5,83,15.4,100
2025-11-10 18:00:00,9142.5,Ile-de-France,11.4,84,14.8,100
2025-11-10 19:00:00,8859.0,Ile-de-France,11.4,86,15.6,45
2025-11-10 20:00:00,8191.0,Ile-de-France,11.6,91,14.6,66
2025-11-10 21:00:00,7747.5,Ile-de-France,11.6,91,12.9,9
2025-11-10 22:00:00,7736.0,Ile-de-France,11.1,92,13.2,8
2025-11-10 23:00:00,7137.5,Ile-de-France,10.7,92,13.3,99
2025-11-11 00:00:00,6530.5,Ile-de-France,10.3,92,12.9,96
2025-11-11 01:00:00,6092.5,Ile-de-France,9.9,93,12.2,100
2025-11-11 02:00:00,5825.0,Ile-de-France,9.9,94,12.4,16
2025-11-11 03:00:00,5680.5,Ile-de-France,9.3,95,11.9,71
2025-11-11 04:00:00,5757.5,Ile-de-France,9.1,96,11.6,84
2025-11-11 05:00:00,6042.0,Ile-de-France,8.8,96,11.4,100
2025-11-11 06:00:00,6281.0,Ile-de-France,8.6,97,11.9,99
2025-11-11 07:00:00,6516.0,Ile-de-France,8.4,98,12.8,99
2025-11-11 08:00:00,7158.0,Ile-de-France,9.7,100,11.4,100
2025-11-11 09:00:00,7778.5,Ile-de-France,10.1,100,12.8,100
2025-11-11 10:00:00,8114.0,Ile-de-France,10.4,99,18.6,100
2025-11-11 11:00:00,8525.0,Ile-de-France,10.6,99,14.2,100
2025-11-11 12:00:00,8572.0,Ile-de-France,11.1,98,12.5,100
2025-11-11 13:00:00,8262.5,Ile-de-France,12.1,93,14.3,100
2025-11-11 14:00:00,7889.0,Ile-de-France,12.8,89,16.6,100
2025-11-11 15:00:00,7620.5,Ile-de-France,13.9,84,9.8,51
2025-11-11 16:00:00,7733.5,Ile-de-France,14.9,79,11.2,5
2025-11-11 17:00:00,8334.0,Ile-de-France,14.8,79,12.5,95
2025-11-11 18:00:00,8756.5,Ile-de-France,14.0,80,12.4,97
2025-11-11 19:00:00,8578.0,Ile-de-France,13.4,81,13.1,91
2025-11-11 20:00:00,8050.0,Ile-de-France,13.1,80,13.5,95
2025-11-11 21:00:00,7672.5,Ile-de-France,12.6,80,13.8,88
2025-11-11 22:00:00,7655.5,Ile-de-France,12.2,77,14.0,73
2025-11-11 23:00:00,7110.5,Ile-de-France,11.6,77,13.0,72
2025-11-12 00:00:00,6443.0,Ile-de-France,11.0,79,12.2,94
2025-11-12 01:00:00,5992.0,Ile-de-France,10.5,81,11.9,1
2025-11-12 02:00:00,5823.0,Ile-de-France,10.4,84,11.4,96
2025-11-12 03:00:00,5816.0,Ile-de-France,9.9,86,12.6,92
2025-11-12 04:00:00,6039.5,Ile-de-France,9.6,87,11.7,100
2025-11-12 05:00:00,6791.5,Ile-de-France,9.2,87,11.6,98
2025-11-12 06:00:00,7934.0,Ile-de-France,9.1,86,11.4,100
2025-11-12 07:00:00,8662.5,Ile-de-France,8.9,85,12.2,96
2025-11-12 08:00:00,8999.5,Ile-de-France,8.6,85,12.5,97
2025-11-12 09:00:00,9023.5,Ile-de-France,8.3,85,12.9,80
2025-11-12 10:00:00,8909.5,Ile-de-France,8.8,83,13.2,91
2025-11-12 11:00:00,8986.5,Ile-de-France,10.0,81,9.4,81
2025-11-12 12:00:00,8888.0,Ile-de-France,11.6,75,10.4,100
2025-11-12 13:00:00,8620.0,Ile-de-France,13.1,71,10.4,100
2025-11-12 14:00:00,8381.5,Ile-de-France,14.1,70,9.8,99
2025-11-12 15:00:00,8241.5,Ile-de-France,14.5,71,10.0,100
2025-11-12 16:00:00,8442.5,Ile-de-France,14.9,74,8.4,100
2025-11-12 17:00:00,8932.5,Ile-de-France,15.2,72,13.6,100
2025-11-12 18:00:00,9286.5,Ile-de-France,14.5,76,11.4,100
2025-11-12 19:00:00,9100.0,Ile-de-France,14.0,80,12.3,99
2025-11-12 20:00:00,8408.5,Ile-de-France,13.7,80,12.9,98
2025-11-12 21:00:00,7827.5,Ile-de-France,13.1,81,12.6,97
2025-11-12 22:00:00,7572.5,Ile-de-France,13.2,81,13.5,100
2025-11-12 23:00:00,7089.5,Ile-de-France,13.2,81,13.3,100
2025-11-13 00:00:00,6391.0,Ile-de-France,13.2,78,13.6,98
2025-11-13 01:00:00,5921.5,Ile-de-France,13.6,72,15.9,35
2025-11-13 02:00:00,5718.5,Ile-de-France,14.4,67,16.6,77
2025-11-13 03:00:00,5645.0,Ile-de-France,14.2,68,14.6,88
2025-11-13 04:00:00,5867.0,Ile-de-France,13.9,71,12.9,98
2025-11-13 05:00:00,6570.0,Ile-de-France,13.6,73,12.2,100
2025-11-13 06:00:00,7660.5,Ile-de-France,13.3,74,11.9,47
2025-11-13 07:00:00,8406.0,Ile-de-France,12.9,76,12.1,39
2025-11-13 08:00:00,8607.5,Ile-de-France,12.6,78,11.5,61
2025-11-13 09:00:00,8526.0,Ile-de-France,12.2,80,11.3,90
2025-11-13 10:00:00,8426.5,Ile-de-France,12.6,80,9.4,97
2025-11-13 11:00:00,8628.5,Ile-de-France,13.6,78,8.2,98
2025-11-13 12:00:00,8629.5,Ile-de-France,14.8,77,7.9,100
2025-11-13 13:00:00,8357.0,Ile-de-France,15.6,75,5.7,100
2025-11-13 14:00:00,8110.5,Ile-de-France,16.4,73,7.9,100
2025-11-13 15:00:00,7947.5,Ile-de-France,15.6,76,8.5,99
2025-11-13 16:00:00,8214.5,Ile-de-France,16.4,77,7.0,100
2025-11-13 17:00:00,8567.5,Ile-de-France,16.4,73,8.0,99
2025-11-13 18:00:00,8847.5,Ile-de-France,15.4,76,6.8,100
2025-11-13 19:00:00,8591.0,Ile-de-France,15.2,77,9.7,100
2025-11-13 20:00:00,8021.0,Ile-de-France,15.9,76,12.5,100
2025-11-13 21:00:00,7518.5,Ile-de-France,15.7,76,10.3,100
2025-11-13 22:00:00,7208.0,Ile-de-France,15.4,77,11.5,100
2025-11-13 23:00:00,6719.0,Ile-de-France,15.4,78,12.3,100
2025-11-14 00:00:00,6042.0,Ile-de-France,15.4,78,13.1,100
2025-11-14 01:00:00,5630.0,Ile-de-France,14.9,77,12.2,100
2025-11-14 02:00:00,5350.0,Ile-de-France,15.2,75,11.5,100
2025-11-14 03:00:00,5206.0,Ile-de-France,14.9,75,10.6,100
2025-11-14 04:00:00,5324.5,Ile-de-France,14.6,75,12.0,100
2025-11-14 05:00:00,5937.5,Ile-de-France,14.3,75,10.8,100
2025-11-14 06:00:00,7181.0,Ile-de-France,14.1,75,10.8,100
2025-11-14 07:00:00,7860.5,Ile-de-France,13.9,74,11.2,100
2025-11-14 08:00:00,8196.5,Ile-de-France,14.4,75,11.5,100
2025-11-14 09:00:00,8295.0,Ile-de-France,14.2,77,10.9,100
2025-11-14 10:00:00,8385.0,Ile-de-France,14.6,74,11.4,100
2025-11-14 11:00:00,8478.5,Ile-de-France,15.0,73,12.5,100
2025-11-14 12:00:00,8385.0,Ile-de-France,15.6,73,12.5,100
2025-11-14 13:00:00,8074.0,Ile-de-France,16.8,69,12.8,100
2025-11-14 14:00:00,7791.0,Ile-de-France,17.4,69,11.3,100
2025-11-14 15:00:00,7635.5,Ile-de-France,18.2,66,13.7,99
2025-11-14 16:00:00,7805.0,Ile-de-France,18.4,66,11.2,94
2025-11-14 17:00:00,8187.0,Ile-de-France,18.0,69,11.9,100
2025-11-14 18:00:00,8353.5,Ile-de-France,16.1,83,10.8,100
2025-11-14 19:00:00,8199.0,Ile-de-France,15.5,86,12.0,100
2025-11-14 20:00:00,7603.0,Ile-de-France,16.0,81,12.2,100
2025-11-14 21:00:00,7253.5,Ile-de-France,15.7,86,12.8,100
2025-11-14 22:00:00,7277.0,Ile-de-France,15.2,89,13.0,100
2025-11-14 23:00:00,6832.0,Ile-de-France,14.8,90,11.0,100
2025-11-15 00:00:00,6075.0,Ile-de-France,14.4,92,11.8,100
2025-11-15 01:00:00,5607.0,Ile-de-France,14.0,93,10.8,100
2025-11-15 02:00:00,5317.0,Ile-de-France,13.3,95,10.1,100
2025-11-15 03:00:00,5182.0,Ile-de-France,12.4,96,6.7,100
2025-11-15 04:00:00,5229.5,Ile-de-France,12.6,96,6.1,100
2025-11-15 05:00:00,5462.5,Ile-de-France,12.1,97,9.7,99
2025-11-15 06:00:00,5972.0,Ile-de-France,11.8,95,7.3,95
2025-11-15 07:00:00,6335.5,Ile-de-France,11.0,97,3.9,87
2025-11-15 08:00:00,6883.5,Ile-de-France,10.9,98,6.5,100
2025-11-15 09:00:00,7297.5,Ile-de-France,10.9,98,6.0,95
2025-11-15 10:00:00,7600.0,Ile-de-France,11.3,98,7.1,100
2025-11-15 11:00:00,7909.0,Ile-de-France,12.4,96,6.9,100
2025-11-15 12:00:00,8030.0,Ile-de-France,13.1,91,5.4,100
2025-11-15 13:00:00,7852.0,Ile-de-France,13.8,89,5.0,100
2025-11-15 14:00:00,7676.5,Ile-de-France,13.1,95,2.3,100
2025-11-15 15:00:00,7556.5,Ile-de-France,13.2,95,5.2,100
2025-11-15 16:00:00,7643.0,Ile-de-France,13.0,96,5.3,100
2025-11-15 17:00:00,8016.0,Ile-de-France,12.6,96,6.1,100
2025-11-15 18:00:00,8244.0,Ile-de-France,12.2,97,5.5,100
2025-11-15 19:00:00,8018.0,Ile-de-France,12.1,98,8.1,100
2025-11-15 20:00:00,7585.5,Ile-de-France,11.9,97,7.3,100
2025-11-15 21:00:00,7312.0,Ile-de-France,11.9,97,9.4,100
2025-11-15 22:00:00,7464.5,Ile-de-France,11.4,97,5.4,60
2025-11-15 23:00:00,7093.0,Ile-de-France,10.6,96,1.8,98
2025-11-16 00:00:00,6563.0,Ile-de-France,10.4,97,5.4,24
2025-11-16 01:00:00,6090.5,Ile-de-France,9.8,98,7.2,31
2025-11-16 02:00:00,5765.5,Ile-de-France,10.9,99,3.5,92
2025-11-16 03:00:00,5588.5,Ile-de-France,9.9,99,3.7,94
2025-11-16 04:00:00,5567.0,Ile-de-France,9.4,99,3.2,76
2025-11-16 05:00:00,5718.0,Ile-de-France,9.2,100,4.2,100
2025-11-16 06:00:00,5993.0,Ile-de-France,8.6,100,2.5,100
2025-11-16 07:00:00,6300.5,Ile-de-France,8.2,100,2.9,100
2025-11-16 08:00:00,6809.5,Ile-de-France,8.4,100,3.2,100
2025-11-16 09:00:00,7358.5,Ile-de-France,8.4,100,4.0,100
2025-11-16 10:00:00,7790.0,Ile-de-France,8.6,100,6.7,100
2025-11-16 11:00:00,8215.0,Ile-de-France,9.4,98,9.4,100
2025-11-16 12:00:00,8339.0,Ile-de-France,10.1,95,9.1,100
2025-11-16 13:00:00,8005.5,Ile-de-France,11.1,94,7.1,100
2025-11-16 14:00:00,7763.0,Ile-de-France,11.2,96,8.5,100
2025-11-16 15:00:00,7654.0,Ile-de-France,11.9,91,7.9,100
2025-11-16 16:00:00,7819.0,Ile-de-France,12.4,88,6.1,100
2025-11-16 17:00:00,8296.0,Ile-de-France,12.4,88,4.5,100
2025-11-16 18:00:00,8685.5,Ile-de-France,11.5,91,10.9,100
2025-11-16 19:00:00,8532.5,Ile-de-France,10.7,92,12.3,100
2025-11-16 20:00:00,8125.5,Ile-de-France,10.2,92,12.4,98
2025-11-16 21:00:00,7722.0,Ile-de-France,9.6,91,11.3,33
2025-11-16 22:00:00,7764.5,Ile-de-France,9.0,91,9.0,100
2025-11-16 23:00:00,7355.5,Ile-de-France,8.9,87,11.7,95
2025-11-17 00:00:00,6750.0,Ile-de-France,8.1,86,11.9,43
2025-11-17 01:00:00,6349.0,Ile-de-France,7.3,88,10.4,52
2025-11-17 02:00:00,6187.5,Ile-de-France,7.3,88,12.4,100
2025-11-17 03:00:00,6135.0,Ile-de-France,7.2,86,12.9,100
2025-11-17 04:00:00,6440.0,Ile-de-France,7.0,80,11.3,38
2025-11-17 05:00:00,7105.5,Ile-de-France,6.2,77,11.4,3
2025-11-17 06:00:00,8199.5,Ile-de-France,5.1,79,11.1,30
2025-11-17 07:00:00,9078.0,Ile-de-France,4.8,81,8.7,100
2025-11-17 08:00:00,9480.5,Ile-de-France,5.5,85,7.6,24
2025-11-17 09:00:00,9564.5,Ile-de-France,5.5,86,9.0,100
2025-11-17 10:00:00,9545.5,Ile-de-France,6.6,86,10.6,99
2025-11-17 11:00:00,9594.0,Ile-de-France,7.2,84,10.5,100
2025-11-17 12:00:00,9511.0,Ile-de-France,7.6,84,8.7,97
2025-11-17 13:00:00,9231.5,Ile-de-France,8.9,73,12.8,13
2025-11-17 14:00:00,9139.5,Ile-de-France,8.9,78,13.7,39
2025-11-17 15:00:00,9051.0,Ile-de-France,8.9,72,16.9,44
2025-11-17 16:00:00,9401.0,Ile-de-France,8.5,69,16.1,26
2025-11-17 17:00:00,10063.5,Ile-de-France,7.7,71,12.5,17
2025-11-17 18:00:00,10493.0,Ile-de-France,7.0,73,10.4,1
2025-11-17 19:00:00,10224.5,Ile-de-France,6.2,75,9.2,0
2025-11-17 20:00:00,9488.5,Ile-de-France,5.4,80,7.5,2
2025-11-17 21:00:00,9067.5,Ile-de-France,4.6,84,5.9,0
2025-11-17 22:00:00,9001.0,Ile-de-France,4.2,84,6.5,0
2025-11-17 23:00:00,8463.5,Ile-de-France,3.8,84,7.5,0
2025-11-18 00:00:00,7849.5,Ile-de-France,3.5,85,8.0,0
2025-11-18 01:00:00,7492.5,Ile-de-France,3.0,86,6.9,0
2025-11-18 02:00:00,7285.5,Ile-de-France,2.2,90,4.0,0
2025-11-18 03:00:00,7264.0,Ile-de-France,1.3,92,3.1,0
2025-11-18 04:00:00,7561.0,Ile-de-France,0.9,94,2.5,0
2025-11-18 05:00:00,8356.5,Ile-de-France,0.8,96,4.0,0
2025-11-18 06:00:00,9546.0,Ile-de-France,0.4,96,3.9,0
2025-11-18 07:00:00,10459.5,Ile-de-France,0.1,97,3.4,0
2025-11-18 08:00:00,10820.5,Ile-de-France,-0.2,100,2.4,24
2025-11-18 09:00:00,10808.5,Ile-de-France,-0.7,99,3.1,79
2025-11-18 10:00:00,10576.5,Ile-de-France,0.3,98,5.9,90
2025-11-18 11:00:00,10548.0,Ile-de-France,1.6,95,6.0,20
2025-11-18 12:00:00,10298.5,Ile-de-France,3.3,90,4.3,75
2025-11-18 13:00:00,9924.0,Ile-de-France,5.2,83,5.8,16
2025-11-18 14:00:00,9560.0,Ile-de-France,7.1,75,7.8,64
2025-11-18 15:00:00,9524.0,Ile-de-France,7.6,71,11.1,62
2025-11-18 16:00:00,9960.0,Ile-de-France,8.0,67,9.8,98
2025-11-18 17:00:00,10390.5,Ile-de-France,8.0,66,8.3,98
2025-11-18 18:00:00,10858.5,Ile-de-France,7.3,69,9.6,88
2025-11-18 19:00:00,10714.5,Ile-de-France,6.7,74,10.3,92
2025-11-18 20:00:00,10069.5,Ile-de-France,6.2,78,10.9,8
2025-11-18 21:00:00,9449.0,Ile-de-France,5.4,82,13.1,49
2025-11-18 22:00:00,9361.0,Ile-de-France,5.2,83,13.1,100
2025-11-18 23:00:00,8760.5,Ile-de-France,5.5,81,14.2,100
2025-11-19 00:00:00,8025.0,Ile-de-France,6.0,79,15.5,100
2025-11-19 01:00:00,7552.5,Ile-de-France,6.2,77,15.7,100
2025-11-19 02:00:00,7341.0,Ile-de-France,5.9,79,14.6,96
2025-11-19 03:00:00,7206.5,Ile-de-France,5.2,83,12.5,100
2025-11-19 04:00:00,7477.0,Ile-de-France,5.6,85,14.5,100
2025-11-19 05:00:00,8173.0,Ile-de-France,5.6,86,14.8,70
2025-11-19 06:00:00,9209.5,Ile-de-France,5.4,87,15.3,34
2025-11-19 07:00:00,9946.5,Ile-de-France,5.4,87,15.9,71
2025-11-19 08:00:00,10361.5,Ile-de-France,5.3,93,15.0,100
2025-11-19 09:00:00,10457.0,Ile-de-France,5.6,93,16.6,100
2025-11-19 10:00:00,10492.5,Ile-de-France,5.9,91,16.3,100
2025-11-19 11:00:00,10717.0,Ile-de-France,6.4,90,17.8,100
2025-11-19 12:00:00,10763.0,Ile-de-France,6.5,90,17.6,100
2025-11-19 13:00:00,10377.5,Ile-de-France,6.8,92,17.4,100
2025-11-19 14:00:00,10083.5,Ile-de-France,6.6,93,16.9,88
2025-11-19 15:00:00,10113.0,Ile-de-France,6.7,83,17.8,80
2025-11-19 16:00:00,10470.0,Ile-de-France,6.8,75,18.0,35
2025-11-19 17:00:00,11068.5,Ile-de-France,6.5,75,15.0,29
2025-11-19 18:00:00,11450.0,Ile-de-France,5.7,76,18.2,100
2025-11-19 19:00:00,11236.5,Ile-de-France,4.8,81,20.5,100
2025-11-19 20:00:00,10503.5,Ile-de-France,5.0,85,21.4,100
2025-11-19 21:00:00,9918.5,Ile-de-France,5.0,83,19.5,99
2025-11-19 22:00:00,9749.5,Ile-de-France,4.8,80,18.6,100
2025-11-19 23:00:00,9191.5,Ile-de-France,4.2,79,18.0,100
2025-11-20 00:00:00,8500.0,Ile-de-France,3.8,82,15.2,100
2025-11-20 01:00:00,8067.5,Ile-de-France,3.4,85,13.5,91
2025-11-20 02:00:00,7892.0,Ile-de-France,3.7,87,13.9,99
2025-11-20 03:00:00,7815.5,Ile-de-France,3.0,90,13.0,100
2025-11-20 04:00:00,8021.0,Ile-de-France,2.4,91,12.1,65
2025-11-20 05:00:00,8712.5,Ile-de-France,2.0,92,11.6,100
2025-11-20 06:00:00,9865.0,Ile-de-France,2.2,91,11.5,100
2025-11-20 07:00:00,10634.0,Ile-de-France,2.5,90,10.6,100
2025-11-20 08:00:00,11065.5,Ile-de-France,1.5,93,9.2,84
2025-11-20 09:00:00,11113.0,Ile-de-France,1.7,95,12.0,46
2025-11-20 10:00:00,11043.5,Ile-de-France,1.6,95,12.2,27
2025-11-20 11:00:00,11109.5,Ile-de-France,2.5,90,12.2,100
2025-11-20 12:00:00,11007.5,Ile-de-France,3.5,80,14.0,93
2025-11-20 13:00:00,10712.5,Ile-de-France,4.3,71,12.3,55
2025-11-20 14:00:00,10470.5,Ile-de-France,3.7,78,10.3,57
2025-11-20 15:00:00,10393.0,Ile-de-France,4.5,72,12.8,70
2025-11-20 16:00:00,10788.5,Ile-de-France,4.4,68,10.8,80
2025-11-20 17:00:00,11485.0,Ile-de-France,4.2,65,9.8,5
2025-11-20 18:00:00,11990.5,Ile-de-France,3.3,70,6.8,5
2025-11-20 19:00:00,11709.5,Ile-de-France,2.5,74,6.5,3
2025-11-20 20:00:00,11018.5,Ile-de-France,1.5,83,7.2,23
2025-11-20 21:00:00,10549.0,Ile-de-France,0.9,85,8.3,98
2025-11-20 22:00:00,10499.0,Ile-de-France,0.6,86,7.4,83
2025-11-20 23:00:00,9925.0,Ile-de-France,0.2,88,6.6,94
2025-11-21 00:00:00,9295.0,Ile-de-France,0.3,88,7.4,98
2025-11-21 01:00:00,8792.5,Ile-de-France,-0.2,89,6.3,20
2025-11-21 02:00:00,8424.5,Ile-de-France,1.2,87,8.8,79
2025-11-21 03:00:00,8178.5,Ile-de-France,1.0,87,9.2,5
2025-11-21 04:00:00,8411.0,Ile-de-France,0.1,92,8.7,0
2025-11-21 05:00:00,9167.5,Ile-de-France,-0.2,92,8.8,29
2025-11-21 06:00:00,10381.5,Ile-de-France,-0.2,93,8.5,71
2025-11-21 07:00:00,11269.0,Ile-de-France,0.4,92,9.6,98
2025-11-21 08:00:00,11733.5,Ile-de-France,1.2,92,11.4,100
2025-11-21 09:00:00,11920.5,Ile-de-France,1.6,89,10.9,45
2025-11-21 10:00:00,12016.5,Ile-de-France,2.0,89,10.8,100
2025-11-21 11:00:00,12179.5,Ile-de-France,2.8,87,10.3,100
2025-11-21 12:00:00,12205.0,Ile-de-France,3.3,86,9.7,100
2025-11-21 13:00:00,11939.5,Ile-de-France,4.1,81,11.7,51
2025-11-21 14:00:00,11659.5,Ile-de-France,3.1,83,12.1,100
2025-11-21 15:00:00,11451.0,Ile-de-France,3.5,76,13.6,100
2025-11-21 16:00:00,11714.5,Ile-de-France,3.6,73,13.2,100
2025-11-21 17:00:00,12139.0,Ile-de-France,3.7,72,9.7,74
2025-11-21 18:00:00,12323.5,Ile-de-France,3.1,76,9.0,39
2025-11-21 19:00:00,12028.0,Ile-de-France,2.5,80,7.6,40
2025-11-21 20:00:00,11336.5,Ile-de-France,2.5,83,8.4,69
2025-11-21 21:00:00,10871.0,Ile-de-France,1.7,86,9.0,9
2025-11-21 22:00:00,10824.0,Ile-de-France,0.7,91,7.8,0
2025-11-21 23:00:00,10388.0,Ile-de-France,0.1,92,5.5,0
2025-11-22 00:00:00,9782.0,Ile-de-France,-0.9,94,3.1,0
2025-11-22 01:00:00,9319.0,Ile-de-France,-1.1,95,1.1,0
2025-11-22 02:00:00,9000.5,Ile-de-France,-1.3,98,3.5,0
2025-11-22 03:00:00,8849.5,Ile-de-France,-1.7,99,3.7,27
2025-11-22 04:00:00,8979.5,Ile-de-France,-1.9,99,0.4,98
2025-11-22 05:00:00,9217.5,Ile-de-France,-2.1,99,1.3,99
2025-11-22 06:00:00,9610.0,Ile-de-France,-1.8,99,0.9,100
2025-11-22 07:00:00,10063.5,Ile-de-France,-1.5,100,4.2,100
2025-11-22 08:00:00,10730.5,Ile-de-France,-2.5,99,4.0,100
2025-11-22 09:00:00,11333.5,Ile-de-France,-2.4,99,6.0,100
2025-11-22 10:00:00,11629.5,Ile-de-France,-2.0,98,6.1,100
2025-11-22 11:00:00,11943.5,Ile-de-France,-1.1,93,7.4,98
2025-11-22 12:00:00,11932.5,Ile-de-France,0.2,86,9.2,71
2025-11-22 13:00:00,11684.0,Ile-de-France,1.6,78,8.7,32
2025-11-22 14:00:00,11491.0,Ile-de-France,1.4,84,12.2,99
2025-11-22 15:00:00,11434.5,Ile-de-France,1.7,79,12.7,100
2025-11-22 16:00:00,11593.5,Ile-de-France,1.5,79,14.0,100
2025-11-22 17:00:00,11942.0,Ile-de-France,1.0,79,13.2,99
2025-11-22 18:00:00,12266.5,Ile-de-France,0.2,81,12.9,100
2025-11-22 19:00:00,12033.0,Ile-de-France,-0.1,81,13.9,100
2025-11-22 20:00:00,11486.0,Ile-de-France,-0.3,91,15.0,100
2025-11-22 21:00:00,11144.0,Ile-de-France,-0.3,88,15.6,100
2025-11-22 22:00:00,11199.5,Ile-de-France,-0.3,85,14.4,100
2025-11-22 23:00:00,10725.0,Ile-de-France,0.1,79,14.8,100
2025-11-23 00:00:00,10110.0,Ile-de-France,0.3,78,14.4,100
2025-11-23 01:00:00,9518.5,Ile-de-France,0.3,82,14.8,100
2025-11-23 02:00:00,9131.0,Ile-de-France,0.3,90,16.2,100
2025-11-23 03:00:00,8894.5,Ile-de-France,0.4,93,14.1,100
2025-11-23 04:00:00,8889.5,Ile-de-France,0.7,93,14.5,100
2025-11-23 05:00:00,8925.0,Ile-de-France,0.8,94,15.1,100
2025-11-23 06:00:00,9116.5,Ile-de-France,0.9,93,15.4,100
2025-11-23 07:00:00,9403.0,Ile-de-France,1.1,91,15.2,100
2025-11-23 08:00:00,9988.5,Ile-de-France,1.1,95,14.5,100
2025-11-23 09:00:00,10672.5,Ile-de-France,1.4,95,15.4,100
2025-11-23 10:00:00,11189.5,Ile-de-France,1.6,96,14.1,100
2025-11-23 11:00:00,11573.0,Ile-de-France,2.2,96,14.4,100
2025-11-23 12:00:00,11569.0,Ile-de-France,2.7,98,13.4,100
2025-11-23 13:00:00,11216.0,Ile-de-France,3.2,98,19.1,100
2025-11-23 14:00:00,10923.0,Ile-de-France,4.3,96,17.1,100
2025-11-23 15:00:00,10698.0,Ile-de-France,5.7,95,18.0,100
2025-11-23 16:00:00,10729.5,Ile-de-France,6.2,96,17.0,100
2025-11-23 17:00:00,11001.0,Ile-de-France,6.6,96,17.5,100
2025-11-23 18:00:00,11251.0,Ile-de-France,6.4,96,13.1,100
2025-11-23 19:00:00,11035.0,Ile-de-France,6.1,96,11.8,100
2025-11-23 20:00:00,10460.0,Ile-de-France,7.3,96,11.5,100
2025-11-23 21:00:00,9982.5,Ile-de-France,7.2,96,12.0,100
2025-11-23 22:00:00,9848.0,Ile-de-France,6.7,95,10.9,100
2025-11-23 23:00:00,9303.5,Ile-de-France,6.3,94,11.8,100
2025-11-24 00:00:00,8638.5,Ile-de-France,6.1,94,12.3,100
2025-11-24 01:00:00,8120.0,Ile-de-France,5.8,95,12.3,100
2025-11-24 02:00:00,7853.0,Ile-de-France,6.2,96,9.6,100
2025-11-24 03:00:00,7740.5,Ile-de-France,6.6,96,11.5,100
2025-11-24 04:00:00,7898.0,Ile-de-France,6.7,95,11.5,100
2025-11-24 05:00:00,8552.5,Ile-de-France,6.4,95,12.0,100
2025-11-24 06:00:00,9651.5,Ile-de-France,6.1,96,12.1,100
2025-11-24 07:00:00,10516.0,Ile-de-France,5.9,97,12.3,100
2025-11-24 08:00:00,10873.0,Ile-de-France,6.9,96,12.9,30
2025-11-24 09:00:00,10899.5,Ile-de-France,6.3,94,13.5,35
2025-11-24 10:00:00,10781.0,Ile-de-France,6.4,95,14.0,95
2025-11-24 11:00:00,10777.0,Ile-de-France,7.2,93,13.8,13
2025-11-24 12:00:00,10628.0,Ile-de-France,8.2,86,14.7,48
2025-11-24 13:00:00,10234.5,Ile-de-France,9.1,78,18.5,38
2025-11-24 14:00:00,10052.5,Ile-de-France,8.9,81,15.4,55
2025-11-24 15:00:00,10053.0,Ile-de-France,9.4,79,14.2,48
2025-11-24 16:00:00,10441.5,Ile-de-France,9.4,77,13.5,55
2025-11-24 17:00:00,11018.0,Ile-de-France,8.9,75,16.0,69
2025-11-24 18:00:00,11397.5,Ile-de-France,7.4,83,16.0,100
2025-11-24 19:00:00,11107.0,Ile-de-France,7.2,87,13.8,98
2025-11-24 20:00:00,10275.5,Ile-de-France,7.1,89,15.1,98
2025-11-24 21:00:00,9653.5,Ile-de-France,6.4,93,11.8,94
2025-11-24 22:00:00,9408.0,Ile-de-France,6.1,95,12.4,88
2025-11-24 23:00:00,8946.5,Ile-de-France,6.2,94,14.3,48
2025-11-25 00:00:00,8240.5,Ile-de-France,5.7,95,14.5,69
2025-11-25 01:00:00,7781.0,Ile-de-France,4.8,92,12.4,94
2025-11-25 02:00:00,7503.0,Ile-de-France,6.2,91,15.0,47
2025-11-25 03:00:00,7331.0,Ile-de-France,5.7,93,14.6,20
2025-11-25 04:00:00,7426.0,Ile-de-France,5.2,94,14.7,27
2025-11-25 05:00:00,8166.0,Ile-de-France,4.9,93,15.3,66
2025-11-25 06:00:00,9478.5,Ile-de-France,5.2,92,16.2,100
2025-11-25 07:00:00,10461.0,Ile-de-France,5.7,90,16.3,100
2025-11-25 08:00:00,10799.5,Ile-de-France,5.6,92,15.0,65
2025-11-25 09:00:00,10945.5,Ile-de-France,5.2,92,15.2,47
2025-11-25 10:00:00,11075.0,Ile-de-France,5.2,91,16.4,48
2025-11-25 11:00:00,11212.5,Ile-de-France,6.1,85,17.6,90
2025-11-25 12:00:00,11216.0,Ile-de-France,7.2,78,15.5,90
2025-11-25 13:00:00,11041.0,Ile-de-France,7.8,73,20.5,72
2025-11-25 14:00:00,10784.5,Ile-de-France,6.8,80,18.0,100
2025-11-25 15:00:00,10624.0,Ile-de-France,7.7,77,16.9,28
2025-11-25 16:00:00,10924.0,Ile-de-France,8.0,70,20.5,29
2025-11-25 17:00:00,11377.5,Ile-de-France,7.7,68,16.8,23
2025-11-25 18:00:00,11694.0,Ile-de-France,6.7,72,14.8,15
2025-11-25 19:00:00,11561.0,Ile-de-France,5.9,76,14.1,28
2025-11-25 20:00:00,10818.5,Ile-de-France,5.2,80,14.0,15
2025-11-25 21:00:00,10229.5,Ile-de-France,4.8,80,13.5,4
2025-11-25 22:00:00,10114.0,Ile-de-France,4.7,85,13.3,30
2025-11-25 23:00:00,9541.0,Ile-de-France,4.4,87,13.2,12
2025-11-26 00:00:00,8845.5,Ile-de-France,4.1,89,12.4,10
2025-11-26 01:00:00,8351.5,Ile-de-France,3.7,91,11.9,4
2025-11-26 02:00:00,8024.5,Ile-de-France,3.7,94,11.4,2
2025-11-26 03:00:00,7836.0,Ile-de-France,3.5,94,10.9,12
2025-11-26 04:00:00,8052.5,Ile-de-France,3.3,94,11.3,17
2025-11-26 05:00:00,8891.0,Ile-de-France,3.2,94,11.1,5
2025-11-26 06:00:00,10041.5,Ile-de-France,2.9,94,11.4,27
2025-11-26 07:00:00,10891.5,Ile-de-France,2.9,94,11.1,37
2025-11-26 08:00:00,11338.5,Ile-de-France,3.2,96,11.6,22
2025-11-26 09:00:00,11435.5,Ile-de-France,3.2,95,11.0,20
2025-11-26 10:00:00,11363.0,Ile-de-France,3.3,95,10.9,20
2025-11-26 11:00:00,11326.5,Ile-de-France,4.4,93,9.0,9
2025-11-26 12:00:00,11205.0,Ile-de-France,5.8,90,8.3,6
2025-11-26 13:00:00,10976.5,Ile-de-France,7.1,84,9.9,22
2025-11-26 14:00:00,10694.0,Ile-de-France,8.1,83,9.6,33
2025-11-26 15:00:00,10632.0,Ile-de-France,8.4,73,11.6,30
2025-11-26 16:00:00,10967.0,Ile-de-France,8.1,72,10.2,48
2025-11-26 17:00:00,11391.0,Ile-de-France,7.7,76,7.0,34
2025-11-26 18:00:00,11773.0,Ile-de-France,6.4,81,6.1,34
2025-11-26 19:00:00,11597.0,Ile-de-France,5.6,84,6.4,15
2025-11-26 20:00:00,10992.5,Ile-de-France,5.4,84,6.2,99
2025-11-26 21:00:00,10442.0,Ile-de-France,4.8,85,6.3,100
2025-11-26 22:00:00,10425.0,Ile-de-France,3.8,88,4.0,100
2025-11-26 23:00:00,9838.0,Ile-de-France,3.0,89,4.3,100
2025-11-27 00:00:00,9105.5,Ile-de-France,2.8,88,4.8,100
2025-11-27 01:00:00,8637.5,Ile-de-France,2.4,87,4.5,100
2025-11-27 02:00:00,8389.0,Ile-de-France,2.7,88,6.1,84
2025-11-27 03:00:00,8275.0,Ile-de-France,2.3,87,6.7,41
2025-11-27 04:00:00,8480.0,Ile-de-France,2.3,87,9.0,62
2025-11-27 05:00:00,9133.5,Ile-de-France,2.5,87,9.6,100
2025-11-27 06:00:00,10221.0,Ile-de-France,3.0,86,10.4,100
2025-11-27 07:00:00,10989.5,Ile-de-France,3.6,84,10.0,100
2025-11-27 08:00:00,11444.5,Ile-de-France,4.2,87,10.4,100
2025-11-27 09:00:00,11438.0,Ile-de-France,4.3,87,10.8,100
2025-11-27 10:00:00,11478.0,Ile-de-France,4.6,86,11.8,100
2025-11-27 11:00:00,11613.0,Ile-de-France,5.2,83,12.5,100
2025-11-27 12:00:00,11584.0,Ile-de-France,5.9,80,12.0,100
2025-11-27 13:00:00,11378.5,Ile-de-France,6.7,80,11.5,100
2025-11-27 14:00:00,11126.5,Ile-de-France,6.2,88,11.0,100
2025-11-27 15:00:00,10977.0,Ile-de-France,6.8,88,10.5,100
2025-11-27 16:00:00,11185.5,Ile-de-France,7.2,87,9.4,100
2025-11-27 17:00:00,11540.5,Ile-de-France,7.8,87,10.2,100
2025-11-27 18:00:00,11755.0,Ile-de-France,7.8,87,10.1,100
2025-11-27 19:00:00,11371.5,Ile-de-France,8.0,88,10.3,100
2025-11-27 20:00:00,10660.5,Ile-de-France,7.8,91,10.7,100
2025-11-27 21:00:00,10054.0,Ile-de-France,7.7,91,11.2,100
2025-11-27 22:00:00,9896.5,Ile-de-France,7.8,91,11.5,100
2025-11-27 23:00:00,9334.0,Ile-de-France,8.2,90,12.0,100
2025-11-28 00:00:00,8562.0,Ile-de-France,8.4,90,11.9,100
2025-11-28 01:00:00,8062.5,Ile-de-France,8.5,90,11.5,100
2025-11-28 02:00:00,7722.5,Ile-de-France,7.9,92,10.7,100
2025-11-28 03:00:00,7530.0,Ile-de-France,8.0,93,11.3,100
2025-11-28 04:00:00,7750.0,Ile-de-France,8.1,93,11.4,100
2025-11-28 05:00:00,8469.0,Ile-de-France,8.2,93,11.8,100
2025-11-28 06:00:00,9451.5,Ile-de-France,8.3,94,12.2,100
2025-11-28 07:00:00,10236.5,Ile-de-France,8.4,95,12.0,100
2025-11-28 08:00:00,10555.0,Ile-de-France,8.0,97,10.6,100
2025-11-28 09:00:00,10683.0,Ile-de-France,8.1,97,12.0,100
2025-11-28 10:00:00,10723.0,Ile-de-France,8.4,97,13.2,100
2025-11-28 11:00:00,10889.0,Ile-de-France,8.9,96,14.0,100
2025-11-28 12:00:00,10777.5,Ile-de-France,9.9,93,14.5,100
2025-11-28 13:00:00,10562.0,Ile-de-France,10.1,93,15.1,100
2025-11-28 14:00:00,10369.5,Ile-de-France,9.6,96,11.8,100
2025-11-28 15:00:00,10144.5,Ile-de-France,9.9,96,11.6,100
2025-11-28 16:00:00,10265.5,Ile-de-France,10.6,95,13.1,100
2025-11-28 17:00:00,10550.0,Ile-de-France,10.9,94,13.9,100
2025-11-28 18:00:00,10577.5,Ile-de-France,10.8,96,13.9,100
2025-11-28 19:00:00,10408.0,Ile-de-France,10.8,97,11.1,100
2025-11-28 20:00:00,9820.5,Ile-de-France,10.6,97,7.9,98
2025-11-28 21:00:00,9305.0,Ile-de-France,9.9,98,6.1,12
2025-11-28 22:00:00,9312.5,Ile-de-France,8.4,99,6.5,13
2025-11-28 23:00:00,8830.5,Ile-de-France,7.7,99,7.6,27
2025-11-29 00:00:00,8025.0,Ile-de-France,7.2,100,8.0,100
2025-11-29 01:00:00,7467.0,Ile-de-France,7.2,100,9.3,100
2025-11-29 02:00:00,7086.5,Ile-de-France,7.4,100,8.6,100
2025-11-29 03:00:00,6892.5,Ile-de-France,7.8,100,9.1,100
2025-11-29 04:00:00,6902.5,Ile-de-France,7.8,100,9.1,100
2025-11-29 05:00:00,7096.5,Ile-de-France,7.9,99,9.0,100
2025-11-29 06:00:00,7446.0,Ile-de-France,8.4,99,9.7,100
2025-11-29 07:00:00,7836.0,Ile-de-France,9.1,99,11.0,100
2025-11-29 08:00:00,8501.0,Ile-de-France,9.2,99,10.5,100
2025-11-29 09:00:00,8947.5,Ile-de-France,9.2,98,12.3,100
2025-11-29 10:00:00,9222.0,Ile-de-France,9.6,98,13.3,100
2025-11-29 11:00:00,9536.0,Ile-de-France,9.9,96,13.9,100
2025-11-29 12:00:00,9567.5,Ile-de-France,10.2,95,14.9,100
2025-11-29 13:00:00,9304.0,Ile-de-France,10.7,93,16.7,100
2025-11-29 14:00:00,9161.0,Ile-de-France,10.8,94,16.4,100
2025-11-29 15:00:00,9023.0,Ile-de-France,11.4,89,15.8,100
2025-11-29 16:00:00,9107.0,Ile-de-France,11.5,88,18.6,100
2025-11-29 17:00:00,9308.0,Ile-de-France,11.2,89,20.2,100
2025-11-29 18:00:00,9498.5,Ile-de-France,10.9,90,20.0,100
2025-11-29 19:00:00,9382.5,Ile-de-France,10.7,91,19.6,100
2025-11-29 20:00:00,8940.5,Ile-de-France,10.6,91,17.8,100
2025-11-29 21:00:00,8586.0,Ile-de-France,9.9,95,15.4,100
2025-11-29 22:00:00,8729.0,Ile-de-France,9.1,92,9.4,100
2025-11-29 23:00:00,8346.0,Ile-de-France,8.6,92,8.8,100
2025-11-30 00:00:00,7826.0,Ile-de-France,8.1,93,9.0,100
2025-11-30 01:00:00,7394.5,Ile-de-France,7.7,93,8.2,100
2025-11-30 02:00:00,7023.5,Ile-de-France,7.3,96,7.6,100
2025-11-30 03:00:00,6817.5,Ile-de-France,6.8,96,7.7,100
2025-11-30 04:00:00,6862.5,Ile-de-France,6.6,96,7.4,100
2025-11-30 05:00:00,7035.5,Ile-de-France,6.4,95,8.0,100
2025-11-30 06:00:00,7285.5,Ile-de-France,6.2,95,7.9,100
2025-11-30 07:00:00,7620.5,Ile-de-France,5.8,95,8.5,100
2025-11-30 08:00:00,8194.0,Ile-de-France,5.9,96,9.9,100
2025-11-30 09:00:00,8752.0,Ile-de-France,6.1,96,10.2,98
2025-11-30 10:00:00,9127.0,Ile-de-France,5.9,96,11.7,14
2025-11-30 11:00:00,9457.0,Ile-de-France,6.4,93,12.3,18
2025-11-30 12:00:00,9505.0,Ile-de-France,7.1,89,13.0,34
2025-11-30 13:00:00,9195.0,Ile-de-France,7.8,80,13.5,41
2025-11-30 14:00:00,8953.0,Ile-de-France,8.1,78,12.9,27
2025-11-30 15:00:00,8830.0,Ile-de-France,8.4,73,11.6,8
2025-11-30 16:00:00,9214.5,Ile-de-France,8.4,70,10.9,19
2025-11-30 17:00:00,9888.0,Ile-de-France,7.9,72,7.6,8
2025-11-30 18:00:00,10331.5,Ile-de-France,6.3,79,4.5,0
2025-11-30 19:00:00,10334.5,Ile-de-France,5.7,82,6.3,3
2025-11-30 20:00:00,9920.0,Ile-de-France,5.0,82,6.7,0
2025-11-30 21:00:00,9597.5,Ile-de-France,4.2,84,7.1,0
2025-11-30 22:00:00,9635.0,Ile-de-France,3.9,84,7.3,0
2025-11-30 23:00:00,9239.5,Ile-de-France,3.6,85,6.6,2
2025-12-01 00:00:00,8657.0,Ile-de-France,3.4,85,6.9,6
2025-12-01 01:00:00,8151.5,Ile-de-France,3.1,86,6.2,91
2025-12-01 02:00:00,7968.5,Ile-de-France,3.0,88,8.1,57
2025-12-01 03:00:00,7890.0,Ile-de-France,2.3,89,8.9,60
2025-12-01 04:00:00,8163.0,Ile-de-France,2.0,90,9.4,100
2025-12-01 05:00:00,8805.0,Ile-de-France,2.0,90,9.5,100
2025-12-01 06:00:00,9926.5,Ile-de-France,2.0,91,10.9,100
2025-12-01 07:00:00,10839.5,Ile-de-France,2.2,90,11.2,100
2025-12-01 08:00:00,11247.5,Ile-de-France,2.6,91,13.0,100
2025-12-01 09:00:00,11268.5,Ile-de-France,2.8,91,13.9,100
2025-12-01 10:00:00,11214.0,Ile-de-France,3.0,90,15.7,100
2025-12-01 11:00:00,11282.0,Ile-de-France,3.5,88,13.9,75
2025-12-01 12:00:00,11228.0,Ile-de-France,4.7,85,13.0,95
2025-12-01 13:00:00,10934.5,Ile-de-France,5.6,82,13.5,100
2025-12-01 14:00:00,10738.5,Ile-de-France,5.8,88,12.5,100
2025-12-01 15:00:00,10614.0,Ile-de-France,7.2,82,13.3,100
2025-12-01 16:00:00,10859.5,Ile-de-France,7.3,82,12.7,100
2025-12-01 17:00:00,11218.5,Ile-de-France,7.7,78,17.1,100
2025-12-01 18:00:00,11573.5,Ile-de-France,7.5,78,16.2,100
2025-12-01 19:00:00,11287.5,Ile-de-France,7.5,76,16.8,100
2025-12-01 20:00:00,10493.0,Ile-de-France,7.3,78,16.7,100
2025-12-01 21:00:00,9843.0,Ile-de-France,7.0,78,16.5,100
2025-12-01 22:00:00,9653.0,Ile-de-France,6.9,76,16.9,100
2025-12-01 23:00:00,9040.5,Ile-de-France,7.0,72,17.5,100
2025-12-02 00:00:00,8332.5,Ile-de-France,7.0,68,17.6,100
2025-12-02 01:00:00,7845.5,Ile-de-France,7.1,66,16.8,100
2025-12-02 02:00:00,7548.0,Ile-de-France,7.2,66,16.0,100
2025-12-02 03:00:00,7408.5,Ile-de-France,7.2,65,15.7,100
2025-12-02 04:00:00,7593.5,Ile-de-France,7.4,67,16.5,100
2025-12-02 05:00:00,8306.0,Ile-de-France,7.4,70,15.7,100
2025-12-02 06:00:00,9425.0,Ile-de-France,7.8,64,14.5,100
2025-12-02 07:00:00,10346.0,Ile-de-France,7.8,66,14.5,100
2025-12-02 08:00:00,10598.0,Ile-de-France,7.8,72,13.6,100
2025-12-02 09:00:00,10669.0,Ile-de-France,7.8,74,13.7,100
2025-12-02 10:00:00,10626.5,Ile-de-France,7.8,74,13.5,90
2025-12-02 11:00:00,10704.5,Ile-de-France,8.1,74,13.4,99
2025-12-02 12:00:00,10616.0,Ile-de-France,8.8,76,11.4,84
2025-12-02 13:00:00,10378.5,Ile-de-France,9.9,76,12.5,72
2025-12-02 14:00:00,10222.5,Ile-de-France,9.3,80,9.3,100
2025-12-02 15:00:00,10173.0,Ile-de-France,9.6,82,7.6,100
2025-12-02 16:00:00,10408.0,Ile-de-France,9.7,84,7.8,100
2025-12-02 17:00:00,10791.5,Ile-de-France,9.2,86,9.5,100
2025-12-02 18:00:00,11047.5,Ile-de-France,8.5,88,10.0,100
2025-12-02 19:00:00,10841.0,Ile-de-France,7.8,91,10.6,100
2025-12-02 20:00:00,10146.5,Ile-de-France,8.0,93,9.9,100
2025-12-02 21:00:00,9563.0,Ile-de-France,8.1,93,10.1,100
2025-12-02 22:00:00,9437.5,Ile-de-France,8.1,93,9.6,100
2025-12-02 23:00:00,8837.0,Ile-de-France,8.0,94,9.2,100
2025-12-03 00:00:00,8052.0,Ile-de-France,8.1,94,8.7,100
2025-12-03 01:00:00,7591.5,Ile-de-France,7.9,95,7.6,100
2025-12-03 02:00:00,7264.0,Ile-de-France,8.0,96,6.5,100
2025-12-03 03:00:00,7125.0,Ile-de-France,8.1,96,5.3,100
2025-12-03 04:00:00,7341.0,Ile-de-France,7.9,96,5.7,100
2025-12-03 05:00:00,8058.0,Ile-de-France,7.9,95,6.2,100
2025-12-03 06:00:00,9163.5,Ile-de-France,7.8,94,6.1,100
2025-12-03 07:00:00,9994.5,Ile-de-France,7.7,94,5.4,100
2025-12-03 08:00:00,10382.0,Ile-de-France,7.2,92,6.1,100
2025-12-03 09:00:00,10403.0,Ile-de-France,6.8,93,5.0,100
2025-12-03 10:00:00,10317.5,Ile-de-France,7.0,93,4.8,100
2025-12-03 11:00:00,10380.5,Ile-de-France,7.2,89,7.3,100
2025-12-03 12:00:00,10318.5,Ile-de-France,7.5,86,8.4,100
2025-12-03 13:00:00,10137.5,Ile-de-France,8.1,82,8.7,100
2025-12-03 14:00:00,10032.0,Ile-de-France,9.6,76,6.9,65
2025-12-03 15:00:00,9954.5,Ile-de-France,9.9,73,8.2,56
2025-12-03 16:00:00,10277.5,Ile-de-France,9.8,73,8.4,77
2025-12-03 17:00:00,10622.0,Ile-de-France,9.4,77,5.8,48
2025-12-03 18:00:00,10956.5,Ile-de-France,8.2,83,5.6,70
2025-12-03 19:00:00,10727.0,Ile-de-France,8.1,84,7.6,90
2025-12-03 20:00:00,10046.5,Ile-de-France,7.6,86,6.2,32
2025-12-03 21:00:00,9476.5,Ile-de-France,6.9,89,7.6,43
2025-12-03 22:00:00,9414.5,Ile-de-France,6.4,91,8.8,6
2025-12-03 23:00:00,8918.0,Ile-de-France,6.0,92,9.2,61
2025-12-04 00:00:00,8294.5,Ile-de-France,5.9,93,9.4,19
2025-12-04 01:00:00,7823.0,Ile-de-France,5.4,94,9.7,100
2025-12-04 02:00:00,7529.0,Ile-de-France,5.4,96,10.9,100
2025-12-04 03:00:00,7371.0,Ile-de-France,5.4,97,11.9,100
2025-12-04 04:00:00,7636.5,Ile-de-France,5.3,97,12.8,100
2025-12-04 05:00:00,8301.5,Ile-de-France,5.2,97,13.9,100
2025-12-04 06:00:00,9478.0,Ile-de-France,5.3,96,14.5,100
2025-12-04 07:00:00,10241.5,Ile-de-France,5.9,95,14.7,100
2025-12-04 08:00:00,10525.5,Ile-de-France,6.4,94,15.4,100
2025-12-04 09:00:00,10643.5,Ile-de-France,6.7,93,16.4,100
2025-12-04 10:00:00,10746.0,Ile-de-France,6.8,92,17.0,100
2025-12-04 11:00:00,10856.0,Ile-de-France,7.2,90,18.4,100
2025-12-04 12:00:00,10675.5,Ile-de-France,7.2,91,19.2,100
2025-12-04 13:00:00,10242.5,Ile-de-France,7.6,91,17.1,100
2025-12-04 14:00:00,10006.0,Ile-de-France,8.1,93,11.5,100
2025-12-04 15:00:00,9950.0,Ile-de-France,9.0,90,7.3,100
2025-12-04 16:00:00,10264.0,Ile-de-France,8.2,88,9.4,100
2025-12-04 17:00:00,10688.0,Ile-de-France,7.9,87,8.6,100
2025-12-04 18:00:00,11080.0,Ile-de-France,7.2,89,8.5,100
2025-12-04 19:00:00,10928.0,Ile-de-France,6.8,90,9.2,52
2025-12-04 20:00:00,10347.5,Ile-de-France,6.2,90,8.0,17
2025-12-04 21:00:00,9792.5,Ile-de-France,5.7,89,8.6,20
2025-12-04 22:00:00,9738.0,Ile-de-France,5.3,91,8.2,1
2025-12-04 23:00:00,9260.5,Ile-de-France,4.7,92,7.5,2
2025-12-05 00:00:00,8638.5,Ile-de-France,4.0,93,6.2,1
2025-12-05 01:00:00,8163.0,Ile-de-France,2.9,94,5.0,0
2025-12-05 02:00:00,7985.0,Ile-de-France,3.2,94,4.8,25
2025-12-05 03:00:00,7921.0,Ile-de-France,1.9,95,4.3,78
2025-12-05 04:00:00,8210.5,Ile-de-France,1.9,95,4.8,81
2025-12-05 05:00:00,8989.0,Ile-de-France,1.4,96,5.3,0
2025-12-05 06:00:00,10168.0,Ile-de-France,1.2,95,5.1,0
2025-12-05 07:00:00,11074.5,Ile-de-France,0.6,95,4.0,0
2025-12-05 08:00:00,11437.0,Ile-de-France,0.8,97,3.5,3
2025-12-05 09:00:00,11572.5,Ile-de-France,-0.2,97,4.2,0
2025-12-05 10:00:00,11475.5,Ile-de-France,0.2,97,5.6,93
2025-12-05 11:00:00,11519.5,Ile-de-France,1.9,95,6.5,96
2025-12-05 12:00:00,11429.0,Ile-de-France,3.5,93,4.9,100
2025-12-05 13:00:00,11167.0,Ile-de-France,5.1,92,6.1,52
2025-12-05 14:00:00,11020.0,Ile-de-France,5.5,89,12.4,100
2025-12-05 15:00:00,10935.5,Ile-de-France,6.0,87,13.5,100
2025-12-05 16:00:00,11134.0,Ile-de-France,6.0,86,13.3,100
2025-12-05 17:00:00,11383.5,Ile-de-France,5.8,86,12.3,100
2025-12-05 18:00:00,11496.0,Ile-de-France,5.5,87,13.1,100
2025-12-05 19:00:00,11182.0,Ile-de-France,5.2,87,16.2,100
2025-12-05 20:00:00,10434.0,Ile-de-France,6.1,87,18.3,100
2025-12-05 21:00:00,9949.0,Ile-de-France,6.4,83,19.0,100
2025-12-05 22:00:00,9883.0,Ile-de-France,6.4,81,22.4,100
2025-12-05 23:00:00,9371.0,Ile-de-France,6.8,78,22.6,100
2025-12-06 00:00:00,8683.0,Ile-de-France,6.2,83,25.5,100
2025-12-06 01:00:00,8095.0,Ile-de-France,6.5,80,24.8,100
2025-12-06 02:00:00,7661.5,Ile-de-France,7.2,89,24.8,100
2025-12-06 03:00:00,7435.0,Ile-de-France,7.8,90,20.0,100
2025-12-06 04:00:00,7421.0,Ile-de-France,8.4,92,19.6,45
2025-12-06 05:00:00,7605.0,Ile-de-France,8.6,93,16.9,100
2025-12-06 06:00:00,7903.5,Ile-de-France,9.5,92,18.3,100
2025-12-06 07:00:00,8301.5,Ile-de-France,9.6,91,16.7,72
2025-12-06 08:00:00,8770.0,Ile-de-France,9.6,95,17.5,88
2025-12-06 09:00:00,9194.5,Ile-de-France,9.7,94,17.5,19
2025-12-06 10:00:00,9444.5,Ile-de-France,9.8,91,18.6,13
2025-12-06 11:00:00,9595.5,Ile-de-France,10.1,87,18.3,100
2025-12-06 12:00:00,9540.0,Ile-de-France,10.6,85,19.6,20
2025-12-06 13:00:00,9203.5,Ile-de-France,11.5,80,20.0,58
2025-12-06 14:00:00,8944.0,Ile-de-France,12.1,78,17.7,35
2025-12-06 15:00:00,8839.5,Ile-de-France,12.3,78,16.2,63
2025-12-06 16:00:00,8987.5,Ile-de-France,11.8,76,18.0,59
2025-12-06 17:00:00,9315.5,Ile-de-France,11.4,77,14.7,22
2025-12-06 18:00:00,9584.5,Ile-de-France,10.9,78,14.6,100
2025-12-06 19:00:00,9449.0,Ile-de-France,10.4,80,14.6,100
2025-12-06 20:00:00,8950.0,Ile-de-France,10.2,84,13.0,100
2025-12-06 21:00:00,8581.5,Ile-de-France,10.4,84,15.0,100
2025-12-06 22:00:00,8681.5,Ile-de-France,10.4,85,16.2,100
2025-12-06 23:00:00,8381.0,Ile-de-France,10.4,87,15.2,100
2025-12-07 00:00:00,7729.0,Ile-de-France,10.3,89,15.9,100
2025-12-07 01:00:00,7199.5,Ile-de-France,10.4,88,15.9,100
2025-12-07 02:00:00,6790.5,Ile-de-France,10.4,88,12.7,100
2025-12-07 03:00:00,6568.5,Ile-de-France,10.1,90,12.0,100
2025-12-07 04:00:00,6559.5,Ile-de-France,10.4,91,12.7,100
2025-12-07 05:00:00,6696.5,Ile-de-France,10.6,92,13.2,100
2025-12-07 06:00:00,6922.0,Ile-de-France,10.6,92,13.7,100
2025-12-07 07:00:00,7275.0,Ile-de-France,10.6,95,14.9,100
2025-12-07 08:00:00,7713.0,Ile-de-France,10.8,96,14.5,100
2025-12-07 09:00:00,8274.5,Ile-de-France,10.9,97,15.3,100
2025-12-07 10:00:00,8709.0,Ile-de-France,11.1,96,17.0,100
2025-12-07 11:00:00,9084.5,Ile-de-France,11.2,97,14.8,100
2025-12-07 12:00:00,9104.5,Ile-de-France,12.1,95,14.3,100
2025-12-07 13:00:00,8802.5,Ile-de-France,13.8,92,19.1,100
2025-12-07 14:00:00,8551.5,Ile-de-France,14.1,92,18.9,100
2025-12-07 15:00:00,8394.5,Ile-de-France,14.4,89,19.3,100
2025-12-07 16:00:00,8533.5,Ile-de-France,14.4,90,20.1,100
2025-12-07 17:00:00,8850.5,Ile-de-France,14.3,90,20.5,100
2025-12-07 18:00:00,9189.5,Ile-de-France,14.4,89,21.3,100
2025-12-07 19:00:00,9032.5,Ile-de-France,14.6,86,21.9,100
2025-12-07 20:00:00,8538.0,Ile-de-France,14.8,86,19.5,100
2025-12-07 21:00:00,8052.0,Ile-de-France,14.9,85,19.1,100
2025-12-07 22:00:00,8012.0,Ile-de-France,14.9,86,18.2,100
2025-12-07 23:00:00,7588.0,Ile-de-France,14.8,86,18.0,100
2025-12-08 00:00:00,6939.0,Ile-de-France,14.8,87,17.6,100
2025-12-08 01:00:00,6475.0,Ile-de-France,14.8,87,16.8,100
2025-12-08 02:00:00,6148.5,Ile-de-France,14.6,89,17.1,100
2025-12-08 03:00:00,5995.5,Ile-de-France,14.6,88,15.3,100
2025-12-08 04:00:00,6116.0,Ile-de-France,14.4,88,16.4,100
2025-12-08 05:00:00,6771.0,Ile-de-France,14.3,87,14.8,100
2025-12-08 06:00:00,7812.5,Ile-de-France,14.1,87,17.6,100
2025-12-08 07:00:00,8684.5,Ile-de-France,14.1,87,17.4,100
2025-12-08 08:00:00,8984.0,Ile-de-France,14.2,90,15.6,100
2025-12-08 09:00:00,9097.0,Ile-de-France,14.2,89,16.0,100
2025-12-08 10:00:00,9061.0,Ile-de-France,14.4,87,17.5,100
2025-12-08 11:00:00,9167.0,Ile-de-France,14.5,86,17.2,100
2025-12-08 12:00:00,9131.5,Ile-de-France,14.6,84,18.7,100
2025-12-08 13:00:00,8787.0,Ile-de-France,15.0,82,17.6,100
2025-12-08 14:00:00,8499.0,Ile-de-France,15.4,82,17.9,100
2025-12-08 15:00:00,8437.0,Ile-de-France,15.1,81,15.5,88
2025-12-08 16:00:00,8694.0,Ile-de-France,15.8,80,13.4,90
2025-12-08 17:00:00,9075.5,Ile-de-France,15.5,77,13.5,98
2025-12-08 18:00:00,9446.5,Ile-de-France,14.9,75,14.1,100
2025-12-08 19:00:00,9219.5,Ile-de-France,14.1,77,13.8,100
2025-12-08 20:00:00,8540.5,Ile-de-France,13.4,83,12.4,100
2025-12-08 21:00:00,8020.0,Ile-de-France,12.8,85,10.7,100
2025-12-08 22:00:00,7978.0,Ile-de-France,12.5,86,10.0,100
2025-12-08 23:00:00,7510.0,Ile-de-France,11.9,87,9.1,100
2025-12-09 00:00:00,6848.0,Ile-de-France,11.4,89,9.1,98
2025-12-09 01:00:00,6420.5,Ile-de-France,10.7,91,9.7,100
2025-12-09 02:00:00,6136.0,Ile-de-France,11.1,90,9.1,100
2025-12-09 03:00:00,6011.0,Ile-de-France,10.6,91,8.5,100
2025-12-09 04:00:00,6235.0,Ile-de-France,10.1,93,10.0,100
2025-12-09 05:00:00,6941.5,Ile-de-France,9.6,94,10.1,100
2025-12-09 06:00:00,8054.0,Ile-de-France,9.1,95,11.6,99
2025-12-09 07:00:00,8996.0,Ile-de-France,8.9,95,12.5,100
2025-12-09 08:00:00,9245.0,Ile-de-France,9.4,94,12.8,95
2025-12-09 09:00:00,9264.5,Ile-de-France,9.4,92,14.9,100
2025-12-09 10:00:00,9123.5,Ile-de-France,9.4,90,15.5,100
2025-12-09 11:00:00,9102.5,Ile-de-France,10.1,86,15.7,98
2025-12-09 12:00:00,8947.0,Ile-de-France,11.0,84,11.2,99
2025-12-09 13:00:00,8635.5,Ile-de-France,12.1,80,11.3,98
2025-12-09 14:00:00,8362.5,Ile-de-France,13.8,79,9.9,97
2025-12-09 15:00:00,8319.5,Ile-de-France,14.6,76,11.0,100
2025-12-09 16:00:00,8707.0,Ile-de-France,14.8,72,15.6,96
2025-12-09 17:00:00,9066.5,Ile-de-France,14.6,68,15.4,36
2025-12-09 18:00:00,9387.5,Ile-de-France,14.2,67,15.2,48
2025-12-09 19:00:00,9201.0,Ile-de-France,13.9,69,14.5,65
2025-12-09 20:00:00,8530.5,Ile-de-France,14.1,71,14.9,100
2025-12-09 21:00:00,8028.0,Ile-de-France,14.6,71,15.0,100
2025-12-09 22:00:00,7986.5,Ile-de-France,14.3,74,14.5,100
2025-12-09 23:00:00,7538.5,Ile-de-France,13.8,80,14.7,100
2025-12-10 00:00:00,6714.0,Ile-de-France,13.4,84,14.0,100
2025-12-10 01:00:00,6185.5,Ile-de-France,13.2,85,13.8,100
2025-12-10 02:00:00,5933.0,Ile-de-France,12.4,90,12.0,100
2025-12-10 03:00:00,5792.5,Ile-de-France,12.4,91,11.4,100
2025-12-10 04:00:00,5973.5,Ile-de-France,12.4,91,10.0,100
2025-12-10 05:00:00,6768.0,Ile-de-France,12.2,93,10.4,100
2025-12-10 06:00:00,7818.0,Ile-de-France,12.1,93,10.5,100
2025-12-10 07:00:00,8592.5,Ile-de-France,12.1,94,9.6,100
2025-12-10 08:00:00,8950.0,Ile-de-France,12.1,95,8.3,100
2025-12-10 09:00:00,9060.5,Ile-de-France,11.9,95,8.1,100
2025-12-10 10:00:00,9075.5,Ile-de-France,11.9,95,7.6,100
2025-12-10 11:00:00,9210.0,Ile-de-France,12.1,94,9.4,100
2025-12-10 12:00:00,9138.5,Ile-de-France,12.7,91,9.9,100
2025-12-10 13:00:00,8843.5,Ile-de-France,13.2,87,9.3,100
2025-12-10 14:00:00,8636.5,Ile-de-France,13.7,87,8.7,100
2025-12-10 15:00:00,8509.0,Ile-de-France,13.6,86,8.0,100
2025-12-10 16:00:00,8851.5,Ile-de-France,13.4,85,8.4,100
2025-12-10 17:00:00,9289.5,Ile-de-France,13.2,82,5.7,100
2025-12-10 18:00:00,9628.0,Ile-de-France,12.1,86,5.0,100
2025-12-10 19:00:00,9514.0,Ile-de-France,11.6,88,6.2,99
2025-12-10 20:00:00,8942.5,Ile-de-France,10.9,87,5.3,59
2025-12-10 21:00:00,8420.0,Ile-de-France,9.9,89,5.4,100
2025-12-10 22:00:00,8421.0,Ile-de-France,9.0,91,4.3,100
2025-12-10 23:00:00,8034.5,Ile-de-France,8.3,92,4.0,64
2025-12-11 00:00:00,7388.5,Ile-de-France,7.8,94,4.5,24
2025-12-11 01:00:00,6877.5,Ile-de-France,7.0,95,4.1,0
2025-12-11 02:00:00,6570.5,Ile-de-France,6.6,96,3.6,8
2025-12-11 03:00:00,6524.5,Ile-de-France,5.7,98,2.3,3
2025-12-11 04:00:00,6766.0,Ile-de-France,5.2,99,0.3,2
2025-12-11 05:00:00,7585.5,Ile-de-France,4.4,100,4.1,100
2025-12-11 06:00:00,8768.5,Ile-de-France,4.7,100,4.5,100
2025-12-11 07:00:00,9637.0,Ile-de-France,5.1,100,5.2,100
2025-12-11 08:00:00,9961.5,Ile-de-France,4.7,99,5.7,100
2025-12-11 09:00:00,10007.0,Ile-de-France,4.9,100,8.1,100
2025-12-11 10:00:00,9964.5,Ile-de-France,5.7,100,7.6,100
2025-12-11 11:00:00,10054.0,Ile-de-France,6.8,99,7.6,100
2025-12-11 12:00:00,9969.5,Ile-de-France,7.6,98,7.9,100
2025-12-11 13:00:00,9740.5,Ile-de-France,7.9,98,9.1,100
2025-12-11 14:00:00,9574.5,Ile-de-France,8.9,99,12.0,100
2025-12-11 15:00:00,9433.5,Ile-de-France,9.7,95,10.3,100
2025-12-11 16:00:00,9659.5,Ile-de-France,9.9,94,10.3,100
2025-12-11 17:00:00,9978.5,Ile-de-France,9.9,94,9.8,100
2025-12-11 18:00:00,10196.0,Ile-de-France,9.5,95,9.3,100
2025-12-11 19:00:00,10005.5,Ile-de-France,9.6,95,10.3,100
2025-12-11 20:00:00,9369.5,Ile-de-France,9.7,95,10.8,100
2025-12-11 21:00:00,8829.0,Ile-de-France,9.9,95,10.3,100
2025-12-11 22:00:00,8703.0,Ile-de-France,10.0,94,8.3,100
2025-12-11 23:00:00,8186.0,Ile-de-France,10.1,94,8.7,100
2025-12-12 00:00:00,7470.5,Ile-de-France,10.2,94,9.2,100
2025-12-12 01:00:00,6978.5,Ile-de-France,10.2,94,9.2,100
2025-12-12 02:00:00,6640.0,Ile-de-France,10.0,95,8.7,100
2025-12-12 03:00:00,6458.5,Ile-de-France,9.8,96,9.4,100
2025-12-12 04:00:00,6681.5,Ile-de-France,9.2,97,8.2,100
2025-12-12 05:00:00,7328.0,Ile-de-France,9.4,96,7.6,100
2025-12-12 06:00:00,8368.5,Ile-de-France,9.6,95,8.5,100
2025-12-12 07:00:00,9215.5,Ile-de-France,9.2,96,8.7,73
2025-12-12 08:00:00,9542.5,Ile-de-France,9.2,99,8.4,100
2025-12-12 09:00:00,9651.0,Ile-de-France,9.0,100,8.2,100
2025-12-12 10:00:00,9684.0,Ile-de-France,9.0,100,8.3,100
2025-12-12 11:00:00,9768.0,Ile-de-France,9.1,99,7.7,100
2025-12-12 12:00:00,9673.0,Ile-de-France,9.4,98,8.1,100
2025-12-12 13:00:00,9464.0,Ile-de-France,9.9,96,7.8,100
2025-12-12 14:00:00,9231.0,Ile-de-France,10.6,90,6.7,100
2025-12-12 15:00:00,9076.0,Ile-de-France,10.9,90,6.2,100
2025-12-12 16:00:00,9278.5,Ile-de-France,11.2,88,5.4,100
2025-12-12 17:00:00,9606.0,Ile-de-France,11.2,88,3.7,100
2025-12-12 18:00:00,9762.5,Ile-de-France,10.6,91,4.4,100
2025-12-12 19:00:00,9563.5,Ile-de-France,9.6,92,5.2,100
2025-12-12 20:00:00,8960.5,Ile-de-France,10.2,94,4.6,98
2025-12-12 21:00:00,8549.0,Ile-de-France,9.5,95,5.8,81
2025-12-12 22:00:00,8530.0,Ile-de-France,8.7,96,5.0,51
2025-12-12 23:00:00,8086.5,Ile-de-France,7.7,97,4.2,89
2025-12-13 00:00:00,7466.5,Ile-de-France,7.2,98,2.7,84
2025-12-13 01:00:00,6929.5,Ile-de-France,6.8,99,1.3,99
2025-12-13 02:00:00,6585.0,Ile-de-France,7.8,100,2.2,100
2025-12-13 03:00:00,6413.0,Ile-de-France,8.6,100,0.5,100
2025-12-13 04:00:00,6449.5,Ile-de-France,8.4,100,2.4,100
2025-12-13 05:00:00,6716.0,Ile-de-France,8.2,100,2.6,100
2025-12-13 06:00:00,7089.5,Ile-de-France,8.2,100,2.7,100
2025-12-13 07:00:00,7567.5,Ile-de-France,8.1,99,3.6,100
2025-12-13 08:00:00,8104.5,Ile-de-France,8.3,100,1.4,100
2025-12-13 09:00:00,8637.5,Ile-de-France,8.4,99,3.0,100
2025-12-13 10:00:00,8978.0,Ile-de-France,8.4,99,2.5,100
2025-12-13 11:00:00,9320.0,Ile-de-France,8.6,99,3.2,100
2025-12-13 12:00:00,9326.0,Ile-de-France,8.7,99,3.6,100
2025-12-13 13:00:00,9068.5,Ile-de-France,8.9,98,2.3,100
2025-12-13 14:00:00,8867.5,Ile-de-France,9.2,97,1.5,100
2025-12-13 15:00:00,8717.5,Ile-de-France,9.5,96,2.5,100
2025-12-13 16:00:00,8809.0,Ile-de-France,9.6,96,5.2,100
2025-12-13 17:00:00,9048.5,Ile-de-France,9.4,96,6.0,100
2025-12-13 18:00:00,9294.5,Ile-de-France,9.1,96,4.5,100
2025-12-13 19:00:00,9168.5,Ile-de-France,8.9,97,5.3,100
2025-12-13 20:00:00,8688.5,Ile-de-France,8.9,97,4.6,100
2025-12-13 21:00:00,8381.0,Ile-de-France,8.8,96,5.7,100
2025-12-13 22:00:00,8508.0,Ile-de-France,8.4,96,7.3,100
2025-12-13 23:00:00,8172.0,Ile-de-France,8.1,96,7.5,100
2025-12-14 00:00:00,7562.0,Ile-de-France,7.8,97,8.4,100
2025-12-14 01:00:00,7073.5,Ile-de-France,7.3,99,8.6,100
2025-12-14 02:00:00,6763.0,Ile-de-France,7.2,99,8.7,100
2025-12-14 03:00:00,6568.0,Ile-de-France,7.2,99,7.2,100
2025-12-14 04:00:00,6572.5,Ile-de-France,7.1,99,7.5,100
2025-12-14 05:00:00,6739.5,Ile-de-France,6.9,100,7.7,100
2025-12-14 06:00:00,6968.5,Ile-de-France,6.9,98,9.0,100
2025-12-14 07:00:00,7361.0,Ile-de-France,6.9,97,8.8,100
2025-12-14 08:00:00,7868.5,Ile-de-France,6.8,96,8.5,100
2025-12-14 09:00:00,8484.0,Ile-de-France,6.7,96,9.6,100
2025-12-14 10:00:00,8967.5,Ile-de-France,6.6,96,9.7,100
2025-12-14 11:00:00,9349.0,Ile-de-France,6.4,96,9.3,100
2025-12-14 12:00:00,9465.0,Ile-de-France,6.6,94,9.8,100
2025-12-14 13:00:00,9257.5,Ile-de-France,6.7,94,9.5,100
2025-12-14 14:00:00,9062.0,Ile-de-France,7.4,94,8.5,100
2025-12-14 15:00:00,8936.0,Ile-de-France,7.3,95,8.6,100
2025-12-14 16:00:00,9151.5,Ile-de-France,7.2,95,8.9,100
2025-12-14 17:00:00,9552.0,Ile-de-France,7.1,94,8.9,100
2025-12-14 18:00:00,9983.5,Ile-de-France,6.8,94,9.5,100
2025-12-14 19:00:00,9887.5,Ile-de-France,6.5,93,11.8,100
2025-12-14 20:00:00,9407.5,Ile-de-France,6.3,95,12.1,100
2025-12-14 21:00:00,9009.0,Ile-de-France,6.2,97,10.4,100
2025-12-14 22:00:00,9087.0,Ile-de-France,6.2,96,10.8,100
2025-12-14 23:00:00,8625.5,Ile-de-France,6.2,95,9.5,100
2025-12-15 00:00:00,7987.5,Ile-de-France,6.1,95,9.0,100
2025-12-15 01:00:00,7517.5,Ile-de-France,6.0,94,9.3,100
2025-12-15 02:00:00,7234.0,Ile-de-France,5.3,94,9.9,100
2025-12-15 03:00:00,7105.0,Ile-de-France,5.2,95,11.0,100
2025-12-15 04:00:00,7347.5,Ile-de-France,5.2,97,9.9,100
2025-12-15 05:00:00,7961.5,Ile-de-France,5.1,98,9.6,100
2025-12-15 06:00:00,9081.5,Ile-de-France,4.8,96,12.1,0
2025-12-15 07:00:00,10077.5,Ile-de-France,4.9,93,12.8,0
2025-12-15 08:00:00,10400.0,Ile-de-France,5.1,96,12.2,1
2025-12-15 09:00:00,10449.5,Ile-de-France,4.9,94,11.8,0
2025-12-15 10:00:00,10346.5,Ile-de-France,4.9,93,12.6,0
2025-12-15 11:00:00,10401.0,Ile-de-France,6.0,89,13.1,0
2025-12-15 12:00:00,10330.5,Ile-de-France,7.2,87,9.2,23
2025-12-15 13:00:00,9979.0,Ile-de-France,8.6,85,10.2,89
2025-12-15 14:00:00,9702.0,Ile-de-France,9.8,85,10.9,100
2025-12-15 15:00:00,9556.5,Ile-de-France,10.2,84,10.0,100
2025-12-15 16:00:00,9855.0,Ile-de-France,10.6,83,11.2,100
2025-12-15 17:00:00,10221.0,Ile-de-France,10.7,84,10.5,100
2025-12-15 18:00:00,10453.0,Ile-de-France,10.1,87,10.9,100
2025-12-15 19:00:00,10181.5,Ile-de-France,9.7,88,12.8,95
2025-12-15 20:00:00,9391.0,Ile-de-France,10.1,87,10.4,100
2025-12-15 21:00:00,8779.0,Ile-de-France,10.2,87,9.7,99
2025-12-15 22:00:00,8595.0,Ile-de-France,10.1,88,11.4,100
2025-12-15 23:00:00,8043.0,Ile-de-France,10.2,87,14.7,100
2025-12-16 00:00:00,7357.5,Ile-de-France,10.4,84,15.5,91
2025-12-16 01:00:00,6878.0,Ile-de-France,9.5,88,13.6,95
2025-12-16 02:00:00,6599.0,Ile-de-France,9.8,91,11.4,55
2025-12-16 03:00:00,6472.0,Ile-de-France,9.8,91,10.7,46
2025-12-16 04:00:00,6654.0,Ile-de-France,9.4,91,9.7,6
2025-12-16 05:00:00,7363.0,Ile-de-France,8.9,92,10.3,87
2025-12-16 06:00:00,8445.0,Ile-de-France,8.9,91,10.8,80
2025-12-16 07:00:00,9361.5,Ile-de-France,8.9,89,8.4,98
2025-12-16 08:00:00,9603.0,Ile-de-France,9.8,89,10.3,99
2025-12-16 09:00:00,9661.0,Ile-de-France,9.7,89,9.6,100
2025-12-16 10:00:00,9558.5,Ile-de-France,9.8,88,8.7,100
2025-12-16 11:00:00,9533.5,Ile-de-France,9.9,87,8.8,100
2025-12-16 12:00:00,9311.5,Ile-de-France,10.5,86,7.1,98
2025-12-16 13:00:00,8999.5,Ile-de-France,11.2,84,6.6,100
2025-12-16 14:00:00,8790.5,Ile-de-France,12.6,80,4.0,55
2025-12-16 15:00:00,8717.0,Ile-de-France,13.2,78,1.2,17
2025-12-16 16:00:00,9144.0,Ile-de-France,13.1,79,3.6,19
2025-12-16 17:00:00,9469.5,Ile-de-France,12.2,86,2.8,2
2025-12-16 18:00:00,9932.0,Ile-de-France,10.6,88,1.7,26
2025-12-16 19:00:00,9677.5,Ile-de-France,10.1,89,0.9,1
2025-12-16 20:00:00,9002.5,Ile-de-France,10.6,88,0.7,20
2025-12-16 21:00:00,8479.5,Ile-de-France,9.4,93,1.8,36
2025-12-16 22:00:00,8368.5,Ile-de-France,8.4,97,4.2,31
2025-12-16 23:00:00,7899.5,Ile-de-France,7.9,96,4.7,5
2025-12-17 00:00:00,7243.0,Ile-de-France,7.9,94,5.4,3
2025-12-17 01:00:00,6797.0,Ile-de-France,7.5,95,7.0,11
2025-12-17 02:00:00,6507.0,Ile-de-France,7.6,99,5.6,100
2025-12-17 03:00:00,6381.0,Ile-de-France,8.1,100,3.6,100
2025-12-17 04:00:00,6601.0,Ile-de-France,8.3,100,6.4,100
2025-12-17 05:00:00,7274.5,Ile-de-France,8.4,99,6.2,100
2025-12-17 06:00:00,8245.5,Ile-de-France,8.4,98,5.5,100
2025-12-17 07:00:00,9190.5,Ile-de-France,8.2,98,6.7,100
2025-12-17 08:00:00,9599.5,Ile-de-France,8.2,97,6.0,95
2025-12-17 09:00:00,9713.0,Ile-de-France,7.6,97,5.0,29
2025-12-17 10:00:00,9744.0,Ile-de-France,7.2,97,5.9,80
2025-12-17 11:00:00,9832.0,Ile-de-France,7.8,96,5.8,98
2025-12-17 12:00:00,9730.0,Ile-de-France,8.8,90,5.1,98
2025-12-17 13:00:00,9486.0,Ile-de-France,9.3,83,6.9,59
2025-12-17 14:00:00,9315.5,Ile-de-France,9.6,82,7.9,100
2025-12-17 15:00:00,9313.0,Ile-de-France,10.1,77,7.7,56
2025-12-17 16:00:00,9681.0,Ile-de-France,10.2,74,7.4,55
2025-12-17 17:00:00,10033.0,Ile-de-France,9.9,78,5.1,100
2025-12-17 18:00:00,10352.0,Ile-de-France,8.7,83,6.9,100
2025-12-17 19:00:00,10030.5,Ile-de-France,7.9,87,8.8,100
2025-12-17 20:00:00,9315.5,Ile-de-France,7.4,89,9.6,100
2025-12-17 21:00:00,8835.0,Ile-de-France,7.4,91,9.5,100
2025-12-17 22:00:00,8771.5,Ile-de-France,7.3,91,10.5,80
2025-12-17 23:00:00,8298.5,Ile-de-France,7.3,91,12.3,59
2025-12-18 00:00:00,7633.0,Ile-de-France,6.8,91,13.8,95
2025-12-18 01:00:00,7145.5,Ile-de-France,6.3,93,14.1,42
2025-12-18 02:00:00,6845.5,Ile-de-France,6.7,93,13.0,100
2025-12-18 03:00:00,6676.5,Ile-de-France,7.4,92,13.4,100
2025-12-18 04:00:00,6880.5,Ile-de-France,7.8,91,14.6,100
2025-12-18 05:00:00,7540.0,Ile-de-France,8.0,91,14.2,100
2025-12-18 06:00:00,8535.5,Ile-de-France,8.1,90,15.3,100
2025-12-18 07:00:00,9482.5,Ile-de-France,8.4,92,15.2,100
2025-12-18 08:00:00,9758.0,Ile-de-France,9.4,91,14.6,100
2025-12-18 09:00:00,9734.5,Ile-de-France,9.5,90,15.1,100
2025-12-18 10:00:00,9647.5,Ile-de-France,9.1,89,14.2,100
2025-12-18 11:00:00,9534.5,Ile-de-France,9.4,87,14.5,100
2025-12-18 12:00:00,9329.0,Ile-de-France,10.1,83,16.2,97
2025-12-18 13:00:00,9019.0,Ile-de-France,10.9,81,13.1,86
2025-12-18 14:00:00,8788.5,Ile-de-France,12.9,72,17.2,97
2025-12-18 15:00:00,8710.5,Ile-de-France,13.6,74,14.2,98
2025-12-18 16:00:00,9046.5,Ile-de-France,14.1,66,20.4,91
2025-12-18 17:00:00,9451.0,Ile-de-France,14.4,61,21.1,100
2025-12-18 18:00:00,9644.5,Ile-de-France,14.2,60,21.3,99
2025-12-18 19:00:00,9342.5,Ile-de-France,14.1,60,21.6,99
2025-12-18 20:00:00,8660.5,Ile-de-France,13.9,63,21.9,100
2025-12-18 21:00:00,8158.0,Ile-de-France,14.0,63,20.8,100
2025-12-18 22:00:00,8058.5,Ile-de-France,13.9,64,19.4,100
2025-12-18 23:00:00,7576.5,Ile-de-France,13.6,67,19.6,100
2025-12-19 00:00:00,6943.5,Ile-de-France,13.2,73,19.5,100
2025-12-19 01:00:00,6476.5,Ile-de-France,12.9,77,18.7,100
2025-12-19 02:00:00,6172.0,Ile-de-France,12.5,84,18.5,100
2025-12-19 03:00:00,5983.5,Ile-de-France,12.4,87,18.8,100
2025-12-19 04:00:00,6144.0,Ile-de-France,12.3,89,19.2,100
2025-12-19 05:00:00,6792.5,Ile-de-France,12.0,90,17.4,100
2025-12-19 06:00:00,7888.5,Ile-de-France,11.8,89,17.7,100
2025-12-19 07:00:00,8801.5,Ile-de-France,11.5,92,16.2,100
2025-12-19 08:00:00,9210.0,Ile-de-France,11.1,96,15.6,100
2025-12-19 09:00:00,9279.0,Ile-de-France,10.8,95,9.4,100
2025-12-19 10:00:00,9375.0,Ile-de-France,10.4,96,8.1,100
2025-12-19 11:00:00,9432.0,Ile-de-France,10.2,94,9.0,100
2025-12-19 12:00:00,9365.0,Ile-de-France,10.4,93,8.6,100
2025-12-19 13:00:00,9192.5,Ile-de-France,10.6,91,6.3,100
2025-12-19 14:00:00,8950.0,Ile-de-France,10.7,91,6.9,100
2025-12-19 15:00:00,8834.0,Ile-de-France,10.8,89,6.1,100
2025-12-19 16:00:00,9157.5,Ile-de-France,10.7,88,5.3,100
2025-12-19 17:00:00,9492.0,Ile-de-France,10.4,87,3.6,100
2025-12-19 18:00:00,9690.0,Ile-de-France,9.4,90,3.5,100
2025-12-19 19:00:00,9393.5,Ile-de-France,8.6,92,2.5,100
2025-12-19 20:00:00,8762.0,Ile-de-France,8.4,92,2.8,100
2025-12-19 21:00:00,8351.5,Ile-de-France,7.8,92,1.7,99
2025-12-19 22:00:00,8393.0,Ile-de-France,7.3,94,0.6,98
2025-12-19 23:00:00,7957.0,Ile-de-France,7.4,94,0.2,98
2025-12-20 00:00:00,7331.5,Ile-de-France,6.8,97,0.6,99
2025-12-20 01:00:00,6893.0,Ile-de-France,6.2,99,1.5,100
2025-12-20 02:00:00,6559.0,Ile-de-France,6.4,99,3.6,100
2025-12-20 03:00:00,6387.0,Ile-de-France,6.4,98,3.3,100
2025-12-20 04:00:00,6431.5,Ile-de-France,5.8,99,3.5,100
2025-12-20 05:00:00,6657.5,Ile-de-France,6.1,99,4.8,100
2025-12-20 06:00:00,6974.0,Ile-de-France,6.2,98,5.3,100
2025-12-20 07:00:00,7469.0,Ile-de-France,6.5,98,5.7,100
2025-12-20 08:00:00,7934.0,Ile-de-France,6.9,97,6.8,100
2025-12-20 09:00:00,8451.5,Ile-de-France,7.3,96,7.6,100
2025-12-20 10:00:00,8787.0,Ile-de-France,7.6,96,8.3,100
2025-12-20 11:00:00,9016.5,Ile-de-France,7.8,96,7.6,100
2025-12-20 12:00:00,9067.5,Ile-de-France,7.9,96,7.0,100
2025-12-20 13:00:00,8886.0,Ile-de-France,8.9,91,8.7,100
2025-12-20 14:00:00,8759.0,Ile-de-France,8.9,96,7.3,100
2025-12-20 15:00:00,8559.0,Ile-de-France,9.2,95,7.5,100
2025-12-20 16:00:00,8616.0,Ile-de-France,9.4,96,7.0,100
2025-12-20 17:00:00,8807.0,Ile-de-France,9.4,97,8.1,100
2025-12-20 18:00:00,8999.5,Ile-de-France,9.6,97,9.6,100
2025-12-20 19:00:00,8814.0,Ile-de-France,9.6,97,11.4,100
2025-12-20 20:00:00,8345.5,Ile-de-France,9.8,98,9.7,100
2025-12-20 21:00:00,8021.5,Ile-de-France,9.6,98,11.0,100
2025-12-20 22:00:00,8151.5,Ile-de-France,9.6,98,11.4,100
2025-12-20 23:00:00,7806.5,Ile-de-France,9.4,98,11.1,58
2025-12-21 00:00:00,7198.5,Ile-de-France,8.9,98,10.9,66
2025-12-21 01:00:00,6705.5,Ile-de-France,8.8,98,11.4,66
2025-12-21 02:00:00,6373.0,Ile-de-France,9.1,98,8.8,100
2025-12-21 03:00:00,6180.5,Ile-de-France,9.1,97,9.3,100
2025-12-21 04:00:00,6200.0,Ile-de-France,8.7,98,8.0,98
2025-12-21 05:00:00,6319.0,Ile-de-France,8.2,98,7.4,97
2025-12-21 06:00:00,6509.5,Ile-de-France,7.8,99,7.3,95
2025-12-21 07:00:00,6890.5,Ile-de-France,7.7,99,8.0,63
2025-12-21 08:00:00,7347.0,Ile-de-France,8.2,98,8.2,84
2025-12-21 09:00:00,7856.5,Ile-de-France,7.9,99,9.0,99
2025-12-21 10:00:00,8334.5,Ile-de-France,8.2,98,11.4,100
2025-12-21 11:00:00,8740.0,Ile-de-France,9.2,97,13.2,100
2025-12-21 12:00:00,8759.5,Ile-de-France,9.9,97,14.0,100
2025-12-21 13:00:00,8546.5,Ile-de-France,10.3,95,15.0,100
2025-12-21 14:00:00,8359.0,Ile-de-France,10.6,95,14.6,100
2025-12-21 15:00:00,8159.5,Ile-de-France,11.1,95,14.8,100
2025-12-21 16:00:00,8286.0,Ile-de-France,11.2,95,13.9,100
2025-12-21 17:00:00,8574.0,Ile-de-France,10.8,95,12.5,100
2025-12-21 18:00:00,8836.5,Ile-de-France,10.6,94,15.3,100
2025-12-21 19:00:00,8674.5,Ile-de-France,10.3,93,14.7,100
2025-12-21 20:00:00,8274.5,Ile-de-France,11.0,87,21.4,100
2025-12-21 21:00:00,7981.0,Ile-de-France,10.6,91,17.5,100
2025-12-21 22:00:00,8056.5,Ile-de-France,10.7,90,21.0,100
2025-12-21 23:00:00,7681.5,Ile-de-France,10.6,90,18.7,100
2025-12-22 00:00:00,7064.0,Ile-de-France,10.1,90,14.9,100
2025-12-22 01:00:00,6604.5,Ile-de-France,9.6,90,14.2,100
2025-12-22 02:00:00,6332.5,Ile-de-France,10.8,84,14.7,100
2025-12-22 03:00:00,6217.0,Ile-de-France,10.6,84,13.2,100
2025-12-22 04:00:00,6427.5,Ile-de-France,10.3,85,12.3,100
2025-12-22 05:00:00,7009.5,Ile-de-France,10.1,86,11.0,100
2025-12-22 06:00:00,7845.0,Ile-de-France,9.8,87,9.5,100
2025-12-22 07:00:00,8689.5,Ile-de-France,9.2,89,7.5,100
2025-12-22 08:00:00,9157.0,Ile-de-France,8.3,92,5.9,100
2025-12-22 09:00:00,9391.5,Ile-de-France,7.4,94,4.9,100
2025-12-22 10:00:00,9526.0,Ile-de-France,6.9,96,1.6,100
2025-12-22 11:00:00,9653.5,Ile-de-France,7.6,96,3.4,100
2025-12-22 12:00:00,9689.5,Ile-de-France,8.2,95,4.1,100
2025-12-22 13:00:00,9467.5,Ile-de-France,8.9,93,5.8,99
2025-12-22 14:00:00,9308.0,Ile-de-France,9.4,91,8.3,100
2025-12-22 15:00:00,9169.0,Ile-de-France,10.1,89,6.4,100
2025-12-22 16:00:00,9368.0,Ile-de-France,10.4,90,7.7,100
2025-12-22 17:00:00,9620.0,Ile-de-France,10.1,89,7.6,100
2025-12-22 18:00:00,9750.0,Ile-de-France,9.4,91,6.8,100
2025-12-22 19:00:00,9466.5,Ile-de-France,8.9,90,8.0,100
2025-12-22 20:00:00,8860.5,Ile-de-France,8.9,87,8.4,100
2025-12-22 21:00:00,8451.5,Ile-de-France,8.9,84,9.0,99
2025-12-22 22:00:00,8446.5,Ile-de-France,8.5,84,7.2,99
2025-12-22 23:00:00,8054.5,Ile-de-France,8.2,84,8.2,100
2025-12-23 00:00:00,7407.0,Ile-de-France,8.1,84,7.3,95
2025-12-23 01:00:00,6947.5,Ile-de-France,7.2,86,7.8,99
2025-12-23 02:00:00,6708.5,Ile-de-France,8.0,85,6.4,100
2025-12-23 03:00:00,6587.0,Ile-de-France,7.8,85,6.5,100
2025-12-23 04:00:00,6812.5,Ile-de-France,7.7,87,3.3,100
2025-12-23 05:00:00,7432.5,Ile-de-France,7.4,88,3.4,98
2025-12-23 06:00:00,8288.5,Ile-de-France,6.3,91,4.6,99
2025-12-23 07:00:00,9168.5,Ile-de-France,5.4,92,6.8,100
2025-12-23 08:00:00,9689.0,Ile-de-France,5.1,93,7.3,98
2025-12-23 09:00:00,10049.5,Ile-de-France,4.2,95,6.1,99
2025-12-23 10:00:00,10328.0,Ile-de-France,3.5,95,6.6,99
2025-12-23 11:00:00,10581.5,Ile-de-France,3.4,93,7.7,100
2025-12-23 12:00:00,10629.0,Ile-de-France,3.5,91,9.9,100
2025-12-23 13:00:00,10515.0,Ile-de-France,3.6,91,9.5,100
2025-12-23 14:00:00,10392.5,Ile-de-France,3.5,89,9.9,100
2025-12-23 15:00:00,10266.5,Ile-de-France,3.8,86,11.7,100
2025-12-23 16:00:00,10407.5,Ile-de-France,4.1,82,12.2,100
2025-12-23 17:00:00,10583.5,Ile-de-France,4.4,78,13.1,100
2025-12-23 18:00:00,10688.0,Ile-de-France,4.6,79,9.2,100
2025-12-23 19:00:00,10399.0,Ile-de-France,4.6,79,11.2,100
2025-12-23 20:00:00,9747.0,Ile-de-France,4.6,81,11.0,100
2025-12-23 21:00:00,9318.5,Ile-de-France,4.4,81,9.6,61
2025-12-23 22:00:00,9313.0,Ile-de-France,4.1,82,10.7,89
2025-12-23 23:00:00,8852.5,Ile-de-France,4.2,80,11.5,99
2025-12-24 00:00:00,8223.0,Ile-de-France,4.2,79,11.3,100
2025-12-24 01:00:00,7750.0,Ile-de-France,4.4,77,12.4,98
2025-12-24 02:00:00,7462.0,Ile-de-France,4.8,77,12.8,100
2025-12-24 03:00:00,7321.0,Ile-de-France,4.7,76,13.5,100
2025-12-24 04:00:00,7472.0,Ile-de-France,4.7,74,13.7,99
2025-12-24 05:00:00,7987.0,Ile-de-France,4.8,74,14.5,100
2025-12-24 06:00:00,8665.5,Ile-de-France,4.7,73,15.0,100
2025-12-24 07:00:00,9369.0,Ile-de-France,4.8,73,16.5,100
2025-12-24 08:00:00,9823.5,Ile-de-France,5.2,73,16.5,100
2025-12-24 09:00:00,10207.5,Ile-de-France,5.2,72,17.1,100
2025-12-24 10:00:00,10509.5,Ile-de-France,4.9,70,18.2,37
2025-12-24 11:00:00,10746.5,Ile-de-France,4.3,69,17.6,6
2025-12-24 12:00:00,10737.0,Ile-de-France,4.6,67,20.9,26
2025-12-24 13:00:00,10490.0,Ile-de-France,4.2,70,20.1,77
2025-12-24 14:00:00,10372.5,Ile-de-France,3.7,70,20.5,95
2025-12-24 15:00:00,10319.5,Ile-de-France,3.4,65,19.8,42
2025-12-24 16:00:00,10655.0,Ile-de-France,3.0,64,19.3,13
2025-12-24 17:00:00,10928.5,Ile-de-France,2.5,65,17.6,0
2025-12-24 18:00:00,10906.0,Ile-de-France,1.6,67,18.3,0
2025-12-24 19:00:00,10489.5,Ile-de-France,1.1,67,19.2,5
2025-12-24 20:00:00,9938.5,Ile-de-France,1.0,71,20.2,95
2025-12-24 21:00:00,9598.0,Ile-de-France,0.8,71,21.1,66
2025-12-24 22:00:00,9758.0,Ile-de-France,0.2,70,20.8,50
2025-12-24 23:00:00,9578.0,Ile-de-France,-0.4,69,19.7,66
2025-12-25 00:00:00,9170.0,Ile-de-France,-0.6,68,20.2,99
2025-12-25 01:00:00,8785.5,Ile-de-France,-0.6,66,20.5,100
2025-12-25 02:00:00,8431.0,Ile-de-France,-0.3,74,18.7,100
2025-12-25 03:00:00,8232.5,Ile-de-France,-0.4,74,17.9,100
2025-12-25 04:00:00,8225.0,Ile-de-France,-0.2,69,18.5,60
2025-12-25 05:00:00,8376.5,Ile-de-France,-0.3,68,17.8,27
2025-12-25 06:00:00,8585.0,Ile-de-France,-0.4,69,17.0,36
2025-12-25 07:00:00,8818.5,Ile-de-France,-0.3,69,15.2,88
2025-12-25 08:00:00,9056.0,Ile-de-France,-0.3,74,15.3,100
2025-12-25 09:00:00,9419.0,Ile-de-France,-0.6,75,16.5,98
2025-12-25 10:00:00,9790.0,Ile-de-France,-0.8,75,13.7,14
2025-12-25 11:00:00,9969.5,Ile-de-France,-0.6,75,13.9,3
2025-12-25 12:00:00,9899.0,Ile-de-France,0.2,72,14.0,0
2025-12-25 13:00:00,9599.5,Ile-de-France,1.0,69,13.9,0
2025-12-25 14:00:00,9413.0,Ile-de-France,1.5,69,14.2,19
2025-12-25 15:00:00,9401.5,Ile-de-France,1.6,68,14.0,2
2025-12-25 16:00:00,9720.0,Ile-de-France,1.5,68,12.4,0
2025-12-25 17:00:00,10150.0,Ile-de-France,1.2,70,10.7,0
2025-12-25 18:00:00,10360.0,Ile-de-France,0.5,75,9.2,0
2025-12-25 19:00:00,10337.0,Ile-de-France,0.1,76,9.4,0
2025-12-25 20:00:00,10074.0,Ile-de-France,-0.3,81,10.6,0
2025-12-25 21:00:00,9883.0,Ile-de-France,-0.6,82,9.9,0
2025-12-25 22:00:00,10104.0,Ile-de-France,-0.9,83,8.6,0
2025-12-25 23:00:00,9786.0,Ile-de-France,-1.1,83,8.3,0
2025-12-26 00:00:00,9278.0,Ile-de-France,-1.3,83,8.3,0
2025-12-26 01:00:00,8902.5,Ile-de-France,-1.5,83,7.8,0
2025-12-26 02:00:00,8654.5,Ile-de-France,-1.8,87,9.4,0
2025-12-26 03:00:00,8557.0,Ile-de-France,-2.0,88,9.1,0
2025-12-26 04:00:00,8753.0,Ile-de-France,-2.0,87,8.4,0
2025-12-26 05:00:00,9216.0,Ile-de-France,-2.2,87,7.6,0
2025-12-26 06:00:00,9822.0,Ile-de-France,-2.2,88,7.8,0
2025-12-26 07:00:00,10430.0,Ile-de-France,-2.2,88,8.3,0
2025-12-26 08:00:00,10834.5,Ile-de-France,-2.3,88,8.1,0
2025-12-26 09:00:00,11162.0,Ile-de-France,-2.5,88,7.8,0
2025-12-26 10:00:00,11338.0,Ile-de-France,-2.5,89,7.6,0
2025-12-26 11:00:00,11393.5,Ile-de-France,-1.7,84,6.5,0
2025-12-26 12:00:00,11237.5,Ile-de-France,-0.4,76,7.7,0
2025-12-26 13:00:00,10933.0,Ile-de-France,0.8,73,7.4,0
2025-12-26 14:00:00,10722.0,Ile-de-France,1.7,76,6.1,0
2025-12-26 15:00:00,10632.5,Ile-de-France,2.5,73,6.8,0
2025-12-26 16:00:00,10931.0,Ile-de-France,2.8,74,6.5,0
2025-12-26 17:00:00,11356.0,Ile-de-France,2.2,78,5.7,0
2025-12-26 18:00:00,11538.0,Ile-de-France,0.9,81,7.3,2
2025-12-26 19:00:00,11333.0,Ile-de-France,0.3,82,7.7,48
2025-12-26 20:00:00,10748.5,Ile-de-France,0.1,86,7.1,95
2025-12-26 21:00:00,10409.5,Ile-de-France,-0.1,87,6.8,40
2025-12-26 22:00:00,10479.0,Ile-de-France,-0.3,88,6.5,79
2025-12-26 23:00:00,10143.5,Ile-de-France,-0.4,88,8.0,34
2025-12-27 00:00:00,9594.0,Ile-de-France,-0.4,88,7.5,10
2025-12-27 01:00:00,9132.5,Ile-de-France,-0.6,88,7.4,0
2025-12-27 02:00:00,8844.0,Ile-de-France,-0.9,89,8.5,0
2025-12-27 03:00:00,8676.0,Ile-de-France,-1.1,89,7.2,0
2025-12-27 04:00:00,8741.5,Ile-de-France,-1.2,89,7.7,0
2025-12-27 05:00:00,8904.0,Ile-de-France,-1.2,89,8.1,0
2025-12-27 06:00:00,9203.0,Ile-de-France,-1.2,88,8.5,0
2025-12-27 07:00:00,9622.5,Ile-de-France,-1.1,88,9.3,0
2025-12-27 08:00:00,10086.5,Ile-de-France,-0.8,87,9.4,0
2025-12-27 09:00:00,10495.5,Ile-de-France,-0.9,87,9.8,0
2025-12-27 10:00:00,10731.5,Ile-de-France,-1.0,87,9.1,0
2025-12-27 11:00:00,10897.5,Ile-de-France,-0.2,83,9.3,0
2025-12-27 12:00:00,10940.0,Ile-de-France,1.2,76,7.2,0
2025-12-27 13:00:00,10773.5,Ile-de-France,2.3,71,7.3,0
2025-12-27 14:00:00,10575.5,Ile-de-France,2.6,77,10.0,67
2025-12-27 15:00:00,10400.0,Ile-de-France,3.3,71,8.3,23
2025-12-27 16:00:00,10593.0,Ile-de-France,3.2,73,6.5,2
2025-12-27 17:00:00,11031.5,Ile-de-France,2.2,81,4.1,2
2025-12-27 18:00:00,11299.5,Ile-de-France,0.4,84,4.4,0
2025-12-27 19:00:00,11207.5,Ile-de-France,-0.1,86,5.1,1
2025-12-27 20:00:00,10790.0,Ile-de-France,0.3,87,5.9,0
2025-12-27 21:00:00,10583.5,Ile-de-France,-0.2,87,5.6,0
2025-12-27 22:00:00,10720.0,Ile-de-France,-0.7,88,5.1,0
2025-12-27 23:00:00,10374.0,Ile-de-France,-0.9,88,5.2,0
2025-12-28 00:00:00,9796.0,Ile-de-France,-1.1,89,5.0,0
2025-12-28 01:00:00,9317.0,Ile-de-France,-1.0,88,7.0,97
2025-12-28 02:00:00,8997.0,Ile-de-France,-1.0,89,8.6,87
2025-12-28 03:00:00,8796.0,Ile-de-France,-1.4,87,5.8,2
2025-12-28 04:00:00,8789.5,Ile-de-France,-1.5,88,8.3,0
2025-12-28 05:00:00,8838.0,Ile-de-France,-1.5,88,8.5,0
2025-12-28 06:00:00,9004.0,Ile-de-France,-1.5,90,9.2,0
2025-12-28 07:00:00,9287.0,Ile-de-France,-1.2,93,8.1,16
2025-12-28 08:00:00,9664.0,Ile-de-France,0.0,97,10.0,100
2025-12-28 09:00:00,10108.5,Ile-de-France,0.9,98,10.1,100
2025-12-28 10:00:00,10495.0,Ile-de-France,0.9,98,9.0,100
2025-12-28 11:00:00,10786.0,Ile-de-France,1.2,97,10.5,100
2025-12-28 12:00:00,10912.5,Ile-de-France,1.7,93,12.8,100
2025-12-28 13:00:00,10752.5,Ile-de-France,2.3,89,12.6,96
2025-12-28 14:00:00,10674.0,Ile-de-France,2.5,87,11.8,100
2025-12-28 15:00:00,10575.0,Ile-de-France,2.7,85,12.6,100
2025-12-28 16:00:00,10719.0,Ile-de-France,2.7,82,11.5,98
2025-12-28 17:00:00,10997.5,Ile-de-France,2.5,83,7.1,62
2025-12-28 18:00:00,11320.0,Ile-de-France,1.4,87,5.6,10
2025-12-28 19:00:00,11238.0,Ile-de-France,0.8,88,6.0,15
2025-12-28 20:00:00,10895.0,Ile-de-France,0.6,90,6.5,7
2025-12-28 21:00:00,10661.5,Ile-de-France,0.1,91,5.9,1
2025-12-28 22:00:00,10758.5,Ile-de-France,-0.4,91,5.2,0
2025-12-28 23:00:00,10385.0,Ile-de-France,-0.6,91,5.2,0
2025-12-29 00:00:00,9818.0,Ile-de-France,-0.9,91,5.0,0
2025-12-29 01:00:00,9316.0,Ile-de-France,-1.1,90,5.0,0
2025-12-29 02:00:00,9121.5,Ile-de-France,-0.9,91,6.4,0
2025-12-29 03:00:00,9042.0,Ile-de-France,-1.5,91,5.2,0
2025-12-29 04:00:00,9262.5,Ile-de-France,-2.7,91,5.1,0
2025-12-29 05:00:00,9775.0,Ile-de-France,-2.8,90,5.4,0
2025-12-29 06:00:00,10445.5,Ile-de-France,-2.8,90,5.8,0
2025-12-29 07:00:00,11129.5,Ile-de-France,-2.9,89,6.1,0
2025-12-29 08:00:00,11680.0,Ile-de-France,-2.6,88,6.6,0
2025-12-29 09:00:00,11965.5,Ile-de-France,-3.8,89,5.3,0
2025-12-29 10:00:00,12079.0,Ile-de-France,-4.1,89,5.4,0
2025-12-29 11:00:00,12102.0,Ile-de-France,-2.5,85,7.5,0
2025-12-29 12:00:00,11994.5,Ile-de-France,-1.0,79,5.2,0
2025-12-29 13:00:00,11673.5,Ile-de-France,0.4,69,4.6,0
2025-12-29 14:00:00,11490.5,Ile-de-France,1.9,67,6.1,1
2025-12-29 15:00:00,11437.0,Ile-de-France,2.8,62,6.1,0
2025-12-29 16:00:00,11828.5,Ile-de-France,2.8,64,6.3,0
2025-12-29 17:00:00,12231.5,Ile-de-France,2.0,69,7.6,0
2025-12-29 18:00:00,12445.5,Ile-de-France,0.6,76,9.8,0
2025-12-29 19:00:00,12113.0,Ile-de-France,-0.1,84,10.9,14
2025-12-29 20:00:00,11410.0,Ile-de-France,0.4,96,11.4,100
2025-12-29 21:00:00,10906.5,Ile-de-France,1.3,95,11.3,100
2025-12-29 22:00:00,10866.5,Ile-de-France,1.4,93,11.1,100
2025-12-29 23:00:00,10370.5,Ile-de-France,1.4,90,11.0,48
2025-12-30 00:00:00,9666.0,Ile-de-France,0.9,90,10.7,5
2025-12-30 01:00:00,9164.5,Ile-de-France,0.4,90,9.4,24
2025-12-30 02:00:00,8787.0,Ile-de-France,1.7,90,7.2,100
2025-12-30 03:00:00,8647.0,Ile-de-France,2.2,89,6.2,100
2025-12-30 04:00:00,8774.0,Ile-de-France,2.2,90,5.9,100
2025-12-30 05:00:00,9246.0,Ile-de-France,2.3,92,6.9,99
2025-12-30 06:00:00,9958.5,Ile-de-France,2.3,94,8.0,100
2025-12-30 07:00:00,10554.5,Ile-de-France,2.3,95,9.8,88
2025-12-30 08:00:00,10983.0,Ile-de-France,2.3,94,10.1,95
2025-12-30 09:00:00,11281.0,Ile-de-France,2.3,92,9.7,91
2025-12-30 10:00:00,11377.5,Ile-de-France,2.1,91,10.1,69
2025-12-30 11:00:00,11415.5,Ile-de-France,2.1,90,10.6,12
2025-12-30 12:00:00,11318.0,Ile-de-France,2.5,87,10.1,1
2025-12-30 13:00:00,11031.0,Ile-de-France,3.2,83,10.0,1
2025-12-30 14:00:00,10846.5,Ile-de-France,4.4,81,8.8,57
2025-12-30 15:00:00,10835.5,Ile-de-France,5.0,74,10.4,27
2025-12-30 16:00:00,11190.5,Ile-de-France,5.1,66,11.9,0
2025-12-30 17:00:00,11715.5,Ile-de-France,4.4,67,11.8,0
2025-12-30 18:00:00,11929.0,Ile-de-France,3.2,71,10.9,0
2025-12-30 19:00:00,11649.0,Ile-de-France,2.2,78,10.9,0
2025-12-30 20:00:00,11138.5,Ile-de-France,1.7,81,11.3,0
2025-12-30 21:00:00,10702.5,Ile-de-France,1.4,83,10.6,27
2025-12-30 22:00:00,10760.0,Ile-de-France,0.9,85,10.2,5
2025-12-30 23:00:00,10360.5,Ile-de-France,0.4,86,9.3,0
2025-12-31 00:00:00,9800.5,Ile-de-France,0.0,87,9.3,0
2025-12-31 01:00:00,9342.5,Ile-de-France,-0.3,88,8.8,0
2025-12-31 02:00:00,9086.0,Ile-de-France,-0.4,89,8.0,0
2025-12-31 03:00:00,8974.0,Ile-de-France,-0.8,90,7.1,0
2025-12-31 04:00:00,9153.0,Ile-de-France,-1.1,91,6.4,0
2025-12-31 05:00:00,9641.5,Ile-de-France,-1.4,92,6.1,0
2025-12-31 06:00:00,10335.0,Ile-de-France,-1.6,92,6.4,0
2025-12-31 07:00:00,11024.0,Ile-de-France,-1.8,93,5.5,0
2025-12-31 08:00:00,11541.5,Ile-de-France,-2.2,95,3.4,0
2025-12-31 09:00:00,11838.0,Ile-de-France,-2.5,95,3.7,4
2025-12-31 10:00:00,11903.5,Ile-de-France,-2.7,95,3.3,7
2025-12-31 11:00:00,11901.0,Ile-de-France,-1.5,94,3.9,5
2025-12-31 12:00:00,11744.5,Ile-de-France,-0.1,88,2.3,8
2025-12-31 13:00:00,11409.5,Ile-de-France,1.3,84,2.1,1
2025-12-31 14:00:00,11129.5,Ile-de-France,2.8,84,2.7,58
2025-12-31 15:00:00,11001.5,Ile-de-France,3.3,84,2.7,68
2025-12-31 16:00:00,11305.5,Ile-de-France,3.5,84,2.9,88
2025-12-31 17:00:00,11744.0,Ile-de-France,3.2,89,2.2,31
2025-12-31 18:00:00,11850.5,Ile-de-France,1.9,91,2.2,13
2025-12-31 19:00:00,11470.0,Ile-de-France,0.6,94,1.9,24
2025-12-31 20:00:00,10757.0,Ile-de-France,0.2,93,3.9,18
2025-12-31 21:00:00,10428.0,Ile-de-France,0.1,93,5.2,44
2025-12-31 22:00:00,10641.0,Ile-de-France,0.3,93,5.4,37
2025-12-31 23:00:00,10429.0,Ile-de-France,0.0,95,3.8,23
2026-01-01 00:00:00,10063.0,Ile-de-France,-0.6,96,3.4,3
2026-01-01 01:00:00,9777.5,Ile-de-France,-1.0,96,3.6,1
2026-01-01 02:00:00,9538.5,Ile-de-France,-1.9,96,3.1,7
2026-01-01 03:00:00,9328.0,Ile-de-France,-2.8,95,4.2,11
2026-01-01 04:00:00,9294.5,Ile-de-France,-2.8,94,4.7,22
2026-01-01 05:00:00,9399.5,Ile-de-France,-2.4,93,5.5,27
2026-01-01 06:00:00,9549.5,Ile-de-France,-2.3,93,5.4,10
2026-01-01 07:00:00,9629.0,Ile-de-France,-3.5,94,5.3,4
2026-01-01 08:00:00,9736.0,Ile-de-France,-2.0,93,8.3,100
2026-01-01 09:00:00,9944.0,Ile-de-France,-1.8,94,8.4,100
2026-01-01 10:00:00,10240.5,Ile-de-France,-1.4,94,7.7,99
2026-01-01 11:00:00,10638.0,Ile-de-France,-0.4,92,9.9,100
2026-01-01 12:00:00,10763.0,Ile-de-France,0.8,91,9.8,100
2026-01-01 13:00:00,10529.5,Ile-de-France,2.0,87,8.8,100
2026-01-01 14:00:00,10446.5,Ile-de-France,3.4,85,10.5,100
2026-01-01 15:00:00,10326.5,Ile-de-France,3.4,86,10.8,100
2026-01-01 16:00:00,10453.0,Ile-de-France,3.8,84,12.6,100
2026-01-01 17:00:00,10725.5,Ile-de-France,3.6,85,13.3,100
2026-01-01 18:00:00,10912.5,Ile-de-France,3.4,86,14.6,100
2026-01-01 19:00:00,10824.5,Ile-de-France,3.4,85,15.5,96
2026-01-01 20:00:00,10536.0,Ile-de-France,2.9,87,14.9,100
2026-01-01 21:00:00,10378.5,Ile-de-France,2.8,87,15.8,100
2026-01-01 22:00:00,10582.0,Ile-de-France,2.8,87,15.6,100
2026-01-01 23:00:00,10083.0,Ile-de-France,3.0,87,15.5,100
2026-01-02 00:00:00,9345.5,Ile-de-France,3.3,86,15.8,100
2026-01-02 01:00:00,8927.5,Ile-de-France,3.3,87,16.3,57
2026-01-02 02:00:00,8574.0,Ile-de-France,2.8,91,16.2,88
2026-01-02 03:00:00,8410.5,Ile-de-France,2.8,92,15.3,30
2026-01-02 04:00:00,8651.5,Ile-de-France,2.4,93,15.0,55
2026-01-02 05:00:00,9125.0,Ile-de-France,2.3,94,14.8,42
2026-01-02 06:00:00,9783.5,Ile-de-France,2.2,94,14.9,96
2026-01-02 07:00:00,10365.5,Ile-de-France,2.2,95,15.3,71
2026-01-02 08:00:00,10752.0,Ile-de-France,1.9,95,14.7,99
2026-01-02 09:00:00,11105.0,Ile-de-France,2.0,94,13.7,100
2026-01-02 10:00:00,11318.5,Ile-de-France,2.0,95,13.5,30
2026-01-02 11:00:00,11594.0,Ile-de-France,2.3,93,15.6,27
2026-01-02 12:00:00,11797.0,Ile-de-France,3.3,87,17.8,63
2026-01-02 13:00:00,11840.0,Ile-de-France,4.2,85,15.4,99
2026-01-02 14:00:00,11745.5,Ile-de-France,3.7,87,15.3,100
2026-01-02 15:00:00,11564.5,Ile-de-France,3.0,97,15.4,100
2026-01-02 16:00:00,11673.0,Ile-de-France,2.5,98,12.1,100
2026-01-02 17:00:00,11981.0,Ile-de-France,2.5,96,9.1,100
2026-01-02 18:00:00,12166.5,Ile-de-France,2.0,95,10.8,64
2026-01-02 19:00:00,11928.5,Ile-de-France,1.5,96,11.5,14
2026-01-02 20:00:00,11386.5,Ile-de-France,0.8,93,10.5,0
2026-01-02 21:00:00,11000.0,Ile-de-France,-0.1,92,10.2,2
2026-01-02 22:00:00,11097.5,Ile-de-France,-0.6,92,10.0,0
2026-01-02 23:00:00,10680.5,Ile-de-France,-1.2,91,8.4,0
2026-01-03 00:00:00,10128.0,Ile-de-France,-1.6,92,8.3,0
2026-01-03 01:00:00,9656.0,Ile-de-France,-1.8,91,8.9,0
2026-01-03 02:00:00,9331.0,Ile-de-France,-1.5,92,9.5,5
2026-01-03 03:00:00,9176.5,Ile-de-France,-2.0,91,8.9,0
2026-01-03 04:00:00,9207.5,Ile-de-France,-2.0,91,8.9,0
2026-01-03 05:00:00,9347.5,Ile-de-France,-1.9,90,9.0,17
2026-01-03 06:00:00,9617.5,Ile-de-France,-1.6,90,11.7,1
2026-01-03 07:00:00,10004.5,Ile-de-France,-1.5,90,12.9,9
2026-01-03 08:00:00,10493.5,Ile-de-France,-0.9,88,14.6,6
2026-01-03 09:00:00,11018.0,Ile-de-France,-0.9,89,14.8,79
2026-01-03 10:00:00,11364.0,Ile-de-France,-0.4,89,13.7,94
2026-01-03 11:00:00,11568.0,Ile-de-France,0.5,88,13.4,16
2026-01-03 12:00:00,11521.0,Ile-de-France,1.6,84,10.9,2
2026-01-03 13:00:00,11299.0,Ile-de-France,2.8,77,12.3,21
2026-01-03 14:00:00,11057.5,Ile-de-France,2.7,74,13.8,14
2026-01-03 15:00:00,10907.0,Ile-de-France,3.0,67,12.2,13
2026-01-03 16:00:00,11116.5,Ile-de-France,3.0,65,11.0,1
2026-01-03 17:00:00,11634.0,Ile-de-France,2.5,66,9.7,0
2026-01-03 18:00:00,12008.5,Ile-de-France,0.9,70,8.1,0
2026-01-03 19:00:00,11958.0,Ile-de-France,0.0,73,9.2,0
2026-01-03 20:00:00,11481.5,Ile-de-France,-0.2,77,9.2,0
2026-01-03 21:00:00,11111.5,Ile-de-France,-0.6,81,9.5,0
2026-01-03 22:00:00,11265.5,Ile-de-France,-0.9,83,9.9,0
2026-01-03 23:00:00,10849.0,Ile-de-France,-1.4,85,9.0,0
2026-01-04 00:00:00,10255.0,Ile-de-France,-1.6,87,7.6,0
2026-01-04 01:00:00,9754.5,Ile-de-France,-1.9,87,7.0,6
2026-01-04 02:00:00,9421.0,Ile-de-France,-1.4,85,6.9,91
2026-01-04 03:00:00,9264.5,Ile-de-France,-1.4,85,6.8,93
2026-01-04 04:00:00,9321.0,Ile-de-France,-1.5,86,6.6,84
2026-01-04 05:00:00,9436.5,Ile-de-France,-1.8,88,6.8,52
2026-01-04 06:00:00,9642.5,Ile-de-France,-2.0,88,7.7,5
2026-01-04 07:00:00,10065.5,Ile-de-France,-2.5,89,7.7,5
2026-01-04 08:00:00,10525.5,Ile-de-France,-3.0,89,7.3,6
2026-01-04 09:00:00,11119.5,Ile-de-France,-3.7,89,7.4,2
2026-01-04 10:00:00,11476.0,Ile-de-France,-4.1,90,7.0,1
2026-01-04 11:00:00,11801.0,Ile-de-France,-3.5,89,5.8,0
2026-01-04 12:00:00,11771.5,Ile-de-France,-2.6,85,3.5,0
2026-01-04 13:00:00,11426.5,Ile-de-France,-0.5,78,3.3,0
2026-01-04 14:00:00,11124.0,Ile-de-France,1.6,73,5.7,0
2026-01-04 15:00:00,10986.0,Ile-de-France,2.7,67,6.5,13
2026-01-04 16:00:00,11223.5,Ile-de-France,2.8,60,9.0,20
2026-01-04 17:00:00,11898.5,Ile-de-France,2.0,67,4.4,38
2026-01-04 18:00:00,12459.5,Ile-de-France,0.3,73,4.2,100
2026-01-04 19:00:00,12412.0,Ile-de-France,0.3,74,5.7,86
2026-01-04 20:00:00,11905.5,Ile-de-France,0.2,76,6.2,43
2026-01-04 21:00:00,11472.0,Ile-de-France,-0.6,77,6.9,6
2026-01-04 22:00:00,11525.5,Ile-de-France,-1.1,78,7.3,4
2026-01-04 23:00:00,11061.0,Ile-de-France,-1.5,79,7.7,0
2026-01-05 00:00:00,10529.0,Ile-de-France,-1.8,80,7.2,0
2026-01-05 01:00:00,10120.5,Ile-de-France,-2.0,81,6.7,0
2026-01-05 02:00:00,9853.0,Ile-de-France,-2.4,85,6.3,0
2026-01-05 03:00:00,9759.0,Ile-de-France,-2.9,85,6.0,0
2026-01-05 04:00:00,9998.5,Ile-de-France,-3.1,87,6.2,0
2026-01-05 05:00:00,10684.5,Ile-de-France,-3.2,88,6.5,0
2026-01-05 06:00:00,11864.0,Ile-de-France,-3.2,88,7.5,0
2026-01-05 07:00:00,12855.0,Ile-de-France,-3.2,89,8.5,4
2026-01-05 08:00:00,13517.0,Ile-de-France,-3.2,92,8.5,17
2026-01-05 09:00:00,13839.5,Ile-de-France,-3.5,92,8.0,10
2026-01-05 10:00:00,13903.5,Ile-de-France,-3.5,93,8.9,29
2026-01-05 11:00:00,14164.0,Ile-de-France,-2.6,92,9.8,91
2026-01-05 12:00:00,14210.5,Ile-de-France,-1.5,90,11.9,100
2026-01-05 13:00:00,13908.5,Ile-de-France,-0.5,87,12.1,100
2026-01-05 14:00:00,13703.5,Ile-de-France,-0.9,89,7.6,100
2026-01-05 15:00:00,13524.5,Ile-de-France,-0.8,88,8.4,100
2026-01-05 16:00:00,13487.0,Ile-de-France,-0.6,87,7.1,100
2026-01-05 17:00:00,13804.0,Ile-de-France,-0.8,92,5.2,100
2026-01-05 18:00:00,14136.5,Ile-de-France,-0.9,94,5.0,100
2026-01-05 19:00:00,13823.0,Ile-de-France,-0.8,94,5.5,100
2026-01-05 20:00:00,12945.0,Ile-de-France,-0.9,95,3.9,100
2026-01-05 21:00:00,12338.5,Ile-de-France,-0.8,94,5.8,100
2026-01-05 22:00:00,12124.0,Ile-de-France,-0.8,95,7.0,98
2026-01-05 23:00:00,11551.0,Ile-de-France,-2.6,96,5.6,90
2026-01-06 00:00:00,10899.5,Ile-de-France,-4.3,99,5.8,100
2026-01-06 01:00:00,10498.0,Ile-de-France,-1.6,97,7.6,52
2026-01-06 02:00:00,10216.5,Ile-de-France,-1.2,92,7.8,95
2026-01-06 03:00:00,10144.0,Ile-de-France,-1.6,91,7.0,51
2026-01-06 04:00:00,10366.0,Ile-de-France,-3.0,92,7.8,23
2026-01-06 05:00:00,10962.5,Ile-de-France,-4.1,92,7.3,1
2026-01-06 06:00:00,11969.5,Ile-de-France,-5.2,93,5.6,2
2026-01-06 07:00:00,12959.5,Ile-de-France,-5.4,94,5.9,0
2026-01-06 08:00:00,13579.5,Ile-de-France,-5.3,91,7.0,0
2026-01-06 09:00:00,13892.5,Ile-de-France,-6.1,92,6.0,0
2026-01-06 10:00:00,13931.0,Ile-de-France,-6.3,93,6.5,0
2026-01-06 11:00:00,13901.5,Ile-de-France,-5.5,93,6.1,0
2026-01-06 12:00:00,13652.5,Ile-de-France,-4.8,90,5.4,0
2026-01-06 13:00:00,13224.0,Ile-de-France,-3.0,87,2.5,0
2026-01-06 14:00:00,12932.0,Ile-de-France,0.3,86,4.7,0
2026-01-06 15:00:00,12801.0,Ile-de-France,0.2,86,3.0,0
2026-01-06 16:00:00,13071.0,Ile-de-France,0.0,84,3.5,0
2026-01-06 17:00:00,13652.0,Ile-de-France,-0.8,83,5.3,0
2026-01-06 18:00:00,14012.0,Ile-de-France,-1.7,85,6.2,0
2026-01-06 19:00:00,13788.0,Ile-de-France,-1.5,86,7.3,0
2026-01-06 20:00:00,13110.5,Ile-de-France,-1.5,91,9.3,91
2026-01-06 21:00:00,12434.0,Ile-de-France,-1.4,91,9.9,88
2026-01-06 22:00:00,12302.0,Ile-de-France,-0.9,91,10.7,83
2026-01-06 23:00:00,11778.5,Ile-de-France,-1.3,91,10.1,67
2026-01-07 00:00:00,11158.0,Ile-de-France,-1.5,92,11.4,51
2026-01-07 01:00:00,10676.0,Ile-de-France,-1.8,93,13.0,73
2026-01-07 02:00:00,10378.0,Ile-de-France,-0.9,91,13.1,100
2026-01-07 03:00:00,10229.5,Ile-de-France,-0.9,91,14.1,100
2026-01-07 04:00:00,10469.0,Ile-de-France,-1.1,92,13.8,100
2026-01-07 05:00:00,11020.0,Ile-de-France,-1.1,91,15.1,97
2026-01-07 06:00:00,11960.0,Ile-de-France,-1.5,91,15.7,98
2026-01-07 07:00:00,12843.5,Ile-de-France,-1.5,88,16.2,99
2026-01-07 08:00:00,13350.5,Ile-de-France,-1.4,92,17.4,100
2026-01-07 09:00:00,13727.5,Ile-de-France,-1.4,92,20.5,100
2026-01-07 10:00:00,13941.0,Ile-de-France,-1.2,90,21.3,100
2026-01-07 11:00:00,14221.0,Ile-de-France,-1.0,89,21.3,100
2026-01-07 12:00:00,14057.0,Ile-de-France,-0.6,90,18.0,100
2026-01-07 13:00:00,13484.0,Ile-de-France,0.3,88,14.0,100
2026-01-07 14:00:00,13019.5,Ile-de-France,0.6,89,10.2,100
2026-01-07 15:00:00,12751.5,Ile-de-France,1.7,89,7.7,100
2026-01-07 16:00:00,12871.5,Ile-de-France,2.2,88,7.4,6
2026-01-07 17:00:00,13402.5,Ile-de-France,2.2,87,9.2,47
2026-01-07 18:00:00,13697.5,Ile-de-France,1.8,87,11.3,61
2026-01-07 19:00:00,13313.5,Ile-de-France,1.8,87,12.8,20
2026-01-07 20:00:00,12507.5,Ile-de-France,1.9,88,12.6,100
2026-01-07 21:00:00,11913.0,Ile-de-France,2.5,86,13.2,89
2026-01-07 22:00:00,11696.5,Ile-de-France,2.3,86,13.0,98
2026-01-07 23:00:00,11072.0,Ile-de-France,2.2,88,12.6,100
2026-01-08 00:00:00,10367.5,Ile-de-France,2.3,89,12.2,100
2026-01-08 01:00:00,9866.5,Ile-de-France,2.5,92,12.1,100
2026-01-08 02:00:00,9561.5,Ile-de-France,2.8,94,10.9,100
2026-01-08 03:00:00,9389.0,Ile-de-France,2.6,96,10.6,100
2026-01-08 04:00:00,9535.5,Ile-de-France,2.5,96,9.0,100
2026-01-08 05:00:00,10145.5,Ile-de-France,2.2,95,10.0,100
2026-01-08 06:00:00,11105.0,Ile-de-France,2.2,98,10.6,100
2026-01-08 07:00:00,12072.0,Ile-de-France,2.4,98,10.3,100
2026-01-08 08:00:00,12304.0,Ile-de-France,3.2,97,9.4,100
2026-01-08 09:00:00,12441.5,Ile-de-France,5.6,96,19.4,100
2026-01-08 10:00:00,12494.5,Ile-de-France,5.4,95,16.3,93
2026-01-08 11:00:00,12595.0,Ile-de-France,5.4,95,15.1,100
2026-01-08 12:00:00,12603.5,Ile-de-France,5.7,94,14.4,100
2026-01-08 13:00:00,12442.0,Ile-de-France,6.3,92,12.7,100
2026-01-08 14:00:00,12140.0,Ile-de-France,6.6,96,12.1,100
2026-01-08 15:00:00,12015.0,Ile-de-France,6.0,96,12.1,100
2026-01-08 16:00:00,12052.0,Ile-de-France,5.7,96,11.7,100
2026-01-08 17:00:00,12210.5,Ile-de-France,6.1,97,16.6,100
2026-01-08 18:00:00,12363.0,Ile-de-France,7.8,95,20.2,100
2026-01-08 19:00:00,11967.0,Ile-de-France,8.5,95,19.4,100
2026-01-08 20:00:00,11094.5,Ile-de-France,9.2,92,23.0,100
2026-01-08 21:00:00,10436.0,Ile-de-France,9.4,93,25.3,100
2026-01-08 22:00:00,10239.5,Ile-de-France,9.7,90,27.4,100
2026-01-08 23:00:00,9731.0,Ile-de-France,10.1,88,29.4,98
2026-01-09 00:00:00,9091.0,Ile-de-France,9.9,89,27.4,100
2026-01-09 01:00:00,8674.5,Ile-de-France,9.4,86,25.1,12
2026-01-09 02:00:00,8380.5,Ile-de-France,8.3,78,29.3,73
2026-01-09 03:00:00,8291.5,Ile-de-France,7.6,76,28.8,100
2026-01-09 04:00:00,8484.5,Ile-de-France,7.3,73,33.2,100
2026-01-09 05:00:00,9149.5,Ile-de-France,6.9,74,31.7,100
2026-01-09 06:00:00,10126.5,Ile-de-France,6.7,75,29.9,100
2026-01-09 07:00:00,11049.5,Ile-de-France,6.4,77,33.6,100
2026-01-09 08:00:00,11646.5,Ile-de-France,6.5,80,24.9,100
2026-01-09 09:00:00,11852.0,Ile-de-France,6.2,81,27.8,100
2026-01-09 10:00:00,12041.0,Ile-de-France,5.7,82,26.7,100
2026-01-09 11:00:00,12302.0,Ile-de-France,5.5,84,26.5,100
2026-01-09 12:00:00,12227.5,Ile-de-France,5.3,84,24.5,100
2026-01-09 13:00:00,11979.0,Ile-de-France,5.6,83,22.9,100
2026-01-09 14:00:00,11836.5,Ile-de-France,6.3,76,30.5,100
2026-01-09 15:00:00,11724.0,Ile-de-France,5.8,78,27.0,100
2026-01-09 16:00:00,11759.0,Ile-de-France,5.4,80,25.9,100
2026-01-09 17:00:00,12197.0,Ile-de-France,4.9,84,24.4,100
2026-01-09 18:00:00,12348.5,Ile-de-France,4.8,85,22.1,100
2026-01-09 19:00:00,12043.0,Ile-de-France,4.9,82,22.7,100
2026-01-09 20:00:00,11234.5,Ile-de-France,4.9,84,22.3,100
2026-01-09 21:00:00,10762.5,Ile-de-France,3.8,87,20.6,100
2026-01-09 22:00:00,10748.5,Ile-de-France,3.9,86,20.8,100
2026-01-09 23:00:00,10279.0,Ile-de-France,4.0,85,20.2,98
2026-01-10 00:00:00,9664.0,Ile-de-France,3.8,84,19.5,100
2026-01-10 01:00:00,9131.5,Ile-de-France,4.0,79,20.4,100
2026-01-10 02:00:00,8769.5,Ile-de-France,3.8,87,19.8,100
2026-01-10 03:00:00,8567.0,Ile-de-France,3.5,88,22.4,98
2026-01-10 04:00:00,8635.5,Ile-de-France,3.5,85,21.2,84
2026-01-10 05:00:00,8857.0,Ile-de-France,3.2,84,20.0,100
2026-01-10 06:00:00,9200.0,Ile-de-France,3.5,81,19.9,97
2026-01-10 07:00:00,9692.0,Ile-de-France,3.2,80,19.2,97
2026-01-10 08:00:00,10326.0,Ile-de-France,3.0,80,17.8,67
2026-01-10 09:00:00,10846.5,Ile-de-France,2.8,81,17.0,66
2026-01-10 10:00:00,11354.0,Ile-de-France,2.5,81,16.3,92
2026-01-10 11:00:00,11720.5,Ile-de-France,2.8,79,17.3,100
2026-01-10 12:00:00,11856.5,Ile-de-France,3.3,78,14.8,68
2026-01-10 13:00:00,11633.0,Ile-de-France,3.8,76,24.2,89
2026-01-10 14:00:00,11471.5,Ile-de-France,3.8,72,20.8,99
2026-01-10 15:00:00,11276.0,Ile-de-France,4.2,71,19.6,84
2026-01-10 16:00:00,11315.0,Ile-de-France,4.3,70,21.2,89
2026-01-10 17:00:00,11644.0,Ile-de-France,4.2,70,16.2,66
2026-01-10 18:00:00,11884.0,Ile-de-France,3.7,73,15.0,99
2026-01-10 19:00:00,11808.5,Ile-de-France,3.5,75,14.6,98
2026-01-10 20:00:00,11230.0,Ile-de-France,2.9,78,13.5,82
2026-01-10 21:00:00,10846.0,Ile-de-France,2.8,80,12.5,90
2026-01-10 22:00:00,10923.5,Ile-de-France,2.4,83,11.4,99
2026-01-10 23:00:00,10499.5,Ile-de-France,2.0,85,9.0,98
2026-01-11 00:00:00,10001.5,Ile-de-France,1.8,87,8.9,100
2026-01-11 01:00:00,9483.0,Ile-de-France,1.9,88,5.2,100
2026-01-11 02:00:00,9087.0,Ile-de-France,1.2,91,3.5,100
2026-01-11 03:00:00,8890.5,Ile-de-France,0.9,91,4.5,100
2026-01-11 04:00:00,8974.5,Ile-de-France,0.3,92,4.5,100
2026-01-11 05:00:00,9143.5,Ile-de-France,0.1,93,3.5,100
2026-01-11 06:00:00,9337.0,Ile-de-France,-0.3,94,3.7,100
2026-01-11 07:00:00,9697.5,Ile-de-France,-0.8,94,3.3,100
2026-01-11 08:00:00,10169.5,Ile-de-France,-0.3,95,7.4,100
2026-01-11 09:00:00,10789.0,Ile-de-France,-0.4,94,8.5,99
2026-01-11 10:00:00,11272.5,Ile-de-France,-0.7,94,9.0,77
2026-01-11 11:00:00,11568.5,Ile-de-France,-0.1,93,8.3,91
2026-01-11 12:00:00,11614.5,Ile-de-France,1.0,89,7.4,100
2026-01-11 13:00:00,11199.0,Ile-de-France,2.1,85,8.4,100
2026-01-11 14:00:00,10965.0,Ile-de-France,3.4,82,10.3,100
2026-01-11 15:00:00,10758.0,Ile-de-France,4.2,79,12.9,100
2026-01-11 16:00:00,10857.5,Ile-de-France,4.6,74,13.9,100
2026-01-11 17:00:00,11413.5,Ile-de-France,4.2,73,13.4,100
2026-01-11 18:00:00,11900.0,Ile-de-France,4.1,72,13.8,100
2026-01-11 19:00:00,11818.0,Ile-de-France,3.9,71,14.9,100
2026-01-11 20:00:00,11303.0,Ile-de-France,4.1,71,16.0,100
2026-01-11 21:00:00,10792.5,Ile-de-France,4.2,69,17.2,100
2026-01-11 22:00:00,10750.0,Ile-de-France,4.3,68,16.2,100
2026-01-11 23:00:00,10216.5,Ile-de-France,4.4,67,16.6,100
2026-01-12 00:00:00,9540.5,Ile-de-France,4.6,67,18.3,100
2026-01-12 01:00:00,9019.5,Ile-de-France,4.1,77,19.4,100
2026-01-12 02:00:00,8632.5,Ile-de-France,4.3,81,18.9,100
2026-01-12 03:00:00,8453.5,Ile-de-France,4.9,86,17.7,100
2026-01-12 04:00:00,8535.0,Ile-de-France,5.8,90,16.9,100
2026-01-12 05:00:00,9115.0,Ile-de-France,6.8,91,19.0,100
2026-01-12 06:00:00,10159.5,Ile-de-France,7.4,92,20.4,100
2026-01-12 07:00:00,11038.5,Ile-de-France,8.2,91,17.7,100
2026-01-12 08:00:00,11363.0,Ile-de-France,8.8,92,16.6,100
2026-01-12 09:00:00,11454.0,Ile-de-France,9.1,92,19.2,100
2026-01-12 10:00:00,11489.5,Ile-de-France,9.4,92,20.1,100
2026-01-12 11:00:00,11507.0,Ile-de-France,9.4,92,20.8,100
2026-01-12 12:00:00,11432.5,Ile-de-France,9.8,91,21.1,100
2026-01-12 13:00:00,11207.5,Ile-de-France,10.4,88,21.5,100
2026-01-12 14:00:00,10957.5,Ile-de-France,10.9,87,18.7,100
2026-01-12 15:00:00,10777.0,Ile-de-France,11.6,82,20.3,100
2026-01-12 16:00:00,10784.5,Ile-de-France,11.1,78,18.9,100
2026-01-12 17:00:00,11152.0,Ile-de-France,10.7,76,16.4,100
2026-01-12 18:00:00,11517.5,Ile-de-France,11.1,75,17.6,100
2026-01-12 19:00:00,11106.0,Ile-de-France,10.7,79,18.9,100
2026-01-12 20:00:00,10318.5,Ile-de-France,11.0,80,16.8,100
2026-01-12 21:00:00,9701.0,Ile-de-France,10.9,85,17.7,100
2026-01-12 22:00:00,9506.5,Ile-de-France,10.6,89,16.3,99
2026-01-12 23:00:00,8952.0,Ile-de-France,10.1,90,15.0,100
2026-01-13 00:00:00,8280.0,Ile-de-France,9.9,90,15.2,100
2026-01-13 01:00:00,7783.0,Ile-de-France,9.8,91,15.6,100
2026-01-13 02:00:00,7501.0,Ile-de-France,10.1,92,15.8,100
2026-01-13 03:00:00,7361.0,Ile-de-France,9.9,91,14.9,77
2026-01-13 04:00:00,7542.0,Ile-de-France,9.1,90,14.8,100
2026-01-13 05:00:00,8247.0,Ile-de-France,9.4,86,14.7,99
2026-01-13 06:00:00,9354.5,Ile-de-France,9.2,83,13.5,100
2026-01-13 07:00:00,10384.0,Ile-de-France,8.2,85,11.9,100
2026-01-13 08:00:00,10645.0,Ile-de-France,8.2,83,10.6,100
2026-01-13 09:00:00,10684.0,Ile-de-France,8.2,83,11.2,100
2026-01-13 10:00:00,10594.5,Ile-de-France,7.6,83,11.2,100
2026-01-13 11:00:00,10603.0,Ile-de-France,8.1,80,11.4,96
2026-01-13 12:00:00,10392.5,Ile-de-France,8.9,78,9.3,99
2026-01-13 13:00:00,10028.5,Ile-de-France,9.7,76,10.2,98
2026-01-13 14:00:00,9839.5,Ile-de-France,11.1,73,9.7,98
2026-01-13 15:00:00,9751.0,Ile-de-France,11.8,69,11.3,100
2026-01-13 16:00:00,9962.5,Ile-de-France,11.8,71,10.3,100
2026-01-13 17:00:00,10490.0,Ile-de-France,11.6,72,10.4,100
2026-01-13 18:00:00,10734.5,Ile-de-France,11.1,73,11.7,100
2026-01-13 19:00:00,10479.0,Ile-de-France,10.8,74,12.6,100
2026-01-13 20:00:00,9819.0,Ile-de-France,11.1,73,11.5,100
2026-01-13 21:00:00,9239.0,Ile-de-France,10.6,76,11.0,100
2026-01-13 22:00:00,9111.0,Ile-de-France,10.4,77,11.8,100
2026-01-13 23:00:00,8554.5,Ile-de-France,10.3,76,11.8,100
2026-01-14 00:00:00,7939.0,Ile-de-France,10.1,76,11.5,100
2026-01-14 01:00:00,7435.0,Ile-de-France,9.4,79,11.2,100
2026-01-14 02:00:00,7148.5,Ile-de-France,9.5,80,8.9,100
2026-01-14 03:00:00,7040.0,Ile-de-France,9.2,82,8.8,100
2026-01-14 04:00:00,7267.5,Ile-de-France,8.8,84,7.6,100
2026-01-14 05:00:00,7908.0,Ile-de-France,8.5,86,7.4,100
2026-01-14 06:00:00,8931.5,Ile-de-France,8.5,88,6.9,100
2026-01-14 07:00:00,9839.5,Ile-de-France,8.3,90,8.9,100
2026-01-14 08:00:00,10323.0,Ile-de-France,8.6,91,8.3,100
2026-01-14 09:00:00,10451.5,Ile-de-France,8.5,92,8.9,100
2026-01-14 10:00:00,10470.5,Ile-de-France,8.6,92,9.4,100
2026-01-14 11:00:00,10570.5,Ile-de-France,8.8,92,8.4,100
2026-01-14 12:00:00,10452.0,Ile-de-France,9.0,91,6.9,100
2026-01-14 13:00:00,10109.0,Ile-de-France,9.7,91,6.3,95
2026-01-14 14:00:00,9829.5,Ile-de-France,10.4,90,5.4,98
2026-01-14 15:00:00,9669.0,Ile-de-France,11.9,85,6.1,100
2026-01-14 16:00:00,9826.5,Ile-de-France,12.2,84,7.0,89
2026-01-14 17:00:00,10291.0,Ile-de-France,12.1,85,7.6,63
2026-01-14 18:00:00,10649.0,Ile-de-France,11.1,87,8.2,99
2026-01-14 19:00:00,10316.5,Ile-de-France,10.3,88,9.3,100
2026-01-14 20:00:00,9564.5,Ile-de-France,10.6,89,10.3,100
2026-01-14 21:00:00,8972.0,Ile-de-France,10.4,91,14.0,99
2026-01-14 22:00:00,8864.5,Ile-de-France,10.1,92,14.6,70
2026-01-14 23:00:00,8387.5,Ile-de-France,9.6,93,14.1,66
2026-01-15 00:00:00,7758.0,Ile-de-France,9.2,95,13.7,13
2026-01-15 01:00:00,7245.0,Ile-de-France,8.9,95,14.4,88
2026-01-15 02:00:00,6977.5,Ile-de-France,9.6,92,15.7,97
2026-01-15 03:00:00,6843.5,Ile-de-France,9.8,92,17.8,100
2026-01-15 04:00:00,7056.5,Ile-de-France,10.1,90,17.6,100
2026-01-15 05:00:00,7731.0,Ile-de-France,10.1,90,17.2,100
2026-01-15 06:00:00,8880.0,Ile-de-France,9.9,89,17.5,100
2026-01-15 07:00:00,9866.5,Ile-de-France,9.2,84,14.7,100
2026-01-15 08:00:00,10165.0,Ile-de-France,8.4,85,12.2,100
2026-01-15 09:00:00,10261.0,Ile-de-France,8.1,86,12.8,100
2026-01-15 10:00:00,10320.5,Ile-de-France,8.0,87,14.2,100
2026-01-15 11:00:00,10412.5,Ile-de-France,8.6,89,13.6,100
2026-01-15 12:00:00,10340.0,Ile-de-France,9.2,88,13.6,100
2026-01-15 13:00:00,9886.5,Ile-de-France,9.8,87,14.6,100
2026-01-15 14:00:00,9498.5,Ile-de-France,10.8,82,14.6,100
2026-01-15 15:00:00,9361.0,Ile-de-France,11.1,84,10.9,100
2026-01-15 16:00:00,9543.0,Ile-de-France,12.1,77,14.4,100
2026-01-15 17:00:00,10072.5,Ile-de-France,12.1,73,16.9,100
2026-01-15 18:00:00,10414.5,Ile-de-France,11.9,71,14.6,100
2026-01-15 19:00:00,10075.5,Ile-de-France,11.5,74,15.2,100
2026-01-15 20:00:00,9350.0,Ile-de-France,11.6,74,15.9,100
2026-01-15 21:00:00,8867.0,Ile-de-France,11.8,74,17.7,100
2026-01-15 22:00:00,8760.0,Ile-de-France,11.6,73,19.7,100
2026-01-15 23:00:00,8311.5,Ile-de-France,10.8,77,21.3,100
2026-01-16 00:00:00,7670.5,Ile-de-France,10.4,79,22.2,100
2026-01-16 01:00:00,7216.0,Ile-de-France,10.4,80,21.4,100
2026-01-16 02:00:00,6934.5,Ile-de-France,9.9,89,17.2,100
2026-01-16 03:00:00,6783.5,Ile-de-France,9.6,91,14.0,100
2026-01-16 04:00:00,7012.5,Ile-de-France,9.4,91,10.8,99
2026-01-16 05:00:00,7722.5,Ile-de-France,8.9,92,8.9,93
2026-01-16 06:00:00,8789.5,Ile-de-France,8.1,95,7.5,99
2026-01-16 07:00:00,9896.0,Ile-de-France,7.8,96,7.9,100
2026-01-16 08:00:00,10252.5,Ile-de-France,7.7,95,8.9,100
2026-01-16 09:00:00,10313.5,Ile-de-France,7.2,94,9.0,98
2026-01-16 10:00:00,10265.5,Ile-de-France,7.2,96,10.1,70
2026-01-16 11:00:00,10325.0,Ile-de-France,7.8,94,10.9,30
2026-01-16 12:00:00,10253.5,Ile-de-France,9.1,89,11.0,75
2026-01-16 13:00:00,9917.0,Ile-de-France,10.0,84,14.6,100
2026-01-16 14:00:00,9708.0,Ile-de-France,10.1,79,13.4,100
2026-01-16 15:00:00,9603.5,Ile-de-France,10.8,74,13.3,100
2026-01-16 16:00:00,9812.0,Ile-de-France,10.8,75,8.9,99
2026-01-16 17:00:00,10193.0,Ile-de-France,10.5,78,6.1,100
2026-01-16 18:00:00,10423.0,Ile-de-France,9.5,83,5.6,100
2026-01-16 19:00:00,10102.5,Ile-de-France,9.2,85,7.3,100
2026-01-16 20:00:00,9434.0,Ile-de-France,8.9,89,9.3,100
2026-01-16 21:00:00,8944.5,Ile-de-France,8.6,92,9.1,100
2026-01-16 22:00:00,8981.0,Ile-de-France,8.2,93,7.7,100
2026-01-16 23:00:00,8529.0,Ile-de-France,8.0,94,7.7,100
2026-01-17 00:00:00,7910.5,Ile-de-France,7.8,96,6.4,100
2026-01-17 01:00:00,7441.0,Ile-de-France,7.3,98,7.5,100
2026-01-17 02:00:00,7070.5,Ile-de-France,7.1,93,4.9,100
2026-01-17 03:00:00,6846.5,Ile-de-France,7.7,92,3.9,91
2026-01-17 04:00:00,6975.5,Ile-de-France,7.1,94,7.5,80
2026-01-17 05:00:00,7119.5,Ile-de-France,6.6,95,9.0,100
2026-01-17 06:00:00,7524.0,Ile-de-France,6.8,97,8.1,100
2026-01-17 07:00:00,8027.0,Ile-de-France,6.3,99,6.1,100
2026-01-17 08:00:00,8543.5,Ile-de-France,7.7,100,6.9,100
2026-01-17 09:00:00,9056.5,Ile-de-France,7.7,100,7.4,100
2026-01-17 10:00:00,9333.0,Ile-de-France,7.7,100,6.4,100
2026-01-17 11:00:00,9602.5,Ile-de-France,7.9,98,4.6,100
2026-01-17 12:00:00,9579.5,Ile-de-France,8.4,96,6.8,100
2026-01-17 13:00:00,9202.0,Ile-de-France,8.9,93,8.9,100
2026-01-17 14:00:00,8938.0,Ile-de-France,9.6,91,8.8,100
2026-01-17 15:00:00,8627.0,Ile-de-France,10.5,85,8.7,95
2026-01-17 16:00:00,8648.5,Ile-de-France,11.1,80,6.1,83
2026-01-17 17:00:00,9127.5,Ile-de-France,11.1,82,5.2,98
2026-01-17 18:00:00,9473.0,Ile-de-France,9.9,87,4.7,99
2026-01-17 19:00:00,9373.5,Ile-de-France,9.1,89,6.4,100
2026-01-17 20:00:00,8894.0,Ile-de-France,8.9,91,8.7,100
2026-01-17 21:00:00,8523.0,Ile-de-France,8.8,92,9.0,100
2026-01-17 22:00:00,8621.0,Ile-de-France,8.4,92,9.7,100
2026-01-17 23:00:00,8336.0,Ile-de-France,8.3,91,8.7,100
2026-01-18 00:00:00,7789.5,Ile-de-France,8.1,91,9.4,100
2026-01-18 01:00:00,7260.5,Ile-de-France,7.7,91,9.7,99
2026-01-18 02:00:00,6902.0,Ile-de-France,8.8,86,8.3,98
2026-01-18 03:00:00,6705.5,Ile-de-France,8.4,87,7.2,97
2026-01-18 04:00:00,6710.0,Ile-de-France,7.8,90,8.1,99
2026-01-18 05:00:00,6875.0,Ile-de-France,7.4,91,8.9,66
2026-01-18 06:00:00,7060.5,Ile-de-France,6.8,92,8.3,72
2026-01-18 07:00:00,7448.5,Ile-de-France,7.0,90,6.0,100
2026-01-18 08:00:00,7915.0,Ile-de-France,7.4,92,6.5,100
2026-01-18 09:00:00,8554.0,Ile-de-France,7.3,90,7.6,100
2026-01-18 10:00:00,9019.5,Ile-de-France,6.9,86,7.0,98
2026-01-18 11:00:00,9427.0,Ile-de-France,6.9,84,7.1,100
2026-01-18 12:00:00,9481.0,Ile-de-France,6.9,82,5.8,91
2026-01-18 13:00:00,9201.0,Ile-de-France,7.4,78,5.6,74
2026-01-18 14:00:00,8961.5,Ile-de-France,8.2,75,5.9,45
2026-01-18 15:00:00,8603.5,Ile-de-France,9.4,73,6.1,18
2026-01-18 16:00:00,8733.5,Ile-de-France,9.7,73,6.0,75
2026-01-18 17:00:00,9430.5,Ile-de-France,9.6,75,4.9,24
2026-01-18 18:00:00,9976.5,Ile-de-France,8.8,81,5.4,34
2026-01-18 19:00:00,9974.0,Ile-de-France,7.8,83,6.7,25
2026-01-18 20:00:00,9492.0,Ile-de-France,7.2,84,7.6,98
2026-01-18 21:00:00,9127.5,Ile-de-France,6.9,84,6.9,100
2026-01-18 22:00:00,9191.5,Ile-de-France,6.6,86,5.7,100
2026-01-18 23:00:00,8883.5,Ile-de-France,6.2,87,6.9,98
2026-01-19 00:00:00,8266.5,Ile-de-France,5.7,89,7.1,64
2026-01-19 01:00:00,7863.0,Ile-de-France,5.3,89,7.4,50
2026-01-19 02:00:00,7652.5,Ile-de-France,4.2,91,7.4,88
2026-01-19 03:00:00,7576.0,Ile-de-France,3.8,91,8.3,77
2026-01-19 04:00:00,7823.0,Ile-de-France,3.7,91,8.7,94
2026-01-19 05:00:00,8558.5,Ile-de-France,3.6,92,7.2,97
2026-01-19 06:00:00,9692.0,Ile-de-France,3.7,93,7.4,99
2026-01-19 07:00:00,10761.5,Ile-de-France,3.5,94,7.1,95
2026-01-19 08:00:00,11179.5,Ile-de-France,2.9,94,8.5,59
2026-01-19 09:00:00,11253.0,Ile-de-France,2.3,95,7.6,98
2026-01-19 10:00:00,11081.5,Ile-de-France,2.6,95,7.4,98
2026-01-19 11:00:00,11076.0,Ile-de-France,3.5,94,8.9,100
2026-01-19 12:00:00,10826.5,Ile-de-France,4.6,91,6.7,97
2026-01-19 13:00:00,10310.0,Ile-de-France,6.5,86,6.3,100
2026-01-19 14:00:00,9941.5,Ile-de-France,6.8,87,2.9,92
2026-01-19 15:00:00,9784.0,Ile-de-France,8.4,83,5.3,89
2026-01-19 16:00:00,10015.0,Ile-de-France,9.4,81,5.2,41
2026-01-19 17:00:00,10601.5,Ile-de-France,9.6,82,4.7,12
2026-01-19 18:00:00,10978.0,Ile-de-France,8.8,85,7.4,74
2026-01-19 19:00:00,10641.5,Ile-de-France,8.0,86,7.0,95
2026-01-19 20:00:00,9795.5,Ile-de-France,8.6,86,9.7,100
2026-01-19 21:00:00,9268.0,Ile-de-France,8.6,87,9.4,100
2026-01-19 22:00:00,9177.5,Ile-de-France,8.9,86,10.1,100
2026-01-19 23:00:00,8633.5,Ile-de-France,8.9,85,9.2,100
2026-01-20 00:00:00,7991.0,Ile-de-France,8.4,87,10.2,100
2026-01-20 01:00:00,7526.0,Ile-de-France,7.8,88,10.9,99
2026-01-20 02:00:00,7239.5,Ile-de-France,7.5,88,10.0,100
2026-01-20 03:00:00,7149.5,Ile-de-France,7.2,89,10.0,100
2026-01-20 04:00:00,7422.0,Ile-de-France,7.7,88,10.4,98
2026-01-20 05:00:00,8160.0,Ile-de-France,7.3,90,10.9,12
2026-01-20 06:00:00,9310.5,Ile-de-France,6.3,93,10.2,9
2026-01-20 07:00:00,10340.0,Ile-de-France,5.8,94,9.3,7
2026-01-20 08:00:00,10642.0,Ile-de-France,5.7,95,9.4,45
2026-01-20 09:00:00,10768.5,Ile-de-France,5.2,96,9.4,91
2026-01-20 10:00:00,10738.5,Ile-de-France,5.2,97,10.3,77
2026-01-20 11:00:00,10859.5,Ile-de-France,5.7,96,11.0,83
2026-01-20 12:00:00,10776.0,Ile-de-France,6.8,92,12.4,98
2026-01-20 13:00:00,10492.5,Ile-de-France,7.9,89,11.7,85
2026-01-20 14:00:00,10192.0,Ile-de-France,7.7,89,14.7,100
2026-01-20 15:00:00,10037.0,Ile-de-France,8.4,85,16.1,100
2026-01-20 16:00:00,10184.5,Ile-de-France,8.9,84,11.0,100
2026-01-20 17:00:00,10736.0,Ile-de-France,9.2,84,11.3,99
2026-01-20 18:00:00,11162.0,Ile-de-France,8.9,83,13.4,99
2026-01-20 19:00:00,10901.5,Ile-de-France,8.7,81,16.1,100
2026-01-20 20:00:00,10140.5,Ile-de-France,8.7,82,17.9,100
2026-01-20 21:00:00,9516.0,Ile-de-France,8.2,84,17.3,95
2026-01-20 22:00:00,9348.5,Ile-de-France,7.8,85,18.0,100
2026-01-20 23:00:00,8814.0,Ile-de-France,8.1,86,18.1,100
2026-01-21 00:00:00,8084.5,Ile-de-France,7.9,85,17.4,100
2026-01-21 01:00:00,7624.5,Ile-de-France,7.8,83,17.5,100
2026-01-21 02:00:00,7323.0,Ile-de-France,8.9,80,17.2,100
2026-01-21 03:00:00,7187.0,Ile-de-France,8.9,83,16.2,100
2026-01-21 04:00:00,7377.5,Ile-de-France,8.6,86,16.5,100
2026-01-21 05:00:00,8061.5,Ile-de-France,8.6,86,17.3,100
2026-01-21 06:00:00,9015.5,Ile-de-France,8.4,88,16.1,100
2026-01-21 07:00:00,9951.0,Ile-de-France,7.8,90,15.5,100
2026-01-21 08:00:00,10414.5,Ile-de-France,8.1,87,15.6,100
2026-01-21 09:00:00,10457.5,Ile-de-France,8.1,84,18.0,100
2026-01-21 10:00:00,10392.0,Ile-de-France,7.9,84,17.1,99
2026-01-21 11:00:00,10371.0,Ile-de-France,7.9,83,17.1,100
2026-01-21 12:00:00,10147.0,Ile-de-France,8.4,79,15.3,99
2026-01-21 13:00:00,9735.5,Ile-de-France,9.4,78,14.1,88
2026-01-21 14:00:00,9401.5,Ile-de-France,11.1,74,14.8,39
2026-01-21 15:00:00,9262.5,Ile-de-France,12.0,69,16.0,2
2026-01-21 16:00:00,9514.5,Ile-de-France,12.6,67,15.0,100
2026-01-21 17:00:00,10064.0,Ile-de-France,12.6,65,16.8,100
2026-01-21 18:00:00,10516.0,Ile-de-France,12.0,66,16.0,100
2026-01-21 19:00:00,10219.0,Ile-de-France,11.6,68,15.7,100
2026-01-21 20:00:00,9517.0,Ile-de-France,11.4,68,16.4,100
2026-01-21 21:00:00,8993.0,Ile-de-France,10.6,75,12.8,100
2026-01-21 22:00:00,8822.0,Ile-de-France,9.9,80,11.4,100
2026-01-21 23:00:00,8375.0,Ile-de-France,9.6,83,13.5,100
2026-01-22 00:00:00,7734.5,Ile-de-France,9.3,85,14.8,100
2026-01-22 01:00:00,7276.5,Ile-de-France,9.0,87,13.7,100
2026-01-22 02:00:00,7039.0,Ile-de-France,8.4,90,12.8,100
2026-01-22 03:00:00,6881.0,Ile-de-France,8.0,93,12.5,100
2026-01-22 04:00:00,7078.5,Ile-de-France,7.6,94,14.7,100
2026-01-22 05:00:00,7690.5,Ile-de-France,7.3,93,14.4,100
2026-01-22 06:00:00,8799.0,Ile-de-France,7.3,94,14.6,100
2026-01-22 07:00:00,9790.5,Ile-de-France,7.5,93,14.7,100
2026-01-22 08:00:00,10093.0,Ile-de-France,7.2,95,13.0,100
2026-01-22 09:00:00,10153.0,Ile-de-France,7.2,95,13.6,100
2026-01-22 10:00:00,10150.5,Ile-de-France,7.7,94,13.8,100
2026-01-22 11:00:00,10197.5,Ile-de-France,8.4,92,14.3,100
2026-01-22 12:00:00,10205.0,Ile-de-France,8.9,88,15.4,98
2026-01-22 13:00:00,10004.5,Ile-de-France,9.2,86,14.3,100
2026-01-22 14:00:00,9683.5,Ile-de-France,10.2,79,17.8,66
2026-01-22 15:00:00,9564.5,Ile-de-France,10.6,77,17.4,60
2026-01-22 16:00:00,9653.5,Ile-de-France,11.2,76,15.9,40
2026-01-22 17:00:00,10249.0,Ile-de-France,10.7,76,14.6,30
2026-01-22 18:00:00,10629.0,Ile-de-France,10.1,78,12.9,31
2026-01-22 19:00:00,10330.5,Ile-de-France,9.2,81,12.4,16
2026-01-22 20:00:00,9584.0,Ile-de-France,8.8,82,12.3,95
2026-01-22 21:00:00,9103.0,Ile-de-France,8.3,85,11.2,73
2026-01-22 22:00:00,9058.0,Ile-de-France,7.7,89,11.3,3
2026-01-22 23:00:00,8648.5,Ile-de-France,7.0,92,10.5,10
2026-01-23 00:00:00,8003.0,Ile-de-France,6.6,94,10.6,13
2026-01-23 01:00:00,7566.5,Ile-de-France,6.2,95,10.6,99
2026-01-23 02:00:00,7327.5,Ile-de-France,5.8,96,10.8,100
2026-01-23 03:00:00,7215.0,Ile-de-France,5.6,97,11.2,100
2026-01-23 04:00:00,7441.0,Ile-de-France,5.6,97,11.7,100
2026-01-23 05:00:00,8095.5,Ile-de-France,5.7,96,11.6,100
2026-01-23 06:00:00,9123.5,Ile-de-France,5.3,96,13.3,99
2026-01-23 07:00:00,10183.0,Ile-de-France,5.2,95,14.3,100
2026-01-23 08:00:00,10606.0,Ile-de-France,5.7,93,15.3,100
2026-01-23 09:00:00,10751.5,Ile-de-France,6.2,91,16.6,100
2026-01-23 10:00:00,10711.5,Ile-de-France,6.3,90,17.1,100
2026-01-23 11:00:00,10827.0,Ile-de-France,6.4,91,18.1,100
2026-01-23 12:00:00,10729.5,Ile-de-France,6.9,89,17.5,100
2026-01-23 13:00:00,10419.5,Ile-de-France,7.6,88,16.4,100
2026-01-23 14:00:00,10188.0,Ile-de-France,8.1,83,18.0,98
2026-01-23 15:00:00,9979.5,Ile-de-France,8.6,80,14.7,41
2026-01-23 16:00:00,10025.5,Ile-de-France,9.0,73,19.6,100
2026-01-23 17:00:00,10500.0,Ile-de-France,9.1,70,15.1,100
2026-01-23 18:00:00,10906.5,Ile-de-France,8.1,75,13.2,76
2026-01-23 19:00:00,10604.5,Ile-de-France,7.4,75,13.9,73
2026-01-23 20:00:00,9915.0,Ile-de-France,6.8,81,11.9,70
2026-01-23 21:00:00,9486.0,Ile-de-France,6.2,82,13.0,80
2026-01-23 22:00:00,9571.0,Ile-de-France,5.8,83,14.7,83
2026-01-23 23:00:00,9150.0,Ile-de-France,5.5,84,15.1,84
2026-01-24 00:00:00,8531.0,Ile-de-France,5.2,84,14.1,0
2026-01-24 01:00:00,8085.0,Ile-de-France,4.8,84,13.5,2
2026-01-24 02:00:00,7775.0,Ile-de-France,4.8,84,12.5,41
2026-01-24 03:00:00,7675.0,Ile-de-France,4.4,85,11.8,2
2026-01-24 04:00:00,7740.5,Ile-de-France,4.0,86,11.9,96
2026-01-24 05:00:00,7997.0,Ile-de-France,3.7,87,12.0,100
2026-01-24 06:00:00,8313.5,Ile-de-France,3.5,87,12.4,100
2026-01-24 07:00:00,8756.5,Ile-de-France,3.2,88,12.2,98
2026-01-24 08:00:00,9396.5,Ile-de-France,3.5,87,11.8,99
2026-01-24 09:00:00,9862.5,Ile-de-France,3.5,87,11.2,99
2026-01-24 10:00:00,10040.5,Ile-de-France,3.1,88,8.2,99
2026-01-24 11:00:00,10160.5,Ile-de-France,3.8,86,8.6,96
2026-01-24 12:00:00,10048.5,Ile-de-France,4.8,87,9.1,95
2026-01-24 13:00:00,9660.0,Ile-de-France,6.1,83,11.1,100
2026-01-24 14:00:00,9346.5,Ile-de-France,6.4,87,6.4,99
2026-01-24 15:00:00,9059.5,Ile-de-France,7.4,83,5.8,16
2026-01-24 16:00:00,9023.5,Ile-de-France,8.5,79,8.0,0
2026-01-24 17:00:00,9620.0,Ile-de-France,8.6,76,8.2,0
2026-01-24 18:00:00,10111.0,Ile-de-France,7.8,80,6.0,6
2026-01-24 19:00:00,10070.0,Ile-de-France,7.0,82,10.6,100
2026-01-24 20:00:00,9661.0,Ile-de-France,6.6,81,11.9,32
2026-01-24 21:00:00,9340.5,Ile-de-France,5.8,85,9.8,0
2026-01-24 22:00:00,9535.5,Ile-de-France,5.1,88,10.1,42
2026-01-24 23:00:00,9160.0,Ile-de-France,4.4,90,9.6,2
2026-01-25 00:00:00,8556.0,Ile-de-France,3.8,91,9.4,98
2026-01-25 01:00:00,8099.5,Ile-de-France,3.3,91,9.6,57
2026-01-25 02:00:00,7738.5,Ile-de-France,4.0,91,9.4,100
2026-01-25 03:00:00,7549.0,Ile-de-France,4.4,91,9.4,60
2026-01-25 04:00:00,7551.5,Ile-de-France,4.1,94,10.4,40
2026-01-25 05:00:00,7646.5,Ile-de-France,3.8,95,9.7,69
2026-01-25 06:00:00,7843.0,Ile-de-France,3.8,96,9.0,100
2026-01-25 07:00:00,8124.5,Ile-de-France,4.6,96,9.7,100
2026-01-25 08:00:00,8641.0,Ile-de-France,4.7,97,10.6,100
2026-01-25 09:00:00,9220.0,Ile-de-France,4.7,97,11.3,100
2026-01-25 10:00:00,9674.5,Ile-de-France,4.8,96,12.2,100
2026-01-25 11:00:00,9986.0,Ile-de-France,5.2,94,13.0,100
2026-01-25 12:00:00,10025.0,Ile-de-France,6.2,90,15.4,100
2026-01-25 13:00:00,9893.5,Ile-de-France,7.1,85,15.9,100
2026-01-25 14:00:00,9795.0,Ile-de-France,7.0,87,14.7,100
2026-01-25 15:00:00,9543.0,Ile-de-France,7.4,84,11.6,100
2026-01-25 16:00:00,9573.0,Ile-de-France,7.4,84,10.7,100
2026-01-25 17:00:00,10072.5,Ile-de-France,7.2,86,10.7,100
2026-01-25 18:00:00,10468.0,Ile-de-France,6.8,88,10.2,100
2026-01-25 19:00:00,10349.0,Ile-de-France,6.5,90,7.1,98
2026-01-25 20:00:00,9819.5,Ile-de-France,5.9,96,4.9,100
2026-01-25 21:00:00,9416.0,Ile-de-France,6.0,94,7.2,89
2026-01-25 22:00:00,9366.0,Ile-de-France,5.2,97,1.8,65
2026-01-25 23:00:00,8880.0,Ile-de-France,4.5,99,1.4,48
2026-01-26 00:00:00,8291.0,Ile-de-France,4.1,100,7.1,100
2026-01-26 01:00:00,7897.5,Ile-de-France,3.6,100,9.5,73
2026-01-26 02:00:00,7605.5,Ile-de-France,4.9,96,9.2,38
2026-01-26 03:00:00,7469.0,Ile-de-France,4.4,97,8.3,9
2026-01-26 04:00:00,7649.0,Ile-de-France,4.0,99,7.8,2
2026-01-26 05:00:00,8362.0,Ile-de-France,3.4,99,8.1,7
2026-01-26 06:00:00,9454.0,Ile-de-France,3.2,98,10.3,30
2026-01-26 07:00:00,10417.0,Ile-de-France,3.0,99,9.1,100
2026-01-26 08:00:00,10896.5,Ile-de-France,3.7,99,7.4,92
2026-01-26 09:00:00,11010.5,Ile-de-France,4.2,100,6.4,100
2026-01-26 10:00:00,10994.5,Ile-de-France,4.1,99,7.0,100
2026-01-26 11:00:00,11166.5,Ile-de-France,4.3,98,5.2,100
2026-01-26 12:00:00,11070.0,Ile-de-France,4.5,98,5.9,100
2026-01-26 13:00:00,10753.5,Ile-de-France,5.1,95,5.6,100
2026-01-26 14:00:00,10476.5,Ile-de-France,6.1,95,8.0,100
2026-01-26 15:00:00,10398.0,Ile-de-France,7.2,90,8.9,100
2026-01-26 16:00:00,10526.0,Ile-de-France,7.8,85,8.8,98
2026-01-26 17:00:00,10986.5,Ile-de-France,8.2,80,9.8,99
2026-01-26 18:00:00,11475.0,Ile-de-France,7.7,81,10.7,99
2026-01-26 19:00:00,11148.0,Ile-de-France,6.7,82,11.0,100
2026-01-26 20:00:00,10349.5,Ile-de-France,6.7,86,10.1,100
2026-01-26 21:00:00,9764.5,Ile-de-France,6.6,86,10.1,100
2026-01-26 22:00:00,9659.5,Ile-de-France,6.3,84,11.7,100
2026-01-26 23:00:00,9116.5,Ile-de-France,5.9,84,10.5,100
2026-01-27 00:00:00,8450.5,Ile-de-France,5.3,87,11.3,100
2026-01-27 01:00:00,7981.5,Ile-de-France,4.7,90,12.8,100
2026-01-27 02:00:00,7684.0,Ile-de-France,5.2,88,13.2,100
2026-01-27 03:00:00,7579.0,Ile-de-France,5.3,86,14.9,100
2026-01-27 04:00:00,7844.5,Ile-de-France,5.5,82,15.8,100
2026-01-27 05:00:00,8535.5,Ile-de-France,4.9,83,16.0,100
2026-01-27 06:00:00,9670.0,Ile-de-France,4.8,83,18.4,100
2026-01-27 07:00:00,10678.0,Ile-de-France,5.2,80,18.2,100
2026-01-27 08:00:00,11075.0,Ile-de-France,5.0,90,20.4,100
2026-01-27 09:00:00,11146.0,Ile-de-France,4.9,93,19.6,100
2026-01-27 10:00:00,11232.0,Ile-de-France,5.0,95,18.0,100
2026-01-27 11:00:00,11360.5,Ile-de-France,5.4,95,17.0,100
2026-01-27 12:00:00,11328.5,Ile-de-France,6.1,95,16.5,100
2026-01-27 13:00:00,11044.0,Ile-de-France,6.6,95,15.1,100
2026-01-27 14:00:00,10776.5,Ile-de-France,7.8,95,16.6,100
2026-01-27 15:00:00,10565.5,Ile-de-France,8.4,95,15.0,100
2026-01-27 16:00:00,10546.5,Ile-de-France,8.6,95,14.4,100
2026-01-27 17:00:00,10928.5,Ile-de-France,8.9,94,11.4,100
2026-01-27 18:00:00,11281.0,Ile-de-France,8.6,95,13.1,100
2026-01-27 19:00:00,11052.5,Ile-de-France,8.4,93,12.6,98
2026-01-27 20:00:00,10326.5,Ile-de-France,8.3,93,12.3,100
2026-01-27 21:00:00,9789.5,Ile-de-France,7.4,93,10.7,95
2026-01-27 22:00:00,9703.5,Ile-de-France,6.8,94,10.3,98
2026-01-27 23:00:00,9172.5,Ile-de-France,6.4,95,10.1,100
2026-01-28 00:00:00,8504.0,Ile-de-France,5.9,95,9.8,99
2026-01-28 01:00:00,8061.0,Ile-de-France,5.2,96,10.1,100
2026-01-28 02:00:00,7787.0,Ile-de-France,4.8,92,4.5,100
2026-01-28 03:00:00,7698.5,Ile-de-France,4.6,93,5.6,100
2026-01-28 04:00:00,8017.5,Ile-de-France,4.3,93,3.4,100
2026-01-28 05:00:00,8720.0,Ile-de-France,4.0,93,3.2,100
2026-01-28 06:00:00,9822.0,Ile-de-France,3.5,94,2.7,100
2026-01-28 07:00:00,10864.5,Ile-de-France,3.2,95,2.7,100
2026-01-28 08:00:00,11387.5,Ile-de-France,3.1,96,1.8,100
2026-01-28 09:00:00,11426.0,Ile-de-France,2.2,98,0.8,100
2026-01-28 10:00:00,11410.0,Ile-de-France,2.0,99,1.6,100
2026-01-28 11:00:00,11544.5,Ile-de-France,3.2,98,3.6,100
2026-01-28 12:00:00,11369.5,Ile-de-France,4.3,95,1.1,100
2026-01-28 13:00:00,10994.5,Ile-de-France,5.2,91,1.2,100
2026-01-28 14:00:00,10653.5,Ile-de-France,5.9,92,4.0,100
2026-01-28 15:00:00,10562.5,Ile-de-France,6.8,88,2.7,100
2026-01-28 16:00:00,10675.0,Ile-de-France,7.1,85,2.9,100
2026-01-28 17:00:00,11229.5,Ile-de-France,7.0,86,3.6,100
2026-01-28 18:00:00,11628.5,Ile-de-France,6.4,90,3.3,100
2026-01-28 19:00:00,11377.5,Ile-de-France,5.2,93,3.9,100
2026-01-28 20:00:00,10659.5,Ile-de-France,5.2,94,4.0,100
2026-01-28 21:00:00,10142.0,Ile-de-France,4.9,95,4.2,100
2026-01-28 22:00:00,10051.5,Ile-de-France,3.9,97,3.9,100
2026-01-28 23:00:00,9604.0,Ile-de-France,3.6,97,4.4,100
2026-01-29 00:00:00,9009.0,Ile-de-France,3.0,98,4.0,12
2026-01-29 01:00:00,8572.0,Ile-de-France,2.0,100,4.2,88
2026-01-29 02:00:00,8166.5,Ile-de-France,1.7,100,2.6,100
2026-01-29 03:00:00,8087.0,Ile-de-France,1.5,99,1.8,100
2026-01-29 04:00:00,8407.5,Ile-de-France,0.9,99,3.1,100
2026-01-29 05:00:00,9209.0,Ile-de-France,0.9,98,1.6,100
2026-01-29 06:00:00,10461.0,Ile-de-France,0.6,98,2.6,100
2026-01-29 07:00:00,11487.5,Ile-de-France,0.4,98,3.1,100
2026-01-29 08:00:00,11876.0,Ile-de-France,0.0,97,3.6,100
2026-01-29 09:00:00,12071.5,Ile-de-France,0.1,99,5.1,100
2026-01-29 10:00:00,12114.0,Ile-de-France,0.3,100,5.1,100
2026-01-29 11:00:00,12246.0,Ile-de-France,0.8,99,6.1,100
2026-01-29 12:00:00,12152.0,Ile-de-France,1.6,98,8.1,100
2026-01-29 13:00:00,11889.5,Ile-de-France,2.3,97,9.2,100
2026-01-29 14:00:00,11643.0,Ile-de-France,2.4,93,9.9,100
2026-01-29 15:00:00,11546.5,Ile-de-France,3.2,94,9.1,100
2026-01-29 16:00:00,11675.0,Ile-de-France,4.0,91,10.2,100
2026-01-29 17:00:00,12056.0,Ile-de-France,4.6,88,11.9,100
2026-01-29 18:00:00,12274.0,Ile-de-France,4.8,89,8.1,100
2026-01-29 19:00:00,11843.0,Ile-de-France,4.7,89,8.0,100
2026-01-29 20:00:00,11075.0,Ile-de-France,4.8,88,9.6,100
2026-01-29 21:00:00,10446.0,Ile-de-France,5.1,86,10.0,100
2026-01-29 22:00:00,10288.0,Ile-de-France,5.1,87,10.3,90
2026-01-29 23:00:00,9736.0,Ile-de-France,4.8,88,10.9,21
2026-01-30 00:00:00,9052.5,Ile-de-France,4.0,90,10.1,71
2026-01-30 01:00:00,8428.0,Ile-de-France,4.1,91,9.9,16
2026-01-30 02:00:00,8076.5,Ile-de-France,4.3,94,10.0,27
2026-01-30 03:00:00,7911.0,Ile-de-France,4.1,94,9.8,45
2026-01-30 04:00:00,8132.0,Ile-de-France,3.8,94,10.0,96
2026-01-30 05:00:00,8802.5,Ile-de-France,3.7,94,9.6,100
2026-01-30 06:00:00,10038.0,Ile-de-France,4.2,92,9.4,100
2026-01-30 07:00:00,10933.5,Ile-de-France,4.2,93,8.3,100
2026-01-30 08:00:00,11278.5,Ile-de-France,4.2,97,8.4,100
2026-01-30 09:00:00,11311.5,Ile-de-France,4.8,97,8.3,100
2026-01-30 10:00:00,11209.5,Ile-de-France,5.7,97,9.9,100
2026-01-30 11:00:00,11152.0,Ile-de-France,7.0,94,11.0,100
2026-01-30 12:00:00,10929.5,Ile-de-France,7.9,92,12.3,100
2026-01-30 13:00:00,10633.5,Ile-de-France,8.8,87,11.5,66
2026-01-30 14:00:00,10289.5,Ile-de-France,9.9,80,11.5,99
2026-01-30 15:00:00,10163.0,Ile-de-France,10.7,73,13.4,98
2026-01-30 16:00:00,10194.5,Ile-de-France,10.8,72,12.5,76
2026-01-30 17:00:00,10538.5,Ile-de-France,10.8,71,13.4,98
2026-01-30 18:00:00,10977.0,Ile-de-France,9.8,75,14.0,100
2026-01-30 19:00:00,10637.0,Ile-de-France,9.2,80,15.2,100
2026-01-30 20:00:00,9988.5,Ile-de-France,8.2,88,18.4,100
2026-01-30 21:00:00,9436.5,Ile-de-France,8.6,90,18.6,100
2026-01-30 22:00:00,9438.0,Ile-de-France,8.1,93,16.2,100
2026-01-30 23:00:00,8989.0,Ile-de-France,8.4,93,18.0,100
2026-01-31 00:00:00,8398.5,Ile-de-France,8.1,92,15.3,100
2026-01-31 01:00:00,7888.0,Ile-de-France,7.7,92,13.2,100
2026-01-31 02:00:00,7454.5,Ile-de-France,7.4,92,10.8,100
2026-01-31 03:00:00,7210.5,Ile-de-France,7.4,92,9.0,100
2026-01-31 04:00:00,7326.5,Ile-de-France,7.2,91,7.1,100
2026-01-31 05:00:00,7573.5,Ile-de-France,6.8,92,6.3,100
2026-01-31 06:00:00,8096.0,Ile-de-France,6.7,92,8.3,100
2026-01-31 07:00:00,8552.5,Ile-de-France,6.3,91,8.5,95
2026-01-31 08:00:00,9194.0,Ile-de-France,5.4,94,6.1,100
2026-01-31 09:00:00,9713.0,Ile-de-France,5.3,95,7.0,100
2026-01-31 10:00:00,10104.0,Ile-de-France,5.5,96,6.7,100
2026-01-31 11:00:00,10397.5,Ile-de-France,6.0,93,8.5,100
2026-01-31 12:00:00,10368.5,Ile-de-France,6.8,90,7.6,100
2026-01-31 13:00:00,10156.5,Ile-de-France,7.5,88,9.8,100
2026-01-31 14:00:00,9993.5,Ile-de-France,7.2,90,10.9,100
2026-01-31 15:00:00,9717.5,Ile-de-France,7.7,87,9.2,100
2026-01-31 16:00:00,9619.5,Ile-de-France,7.9,86,8.1,100
2026-01-31 17:00:00,10010.5,Ile-de-France,8.2,84,7.4,100
2026-01-31 18:00:00,10306.0,Ile-de-France,8.0,87,4.9,24
2026-01-31 19:00:00,10146.5,Ile-de-France,7.2,91,4.5,48
2026-01-31 20:00:00,9625.5,Ile-de-France,6.7,96,6.6,78
2026-01-31 21:00:00,9221.5,Ile-de-France,5.9,97,8.3,46
2026-01-31 22:00:00,9317.5,Ile-de-France,5.7,97,7.6,77
2025-11-02 00:00:00,5637.5,Auvergne-Rhone-Alpes,14.4,95,5.3,100
2025-11-02 01:00:00,5528.0,Auvergne-Rhone-Alpes,14.4,94,1.4,100
2025-11-02 02:00:00,5327.0,Auvergne-Rhone-Alpes,13.1,96,10.5,100
2025-11-02 03:00:00,5173.5,Auvergne-Rhone-Alpes,12.4,95,7.9,100
2025-11-02 04:00:00,5114.5,Auvergne-Rhone-Alpes,12.4,96,4.9,100
2025-11-02 05:00:00,5206.0,Auvergne-Rhone-Alpes,12.5,94,1.1,100
2025-11-02 06:00:00,5278.5,Auvergne-Rhone-Alpes,12.5,95,3.2,100
2025-11-02 07:00:00,5537.0,Auvergne-Rhone-Alpes,12.2,95,3.3,100
2025-11-02 08:00:00,6072.5,Auvergne-Rhone-Alpes,11.9,96,2.3,100
2025-11-02 09:00:00,6374.5,Auvergne-Rhone-Alpes,11.4,96,2.7,100
2025-11-02 10:00:00,6686.0,Auvergne-Rhone-Alpes,11.7,93,2.0,100
2025-11-02 11:00:00,7006.0,Auvergne-Rhone-Alpes,12.6,89,4.6,100
2025-11-02 12:00:00,7233.0,Auvergne-Rhone-Alpes,12.1,87,8.0,100
2025-11-02 13:00:00,6735.5,Auvergne-Rhone-Alpes,11.7,93,5.0,100
2025-11-02 14:00:00,6154.5,Auvergne-Rhone-Alpes,10.9,93,9.5,88
2025-11-02 15:00:00,6027.5,Auvergne-Rhone-Alpes,12.1,87,7.9,48
2025-11-02 16:00:00,5791.5,Auvergne-Rhone-Alpes,12.9,85,8.2,27
2025-11-02 17:00:00,6607.5,Auvergne-Rhone-Alpes,12.6,86,8.0,63
2025-11-02 18:00:00,7134.0,Auvergne-Rhone-Alpes,11.4,91,4.2,84
2025-11-02 19:00:00,7003.5,Auvergne-Rhone-Alpes,11.2,93,3.4,39
2025-11-02 20:00:00,6687.0,Auvergne-Rhone-Alpes,10.4,93,0.4,34
2025-11-02 21:00:00,6398.5,Auvergne-Rhone-Alpes,10.1,92,0.6,23
2025-11-02 22:00:00,6669.0,Auvergne-Rhone-Alpes,9.4,93,2.7,25
2025-11-02 23:00:00,6304.0,Auvergne-Rhone-Alpes,8.6,96,2.4,19
2025-11-03 00:00:00,5981.0,Auvergne-Rhone-Alpes,7.8,99,3.5,43
2025-11-03 01:00:00,6015.5,Auvergne-Rhone-Alpes,7.4,100,2.0,100
2025-11-03 02:00:00,5953.0,Auvergne-Rhone-Alpes,7.6,100,1.5,98
2025-11-03 03:00:00,5842.5,Auvergne-Rhone-Alpes,7.1,100,0.9,98
2025-11-03 04:00:00,6019.5,Auvergne-Rhone-Alpes,6.8,100,1.2,100
2025-11-03 05:00:00,6477.0,Auvergne-Rhone-Alpes,7.2,100,2.1,100
2025-11-03 06:00:00,7152.5,Auvergne-Rhone-Alpes,7.5,100,2.2,100
2025-11-03 07:00:00,7644.0,Auvergne-Rhone-Alpes,7.3,100,1.9,100
2025-11-03 08:00:00,8064.0,Auvergne-Rhone-Alpes,7.1,100,1.5,99
2025-11-03 09:00:00,7893.0,Auvergne-Rhone-Alpes,7.3,100,1.5,100
2025-11-03 10:00:00,7750.0,Auvergne-Rhone-Alpes,8.4,99,0.6,100
2025-11-03 11:00:00,7781.5,Auvergne-Rhone-Alpes,10.0,91,0.8,66
2025-11-03 12:00:00,7761.5,Auvergne-Rhone-Alpes,11.4,83,0.9,68
2025-11-03 13:00:00,7515.5,Auvergne-Rhone-Alpes,12.4,75,2.6,34
2025-11-03 14:00:00,7126.5,Auvergne-Rhone-Alpes,13.5,69,0.6,31
2025-11-03 15:00:00,6830.5,Auvergne-Rhone-Alpes,14.2,68,2.3,35
2025-11-03 16:00:00,6946.0,Auvergne-Rhone-Alpes,14.4,65,2.7,74
2025-11-03 17:00:00,7534.5,Auvergne-Rhone-Alpes,14.1,65,3.8,25
2025-11-03 18:00:00,8028.0,Auvergne-Rhone-Alpes,12.7,78,4.1,0
2025-11-03 19:00:00,7808.5,Auvergne-Rhone-Alpes,10.7,87,3.8,0
2025-11-03 20:00:00,7440.0,Auvergne-Rhone-Alpes,9.8,90,4.0,0
2025-11-03 21:00:00,7152.0,Auvergne-Rhone-Alpes,9.1,93,4.2,0
2025-11-03 22:00:00,7283.5,Auvergne-Rhone-Alpes,8.5,94,3.6,0
2025-11-03 23:00:00,6950.0,Auvergne-Rhone-Alpes,8.2,94,1.4,0
2025-11-04 00:00:00,6596.0,Auvergne-Rhone-Alpes,7.6,96,1.4,0
2025-11-04 01:00:00,6599.5,Auvergne-Rhone-Alpes,7.0,97,4.4,0
2025-11-04 02:00:00,6559.5,Auvergne-Rhone-Alpes,6.1,100,3.9,10
2025-11-04 03:00:00,6357.5,Auvergne-Rhone-Alpes,5.6,100,1.9,98
2025-11-04 04:00:00,6589.0,Auvergne-Rhone-Alpes,5.8,100,4.1,100
2025-11-04 05:00:00,6966.5,Auvergne-Rhone-Alpes,5.4,100,5.7,100
2025-11-04 06:00:00,7698.0,Auvergne-Rhone-Alpes,5.1,100,6.4,100
2025-11-04 07:00:00,8173.5,Auvergne-Rhone-Alpes,4.8,100,6.7,98
2025-11-04 08:00:00,8319.5,Auvergne-Rhone-Alpes,4.8,100,9.1,97
2025-11-04 09:00:00,8090.5,Auvergne-Rhone-Alpes,4.6,100,9.0,98
2025-11-04 10:00:00,7982.5,Auvergne-Rhone-Alpes,6.6,94,10.4,86
2025-11-04 11:00:00,7885.0,Auvergne-Rhone-Alpes,9.2,83,8.8,73
2025-11-04 12:00:00,7786.0,Auvergne-Rhone-Alpes,11.9,71,10.8,19
2025-11-04 13:00:00,7482.0,Auvergne-Rhone-Alpes,14.1,62,12.0,11
2025-11-04 14:00:00,7247.5,Auvergne-Rhone-Alpes,15.6,56,14.3,2
2025-11-04 15:00:00,6899.5,Auvergne-Rhone-Alpes,16.2,53,14.4,0
2025-11-04 16:00:00,7050.5,Auvergne-Rhone-Alpes,16.2,56,13.2,0
2025-11-04 17:00:00,7554.0,Auvergne-Rhone-Alpes,15.9,54,17.2,0
2025-11-04 18:00:00,8015.5,Auvergne-Rhone-Alpes,14.6,53,15.8,0
2025-11-04 19:00:00,7801.5,Auvergne-Rhone-Alpes,13.3,54,13.8,0
2025-11-04 20:00:00,7440.0,Auvergne-Rhone-Alpes,12.8,58,12.7,0
2025-11-04 21:00:00,7194.5,Auvergne-Rhone-Alpes,11.9,64,11.8,0
2025-11-04 22:00:00,7255.5,Auvergne-Rhone-Alpes,12.0,64,14.3,0
2025-11-04 23:00:00,6985.5,Auvergne-Rhone-Alpes,11.9,64,15.6,0
2025-11-05 00:00:00,6663.5,Auvergne-Rhone-Alpes,11.3,66,14.1,0
2025-11-05 01:00:00,6603.5,Auvergne-Rhone-Alpes,10.6,71,12.2,2
2025-11-05 02:00:00,6523.5,Auvergne-Rhone-Alpes,10.4,77,14.3,44
2025-11-05 03:00:00,6362.0,Auvergne-Rhone-Alpes,10.4,79,15.0,56
2025-11-05 04:00:00,6524.0,Auvergne-Rhone-Alpes,10.6,79,15.7,84
2025-11-05 05:00:00,6861.5,Auvergne-Rhone-Alpes,10.5,78,15.4,98
2025-11-05 06:00:00,7527.5,Auvergne-Rhone-Alpes,10.4,78,14.7,99
2025-11-05 07:00:00,8048.0,Auvergne-Rhone-Alpes,10.4,77,14.5,93
2025-11-05 08:00:00,8008.5,Auvergne-Rhone-Alpes,10.2,78,15.0,1
2025-11-05 09:00:00,7960.0,Auvergne-Rhone-Alpes,10.2,77,16.3,0
2025-11-05 10:00:00,7770.5,Auvergne-Rhone-Alpes,11.6,72,18.7,1
2025-11-05 11:00:00,7857.0,Auvergne-Rhone-Alpes,12.9,67,18.2,1
2025-11-05 12:00:00,7819.0,Auvergne-Rhone-Alpes,14.1,61,16.4,0
2025-11-05 13:00:00,7389.0,Auvergne-Rhone-Alpes,15.3,57,18.0,0
2025-11-05 14:00:00,7103.5,Auvergne-Rhone-Alpes,16.2,57,21.3,39
2025-11-05 15:00:00,6959.0,Auvergne-Rhone-Alpes,16.5,59,21.1,95
2025-11-05 16:00:00,7139.5,Auvergne-Rhone-Alpes,16.3,61,20.0,96
2025-11-05 17:00:00,7540.0,Auvergne-Rhone-Alpes,15.6,64,21.2,55
2025-11-05 18:00:00,8051.0,Auvergne-Rhone-Alpes,14.8,66,19.4,19
2025-11-05 19:00:00,7812.5,Auvergne-Rhone-Alpes,14.1,69,19.3,32
2025-11-05 20:00:00,7366.0,Auvergne-Rhone-Alpes,14.1,69,19.3,95
2025-11-05 21:00:00,7073.5,Auvergne-Rhone-Alpes,13.7,70,19.4,99
2025-11-05 22:00:00,7190.5,Auvergne-Rhone-Alpes,13.2,71,19.0,98
2025-11-05 23:00:00,6905.5,Auvergne-Rhone-Alpes,12.8,70,19.2,100
2025-11-06 00:00:00,6522.0,Auvergne-Rhone-Alpes,12.6,70,18.7,84
2025-11-06 01:00:00,6428.5,Auvergne-Rhone-Alpes,12.2,71,18.5,95
2025-11-06 02:00:00,6319.5,Auvergne-Rhone-Alpes,12.1,69,17.6,99
2025-11-06 03:00:00,6122.5,Auvergne-Rhone-Alpes,11.6,69,15.7,100
2025-11-06 04:00:00,6369.0,Auvergne-Rhone-Alpes,11.4,66,15.2,100
2025-11-06 05:00:00,6827.0,Auvergne-Rhone-Alpes,11.4,62,16.1,100
2025-11-06 06:00:00,7329.0,Auvergne-Rhone-Alpes,11.4,58,17.4,100
2025-11-06 07:00:00,7920.0,Auvergne-Rhone-Alpes,11.4,54,17.1,100
2025-11-06 08:00:00,7892.5,Auvergne-Rhone-Alpes,11.4,58,14.1,94
2025-11-06 09:00:00,7870.0,Auvergne-Rhone-Alpes,11.1,63,11.4,93
2025-11-06 10:00:00,7867.5,Auvergne-Rhone-Alpes,12.1,65,10.8,95
2025-11-06 11:00:00,7927.5,Auvergne-Rhone-Alpes,13.2,68,6.8,95
2025-11-06 12:00:00,7838.0,Auvergne-Rhone-Alpes,13.9,67,6.7,100
2025-11-06 13:00:00,7454.5,Auvergne-Rhone-Alpes,13.5,71,7.7,98
2025-11-06 14:00:00,7230.0,Auvergne-Rhone-Alpes,14.8,62,7.0,57
2025-11-06 15:00:00,7264.5,Auvergne-Rhone-Alpes,15.4,58,7.8,42
2025-11-06 16:00:00,7223.0,Auvergne-Rhone-Alpes,15.2,56,7.9,94
2025-11-06 17:00:00,7770.5,Auvergne-Rhone-Alpes,14.8,59,6.5,75
2025-11-06 18:00:00,8214.0,Auvergne-Rhone-Alpes,13.1,69,4.0,97
2025-11-06 19:00:00,7861.5,Auvergne-Rhone-Alpes,11.5,74,3.4,98
2025-11-06 20:00:00,7491.5,Auvergne-Rhone-Alpes,11.1,73,7.3,53
2025-11-06 21:00:00,7184.5,Auvergne-Rhone-Alpes,10.6,70,6.0,99
2025-11-06 22:00:00,7289.5,Auvergne-Rhone-Alpes,10.4,74,4.2,100
2025-11-06 23:00:00,6931.5,Auvergne-Rhone-Alpes,9.8,79,3.4,100
2025-11-07 00:00:00,6640.0,Auvergne-Rhone-Alpes,10.5,78,1.9,100
2025-11-07 01:00:00,6535.0,Auvergne-Rhone-Alpes,10.6,78,1.8,100
2025-11-07 02:00:00,6453.0,Auvergne-Rhone-Alpes,9.6,89,3.6,94
2025-11-07 03:00:00,6317.0,Auvergne-Rhone-Alpes,9.3,89,4.0,100
2025-11-07 04:00:00,6379.0,Auvergne-Rhone-Alpes,9.6,88,3.5,100
2025-11-07 05:00:00,6843.0,Auvergne-Rhone-Alpes,8.9,91,4.2,93
2025-11-07 06:00:00,7274.0,Auvergne-Rhone-Alpes,8.1,94,4.5,98
2025-11-07 07:00:00,7983.0,Auvergne-Rhone-Alpes,7.6,94,5.1,98
2025-11-07 08:00:00,8221.5,Auvergne-Rhone-Alpes,7.6,96,5.2,100
2025-11-07 09:00:00,7912.0,Auvergne-Rhone-Alpes,7.4,97,2.6,98
2025-11-07 10:00:00,7924.5,Auvergne-Rhone-Alpes,8.6,94,2.4,51
2025-11-07 11:00:00,7853.5,Auvergne-Rhone-Alpes,10.8,89,2.8,73
2025-11-07 12:00:00,7749.0,Auvergne-Rhone-Alpes,12.4,84,3.4,52
2025-11-07 13:00:00,7279.0,Auvergne-Rhone-Alpes,13.8,77,4.0,38
2025-11-07 14:00:00,6956.5,Auvergne-Rhone-Alpes,15.1,70,3.3,8
2025-11-07 15:00:00,6777.0,Auvergne-Rhone-Alpes,15.8,68,4.1,3
2025-11-07 16:00:00,6898.0,Auvergne-Rhone-Alpes,15.9,67,5.5,0
2025-11-07 17:00:00,7525.0,Auvergne-Rhone-Alpes,15.6,69,6.2,7
2025-11-07 18:00:00,7756.0,Auvergne-Rhone-Alpes,13.9,77,4.8,2
2025-11-07 19:00:00,7568.0,Auvergne-Rhone-Alpes,12.1,82,4.3,3
2025-11-07 20:00:00,7167.5,Auvergne-Rhone-Alpes,11.2,83,3.5,67
2025-11-07 21:00:00,7056.0,Auvergne-Rhone-Alpes,10.6,86,4.6,98
2025-11-07 22:00:00,7233.5,Auvergne-Rhone-Alpes,10.2,86,5.5,95
2025-11-07 23:00:00,6883.5,Auvergne-Rhone-Alpes,9.9,86,6.0,95
2025-11-08 00:00:00,6551.0,Auvergne-Rhone-Alpes,9.1,89,4.8,100
2025-11-08 01:00:00,6537.0,Auvergne-Rhone-Alpes,8.7,90,4.4,99
2025-11-08 02:00:00,6323.0,Auvergne-Rhone-Alpes,8.3,92,4.1,88
2025-11-08 03:00:00,6172.5,Auvergne-Rhone-Alpes,7.5,94,4.1,84
2025-11-08 04:00:00,6176.0,Auvergne-Rhone-Alpes,6.8,97,3.7,59
2025-11-08 05:00:00,6225.5,Auvergne-Rhone-Alpes,6.5,99,1.8,63
2025-11-08 06:00:00,6443.5,Auvergne-Rhone-Alpes,6.2,100,1.1,100
2025-11-08 07:00:00,6617.5,Auvergne-Rhone-Alpes,6.1,100,0.9,98
2025-11-08 08:00:00,6950.0,Auvergne-Rhone-Alpes,5.6,99,1.1,100
2025-11-08 09:00:00,7158.5,Auvergne-Rhone-Alpes,5.4,100,1.5,98
2025-11-08 10:00:00,7403.5,Auvergne-Rhone-Alpes,6.8,98,3.6,98
2025-11-08 11:00:00,7429.5,Auvergne-Rhone-Alpes,7.9,97,2.0,100
2025-11-08 12:00:00,7511.5,Auvergne-Rhone-Alpes,9.4,93,2.3,86
2025-11-08 13:00:00,7075.0,Auvergne-Rhone-Alpes,11.4,84,1.7,66
2025-11-08 14:00:00,6532.5,Auvergne-Rhone-Alpes,12.9,81,3.0,38
2025-11-08 15:00:00,6279.0,Auvergne-Rhone-Alpes,13.7,79,4.0,51
2025-11-08 16:00:00,6254.0,Auvergne-Rhone-Alpes,14.0,75,7.2,24
2025-11-08 17:00:00,6897.0,Auvergne-Rhone-Alpes,13.5,77,8.4,58
2025-11-08 18:00:00,7150.0,Auvergne-Rhone-Alpes,12.1,85,6.6,26
2025-11-08 19:00:00,6983.0,Auvergne-Rhone-Alpes,11.1,88,8.3,23
2025-11-08 20:00:00,6711.5,Auvergne-Rhone-Alpes,11.1,89,7.8,23
2025-11-08 21:00:00,6601.0,Auvergne-Rhone-Alpes,10.8,89,8.0,48
2025-11-08 22:00:00,6831.0,Auvergne-Rhone-Alpes,10.4,90,8.8,70
2025-11-08 23:00:00,6642.0,Auvergne-Rhone-Alpes,10.1,91,8.5,78
2025-11-09 00:00:00,6224.0,Auvergne-Rhone-Alpes,10.1,92,9.0,100
2025-11-09 01:00:00,6119.0,Auvergne-Rhone-Alpes,10.4,89,8.2,100
2025-11-09 02:00:00,5915.0,Auvergne-Rhone-Alpes,10.4,94,8.3,48
2025-11-09 03:00:00,5735.5,Auvergne-Rhone-Alpes,9.6,95,6.9,48
2025-11-09 04:00:00,5696.0,Auvergne-Rhone-Alpes,9.4,95,8.3,100
2025-11-09 05:00:00,5805.5,Auvergne-Rhone-Alpes,9.4,96,7.6,100
2025-11-09 06:00:00,5786.5,Auvergne-Rhone-Alpes,10.1,94,6.7,99
2025-11-09 07:00:00,5956.0,Auvergne-Rhone-Alpes,10.1,94,6.6,100
2025-11-09 08:00:00,6452.5,Auvergne-Rhone-Alpes,9.9,95,7.2,84
2025-11-09 09:00:00,6643.0,Auvergne-Rhone-Alpes,9.9,96,7.7,100
2025-11-09 10:00:00,6977.5,Auvergne-Rhone-Alpes,10.6,94,10.9,100
2025-11-09 11:00:00,7174.5,Auvergne-Rhone-Alpes,10.8,94,10.6,100
2025-11-09 12:00:00,7137.0,Auvergne-Rhone-Alpes,11.1,92,9.1,100
2025-11-09 13:00:00,6616.5,Auvergne-Rhone-Alpes,11.4,89,10.7,100
2025-11-09 14:00:00,6342.5,Auvergne-Rhone-Alpes,12.1,80,12.5,100
2025-11-09 15:00:00,5999.5,Auvergne-Rhone-Alpes,12.4,76,11.1,100
2025-11-09 16:00:00,5944.0,Auvergne-Rhone-Alpes,12.5,73,11.6,84
2025-11-09 17:00:00,6679.5,Auvergne-Rhone-Alpes,12.1,74,10.2,38
2025-11-09 18:00:00,7182.5,Auvergne-Rhone-Alpes,11.2,78,8.0,5
2025-11-09 19:00:00,7013.0,Auvergne-Rhone-Alpes,10.1,81,7.6,4
2025-11-09 20:00:00,6838.5,Auvergne-Rhone-Alpes,9.5,84,6.6,12
2025-11-09 21:00:00,6660.0,Auvergne-Rhone-Alpes,8.8,87,6.1,80
2025-11-09 22:00:00,6893.0,Auvergne-Rhone-Alpes,7.8,90,5.5,50
2025-11-09 23:00:00,6507.0,Auvergne-Rhone-Alpes,7.2,91,4.4,9
2025-11-10 00:00:00,6331.0,Auvergne-Rhone-Alpes,6.7,92,4.1,16
2025-11-10 01:00:00,6292.0,Auvergne-Rhone-Alpes,6.2,93,4.0,3
2025-11-10 02:00:00,6236.0,Auvergne-Rhone-Alpes,5.1,96,2.4,1
2025-11-10 03:00:00,6050.0,Auvergne-Rhone-Alpes,4.4,98,1.9,11
2025-11-10 04:00:00,6177.0,Auvergne-Rhone-Alpes,4.2,100,0.4,99
2025-11-10 05:00:00,6471.5,Auvergne-Rhone-Alpes,4.8,100,2.9,100
2025-11-10 06:00:00,6914.0,Auvergne-Rhone-Alpes,5.2,100,3.2,100
2025-11-10 07:00:00,7347.5,Auvergne-Rhone-Alpes,5.6,100,4.0,100
2025-11-10 08:00:00,7595.5,Auvergne-Rhone-Alpes,5.8,100,4.6,100
2025-11-10 09:00:00,7481.5,Auvergne-Rhone-Alpes,6.3,100,4.7,100
2025-11-10 10:00:00,7631.0,Auvergne-Rhone-Alpes,7.4,97,4.5,100
2025-11-10 11:00:00,7714.5,Auvergne-Rhone-Alpes,8.3,92,6.5,100
2025-11-10 12:00:00,7567.5,Auvergne-Rhone-Alpes,8.9,89,7.8,100
2025-11-10 13:00:00,7182.0,Auvergne-Rhone-Alpes,9.9,83,9.3,97
2025-11-10 14:00:00,6957.5,Auvergne-Rhone-Alpes,11.2,76,8.2,77
2025-11-10 15:00:00,6790.5,Auvergne-Rhone-Alpes,12.2,72,6.3,100
2025-11-10 16:00:00,6753.5,Auvergne-Rhone-Alpes,12.5,72,3.7,81
2025-11-10 17:00:00,7299.5,Auvergne-Rhone-Alpes,12.4,74,3.6,99
2025-11-10 18:00:00,7762.0,Auvergne-Rhone-Alpes,10.8,83,2.7,100
2025-11-10 19:00:00,7531.0,Auvergne-Rhone-Alpes,9.9,87,2.3,67
2025-11-10 20:00:00,7165.5,Auvergne-Rhone-Alpes,8.2,94,1.6,2
2025-11-10 21:00:00,6861.5,Auvergne-Rhone-Alpes,7.6,97,1.1,0
2025-11-10 22:00:00,7016.5,Auvergne-Rhone-Alpes,6.9,99,4.3,45
2025-11-10 23:00:00,6764.5,Auvergne-Rhone-Alpes,6.3,100,3.1,100
2025-11-11 00:00:00,6423.5,Auvergne-Rhone-Alpes,6.3,100,3.6,100
2025-11-11 01:00:00,6398.5,Auvergne-Rhone-Alpes,6.1,100,3.0,100
2025-11-11 02:00:00,6273.5,Auvergne-Rhone-Alpes,6.8,98,3.2,100
2025-11-11 03:00:00,6147.0,Auvergne-Rhone-Alpes,6.4,99,3.3,100
2025-11-11 04:00:00,6169.0,Auvergne-Rhone-Alpes,6.2,100,2.5,100
2025-11-11 05:00:00,6346.5,Auvergne-Rhone-Alpes,5.8,100,2.4,100
2025-11-11 06:00:00,6521.0,Auvergne-Rhone-Alpes,5.7,100,3.6,100
2025-11-11 07:00:00,6642.0,Auvergne-Rhone-Alpes,5.7,100,3.2,100
2025-11-11 08:00:00,6856.5,Auvergne-Rhone-Alpes,5.2,99,4.9,100
2025-11-11 09:00:00,7181.5,Auvergne-Rhone-Alpes,5.0,100,2.7,100
2025-11-11 10:00:00,7364.0,Auvergne-Rhone-Alpes,5.6,98,3.9,100
2025-11-11 11:00:00,7434.0,Auvergne-Rhone-Alpes,6.6,95,5.1,100
2025-11-11 12:00:00,7351.0,Auvergne-Rhone-Alpes,7.8,93,6.1,100
2025-11-11 13:00:00,6778.0,Auvergne-Rhone-Alpes,9.1,91,4.5,100
2025-11-11 14:00:00,6506.5,Auvergne-Rhone-Alpes,10.4,86,4.3,100
2025-11-11 15:00:00,6106.0,Auvergne-Rhone-Alpes,11.9,80,4.8,100
2025-11-11 16:00:00,6352.0,Auvergne-Rhone-Alpes,12.6,78,5.2,84
2025-11-11 17:00:00,6942.0,Auvergne-Rhone-Alpes,12.4,79,5.1,0
2025-11-11 18:00:00,7550.5,Auvergne-Rhone-Alpes,11.0,85,5.7,0
2025-11-11 19:00:00,7334.5,Auvergne-Rhone-Alpes,10.5,86,9.0,0
2025-11-11 20:00:00,7003.5,Auvergne-Rhone-Alpes,9.7,84,10.6,0
2025-11-11 21:00:00,6848.5,Auvergne-Rhone-Alpes,9.1,80,11.4,1
2025-11-11 22:00:00,7045.5,Auvergne-Rhone-Alpes,9.5,74,13.3,0
2025-11-11 23:00:00,6773.5,Auvergne-Rhone-Alpes,9.6,72,13.9,0
2025-11-12 00:00:00,6431.0,Auvergne-Rhone-Alpes,9.6,73,14.0,31
2025-11-12 01:00:00,6418.0,Auvergne-Rhone-Alpes,9.6,74,13.9,91
2025-11-12 02:00:00,6265.5,Auvergne-Rhone-Alpes,9.9,78,16.5,93
2025-11-12 03:00:00,6173.5,Auvergne-Rhone-Alpes,10.2,78,16.6,81
2025-11-12 04:00:00,6352.5,Auvergne-Rhone-Alpes,10.4,81,16.3,88
2025-11-12 05:00:00,6744.5,Auvergne-Rhone-Alpes,10.6,84,14.8,98
2025-11-12 06:00:00,7443.5,Auvergne-Rhone-Alpes,10.8,85,13.9,98
2025-11-12 07:00:00,8014.0,Auvergne-Rhone-Alpes,11.1,83,14.7,99
2025-11-12 08:00:00,8130.0,Auvergne-Rhone-Alpes,10.9,83,16.1,100
2025-11-12 09:00:00,7932.5,Auvergne-Rhone-Alpes,11.6,78,17.7,99
2025-11-12 10:00:00,8036.0,Auvergne-Rhone-Alpes,12.7,76,18.5,100
2025-11-12 11:00:00,7860.0,Auvergne-Rhone-Alpes,14.0,74,20.0,100
2025-11-12 12:00:00,7914.0,Auvergne-Rhone-Alpes,15.1,72,15.0,96
2025-11-12 13:00:00,7593.5,Auvergne-Rhone-Alpes,15.9,70,21.1,95
2025-11-12 14:00:00,7268.5,Auvergne-Rhone-Alpes,16.4,69,25.8,99
2025-11-12 15:00:00,7184.5,Auvergne-Rhone-Alpes,16.9,67,28.3,99
2025-11-12 16:00:00,7192.0,Auvergne-Rhone-Alpes,16.8,69,26.8,90
2025-11-12 17:00:00,7672.5,Auvergne-Rhone-Alpes,16.3,71,28.4,98
2025-11-12 18:00:00,8119.5,Auvergne-Rhone-Alpes,15.6,74,27.0,98
2025-11-12 19:00:00,7838.5,Auvergne-Rhone-Alpes,15.1,74,26.5,97
2025-11-12 20:00:00,7431.5,Auvergne-Rhone-Alpes,14.9,73,24.1,95
2025-11-12 21:00:00,7104.5,Auvergne-Rhone-Alpes,14.9,73,23.8,96
2025-11-12 22:00:00,7257.0,Auvergne-Rhone-Alpes,14.6,76,24.3,78
2025-11-12 23:00:00,6862.0,Auvergne-Rhone-Alpes,14.2,79,25.6,98
2025-11-13 00:00:00,6530.5,Auvergne-Rhone-Alpes,14.1,80,26.3,100
2025-11-13 01:00:00,6444.0,Auvergne-Rhone-Alpes,13.9,81,25.2,88
2025-11-13 02:00:00,6335.0,Auvergne-Rhone-Alpes,13.9,85,25.9,48
2025-11-13 03:00:00,6165.0,Auvergne-Rhone-Alpes,14.1,78,27.9,42
2025-11-13 04:00:00,6197.0,Auvergne-Rhone-Alpes,14.0,79,26.5,23
2025-11-13 05:00:00,6595.5,Auvergne-Rhone-Alpes,13.9,79,25.6,56
2025-11-13 06:00:00,7334.5,Auvergne-Rhone-Alpes,13.6,80,25.4,21
2025-11-13 07:00:00,7706.0,Auvergne-Rhone-Alpes,13.3,81,24.2,19
2025-11-13 08:00:00,7768.5,Auvergne-Rhone-Alpes,13.1,81,17.6,77
2025-11-13 09:00:00,7680.0,Auvergne-Rhone-Alpes,13.2,79,16.5,31
2025-11-13 10:00:00,7701.0,Auvergne-Rhone-Alpes,14.3,73,17.3,13
2025-11-13 11:00:00,3826.0,Auvergne-Rhone-Alpes,15.4,67,16.9,5
2025-11-13 12:00:00,7567.5,Auvergne-Rhone-Alpes,16.3,68,14.9,9
2025-11-13 13:00:00,7314.5,Auvergne-Rhone-Alpes,17.0,64,19.1,7
2025-11-13 14:00:00,7252.0,Auvergne-Rhone-Alpes,17.4,64,19.7,5
2025-11-13 15:00:00,7144.5,Auvergne-Rhone-Alpes,17.6,62,20.5,96
2025-11-13 16:00:00,7007.5,Auvergne-Rhone-Alpes,17.1,64,18.6,97
2025-11-13 17:00:00,7558.0,Auvergne-Rhone-Alpes,16.8,63,22.5,84
2025-11-13 18:00:00,7820.5,Auvergne-Rhone-Alpes,16.0,61,22.7,59
2025-11-13 19:00:00,7575.0,Auvergne-Rhone-Alpes,15.6,60,21.5,86
2025-11-13 20:00:00,7119.5,Auvergne-Rhone-Alpes,15.5,61,18.6,33
2025-11-13 21:00:00,6861.5,Auvergne-Rhone-Alpes,15.4,63,20.1,2
2025-11-13 22:00:00,6984.0,Auvergne-Rhone-Alpes,15.4,67,23.1,28
2025-11-13 23:00:00,6635.0,Auvergne-Rhone-Alpes,15.2,67,26.6,20
2025-11-14 00:00:00,6370.5,Auvergne-Rhone-Alpes,14.9,66,25.1,24
2025-11-14 01:00:00,6346.0,Auvergne-Rhone-Alpes,15.1,59,26.5,63
2025-11-14 02:00:00,6123.0,Auvergne-Rhone-Alpes,15.1,60,28.6,66
2025-11-14 03:00:00,6020.0,Auvergne-Rhone-Alpes,14.8,62,27.5,40
2025-11-14 04:00:00,6111.0,Auvergne-Rhone-Alpes,15.1,56,27.6,37
2025-11-14 05:00:00,6469.5,Auvergne-Rhone-Alpes,15.4,52,28.3,100
2025-11-14 06:00:00,6960.5,Auvergne-Rhone-Alpes,15.5,50,29.0,44
2025-11-14 07:00:00,7429.5,Auvergne-Rhone-Alpes,15.4,49,27.3,98
2025-11-14 08:00:00,7686.5,Auvergne-Rhone-Alpes,15.2,53,23.4,100
2025-11-14 09:00:00,7731.0,Auvergne-Rhone-Alpes,15.5,51,19.8,100
2025-11-14 10:00:00,7722.0,Auvergne-Rhone-Alpes,16.0,49,21.5,100
2025-11-14 11:00:00,7712.5,Auvergne-Rhone-Alpes,16.7,46,22.6,100
2025-11-14 12:00:00,7791.5,Auvergne-Rhone-Alpes,18.0,43,26.5,100
2025-11-14 13:00:00,7588.0,Auvergne-Rhone-Alpes,17.6,44,27.0,100
2025-11-14 14:00:00,7418.5,Auvergne-Rhone-Alpes,17.9,47,24.7,100
2025-11-14 15:00:00,7113.5,Auvergne-Rhone-Alpes,17.6,49,21.1,100
2025-11-14 16:00:00,6989.5,Auvergne-Rhone-Alpes,18.1,50,24.4,100
2025-11-14 17:00:00,7384.0,Auvergne-Rhone-Alpes,18.0,51,23.8,100
2025-11-14 18:00:00,7617.0,Auvergne-Rhone-Alpes,17.6,52,22.7,100
2025-11-14 19:00:00,7384.5,Auvergne-Rhone-Alpes,17.2,52,20.9,98
2025-11-14 20:00:00,7029.0,Auvergne-Rhone-Alpes,17.2,54,18.7,100
2025-11-14 21:00:00,6724.0,Auvergne-Rhone-Alpes,17.3,52,20.3,100
2025-11-14 22:00:00,6913.0,Auvergne-Rhone-Alpes,17.1,52,22.0,100
2025-11-14 23:00:00,6647.0,Auvergne-Rhone-Alpes,16.3,57,19.6,99
2025-11-15 00:00:00,6151.5,Auvergne-Rhone-Alpes,14.3,70,16.6,99
2025-11-15 01:00:00,6017.0,Auvergne-Rhone-Alpes,14.2,70,21.8,99
2025-11-15 02:00:00,5771.5,Auvergne-Rhone-Alpes,14.4,74,16.9,99
2025-11-15 03:00:00,5530.0,Auvergne-Rhone-Alpes,14.4,74,15.0,99
2025-11-15 04:00:00,5445.5,Auvergne-Rhone-Alpes,13.6,81,20.9,100
2025-11-15 05:00:00,5581.0,Auvergne-Rhone-Alpes,13.4,84,16.5,100
2025-11-15 06:00:00,5798.0,Auvergne-Rhone-Alpes,13.8,81,16.7,97
2025-11-15 07:00:00,5991.5,Auvergne-Rhone-Alpes,13.9,77,15.2,100
2025-11-15 08:00:00,6269.5,Auvergne-Rhone-Alpes,13.9,86,17.4,93
2025-11-15 09:00:00,6597.0,Auvergne-Rhone-Alpes,13.8,85,20.3,100
2025-11-15 10:00:00,6809.5,Auvergne-Rhone-Alpes,13.8,88,20.9,98
2025-11-15 11:00:00,7034.5,Auvergne-Rhone-Alpes,14.2,86,20.3,99
2025-11-15 12:00:00,7104.0,Auvergne-Rhone-Alpes,14.2,87,22.6,97
2025-11-15 13:00:00,6642.5,Auvergne-Rhone-Alpes,13.8,91,12.8,100
2025-11-15 14:00:00,6361.5,Auvergne-Rhone-Alpes,13.4,93,7.1,100
2025-11-15 15:00:00,6274.5,Auvergne-Rhone-Alpes,13.6,88,7.8,99
2025-11-15 16:00:00,6249.0,Auvergne-Rhone-Alpes,13.8,82,5.0,48
2025-11-15 17:00:00,6620.0,Auvergne-Rhone-Alpes,13.6,85,1.8,22
2025-11-15 18:00:00,6993.5,Auvergne-Rhone-Alpes,12.4,91,6.4,5
2025-11-15 19:00:00,6791.5,Auvergne-Rhone-Alpes,11.4,93,7.7,1
2025-11-15 20:00:00,6574.0,Auvergne-Rhone-Alpes,10.4,100,2.8,96
2025-11-15 21:00:00,6405.0,Auvergne-Rhone-Alpes,9.9,98,4.9,23
2025-11-15 22:00:00,6638.0,Auvergne-Rhone-Alpes,10.3,95,9.3,100
2025-11-15 23:00:00,6505.0,Auvergne-Rhone-Alpes,10.4,94,9.1,100
2025-11-16 00:00:00,6139.5,Auvergne-Rhone-Alpes,9.9,94,5.7,100
2025-11-16 01:00:00,6075.5,Auvergne-Rhone-Alpes,9.6,95,5.1,100
2025-11-16 02:00:00,5840.5,Auvergne-Rhone-Alpes,9.8,96,8.7,100
2025-11-16 03:00:00,5606.5,Auvergne-Rhone-Alpes,9.2,95,7.3,100
2025-11-16 04:00:00,5549.5,Auvergne-Rhone-Alpes,9.4,96,8.2,100
2025-11-16 05:00:00,5603.0,Auvergne-Rhone-Alpes,9.2,97,7.0,100
2025-11-16 06:00:00,5688.5,Auvergne-Rhone-Alpes,9.1,98,8.9,100
2025-11-16 07:00:00,5863.0,Auvergne-Rhone-Alpes,9.5,94,10.1,100
2025-11-16 08:00:00,6245.0,Auvergne-Rhone-Alpes,10.1,91,12.5,100
2025-11-16 09:00:00,6604.0,Auvergne-Rhone-Alpes,9.9,90,8.5,100
2025-11-16 10:00:00,6831.0,Auvergne-Rhone-Alpes,9.9,93,2.4,100
2025-11-16 11:00:00,7209.5,Auvergne-Rhone-Alpes,9.9,94,11.3,100
2025-11-16 12:00:00,7125.5,Auvergne-Rhone-Alpes,10.6,94,6.3,100
2025-11-16 13:00:00,6808.0,Auvergne-Rhone-Alpes,11.7,87,4.6,87
2025-11-16 14:00:00,6418.5,Auvergne-Rhone-Alpes,12.1,88,3.3,34
2025-11-16 15:00:00,6268.5,Auvergne-Rhone-Alpes,13.2,85,5.7,17
2025-11-16 16:00:00,6359.0,Auvergne-Rhone-Alpes,13.9,82,7.6,30
2025-11-16 17:00:00,6779.0,Auvergne-Rhone-Alpes,13.4,84,3.2,70
2025-11-16 18:00:00,7216.5,Auvergne-Rhone-Alpes,11.8,89,3.9,51
2025-11-16 19:00:00,7148.0,Auvergne-Rhone-Alpes,10.4,92,3.8,83
2025-11-16 20:00:00,6770.5,Auvergne-Rhone-Alpes,10.1,98,3.9,100
2025-11-16 21:00:00,6459.0,Auvergne-Rhone-Alpes,10.1,98,3.2,100
2025-11-16 22:00:00,6635.0,Auvergne-Rhone-Alpes,9.4,100,2.2,100
2025-11-16 23:00:00,6386.5,Auvergne-Rhone-Alpes,8.9,97,1.9,100
2025-11-17 00:00:00,6099.0,Auvergne-Rhone-Alpes,8.4,98,2.2,100
2025-11-17 01:00:00,6076.0,Auvergne-Rhone-Alpes,8.2,99,2.1,100
2025-11-17 02:00:00,5898.0,Auvergne-Rhone-Alpes,9.1,96,0.7,61
2025-11-17 03:00:00,5744.0,Auvergne-Rhone-Alpes,7.8,99,3.6,62
2025-11-17 04:00:00,5888.5,Auvergne-Rhone-Alpes,8.3,99,6.3,100
2025-11-17 05:00:00,6398.5,Auvergne-Rhone-Alpes,8.4,97,3.1,94
2025-11-17 06:00:00,7160.0,Auvergne-Rhone-Alpes,7.9,97,3.9,73
2025-11-17 07:00:00,7711.5,Auvergne-Rhone-Alpes,8.4,96,5.2,66
2025-11-17 08:00:00,8040.0,Auvergne-Rhone-Alpes,10.2,93,9.5,92
2025-11-17 09:00:00,8173.0,Auvergne-Rhone-Alpes,10.0,94,9.0,100
2025-11-17 10:00:00,8382.0,Auvergne-Rhone-Alpes,10.3,92,10.9,100
2025-11-17 11:00:00,8407.0,Auvergne-Rhone-Alpes,10.6,92,12.9,100
2025-11-17 12:00:00,8317.0,Auvergne-Rhone-Alpes,9.9,94,16.6,100
2025-11-17 13:00:00,8244.5,Auvergne-Rhone-Alpes,9.1,90,17.5,100
2025-11-17 14:00:00,8143.0,Auvergne-Rhone-Alpes,8.9,86,17.0,100
2025-11-17 15:00:00,8092.5,Auvergne-Rhone-Alpes,8.3,79,17.7,100
2025-11-17 16:00:00,7994.5,Auvergne-Rhone-Alpes,7.8,67,19.9,34
2025-11-17 17:00:00,8529.5,Auvergne-Rhone-Alpes,7.6,63,17.9,85
2025-11-17 18:00:00,8865.5,Auvergne-Rhone-Alpes,7.1,64,15.2,100
2025-11-17 19:00:00,8658.5,Auvergne-Rhone-Alpes,7.1,67,16.4,98
2025-11-17 20:00:00,8154.5,Auvergne-Rhone-Alpes,6.7,74,14.4,16
2025-11-17 21:00:00,7844.5,Auvergne-Rhone-Alpes,5.9,79,14.2,14
2025-11-17 22:00:00,8126.5,Auvergne-Rhone-Alpes,5.3,84,14.7,23
2025-11-17 23:00:00,7797.0,Auvergne-Rhone-Alpes,4.8,88,15.6,34
2025-11-18 00:00:00,7494.5,Auvergne-Rhone-Alpes,4.4,87,18.1,9
2025-11-18 01:00:00,7573.5,Auvergne-Rhone-Alpes,3.9,89,17.5,43
2025-11-18 02:00:00,7384.5,Auvergne-Rhone-Alpes,3.9,88,17.2,4
2025-11-18 03:00:00,7302.5,Auvergne-Rhone-Alpes,3.3,88,18.3,19
2025-11-18 04:00:00,7582.5,Auvergne-Rhone-Alpes,2.8,88,18.2,20
2025-11-18 05:00:00,8011.0,Auvergne-Rhone-Alpes,2.2,89,18.1,22
2025-11-18 06:00:00,8688.5,Auvergne-Rhone-Alpes,1.7,89,17.0,21
2025-11-18 07:00:00,9246.0,Auvergne-Rhone-Alpes,1.4,90,16.4,27
2025-11-18 08:00:00,9394.5,Auvergne-Rhone-Alpes,1.2,90,14.5,23
2025-11-18 09:00:00,9380.0,Auvergne-Rhone-Alpes,1.1,90,13.0,18
2025-11-18 10:00:00,9248.0,Auvergne-Rhone-Alpes,2.0,86,13.3,13
2025-11-18 11:00:00,9066.0,Auvergne-Rhone-Alpes,3.0,81,14.1,2
2025-11-18 12:00:00,9155.5,Auvergne-Rhone-Alpes,4.2,77,13.8,2
2025-11-18 13:00:00,8729.5,Auvergne-Rhone-Alpes,5.2,73,13.0,3
2025-11-18 14:00:00,8474.0,Auvergne-Rhone-Alpes,5.7,66,13.8,86
2025-11-18 15:00:00,8306.5,Auvergne-Rhone-Alpes,5.9,64,12.1,95
2025-11-18 16:00:00,8473.0,Auvergne-Rhone-Alpes,6.1,62,10.7,80
2025-11-18 17:00:00,9249.0,Auvergne-Rhone-Alpes,5.7,63,9.8,95
2025-11-18 18:00:00,9588.5,Auvergne-Rhone-Alpes,4.6,71,7.9,14
2025-11-18 19:00:00,9469.5,Auvergne-Rhone-Alpes,3.6,76,7.6,1
2025-11-18 20:00:00,8968.0,Auvergne-Rhone-Alpes,2.5,82,4.7,0
2025-11-18 21:00:00,8696.0,Auvergne-Rhone-Alpes,1.8,84,5.4,0
2025-11-18 22:00:00,8941.0,Auvergne-Rhone-Alpes,0.8,89,4.2,0
2025-11-18 23:00:00,8601.0,Auvergne-Rhone-Alpes,0.2,92,4.1,1
2025-11-19 00:00:00,8325.0,Auvergne-Rhone-Alpes,-0.4,94,4.4,0
2025-11-19 01:00:00,8319.0,Auvergne-Rhone-Alpes,-0.9,95,3.9,0
2025-11-19 02:00:00,8258.5,Auvergne-Rhone-Alpes,-1.6,97,2.6,24
2025-11-19 03:00:00,8180.5,Auvergne-Rhone-Alpes,-1.8,100,0.3,100
2025-11-19 04:00:00,8232.5,Auvergne-Rhone-Alpes,-2.0,100,2.5,100
2025-11-19 05:00:00,8717.0,Auvergne-Rhone-Alpes,-1.9,99,3.5,100
2025-11-19 06:00:00,9360.0,Auvergne-Rhone-Alpes,-2.0,99,2.0,100
2025-11-19 07:00:00,9854.0,Auvergne-Rhone-Alpes,-2.0,99,0.3,100
2025-11-19 08:00:00,10107.0,Auvergne-Rhone-Alpes,-2.0,99,2.3,100
2025-11-19 09:00:00,9905.5,Auvergne-Rhone-Alpes,-2.0,100,3.0,100
2025-11-19 10:00:00,9750.5,Auvergne-Rhone-Alpes,-1.3,98,2.7,100
2025-11-19 11:00:00,9744.5,Auvergne-Rhone-Alpes,-0.6,97,3.1,100
2025-11-19 12:00:00,9558.0,Auvergne-Rhone-Alpes,0.5,93,5.5,100
2025-11-19 13:00:00,9220.0,Auvergne-Rhone-Alpes,1.5,88,6.9,100
2025-11-19 14:00:00,8966.0,Auvergne-Rhone-Alpes,2.0,87,8.7,100
2025-11-19 15:00:00,8864.0,Auvergne-Rhone-Alpes,3.2,81,7.6,100
2025-11-19 16:00:00,8927.5,Auvergne-Rhone-Alpes,3.7,77,8.6,100
2025-11-19 17:00:00,9639.5,Auvergne-Rhone-Alpes,3.5,77,6.9,99
2025-11-19 18:00:00,9919.5,Auvergne-Rhone-Alpes,2.8,84,6.1,76
2025-11-19 19:00:00,9598.5,Auvergne-Rhone-Alpes,2.2,87,5.2,100
2025-11-19 20:00:00,9093.0,Auvergne-Rhone-Alpes,2.8,90,3.4,100
2025-11-19 21:00:00,8791.0,Auvergne-Rhone-Alpes,2.9,94,0.4,100
2025-11-19 22:00:00,8786.0,Auvergne-Rhone-Alpes,2.8,94,0.7,100
2025-11-19 23:00:00,8603.5,Auvergne-Rhone-Alpes,3.0,97,1.9,100
2025-11-20 00:00:00,8270.0,Auvergne-Rhone-Alpes,3.1,99,2.3,100
2025-11-20 01:00:00,8253.5,Auvergne-Rhone-Alpes,3.3,92,3.8,88
2025-11-20 02:00:00,8126.5,Auvergne-Rhone-Alpes,3.8,86,13.2,34
2025-11-20 03:00:00,7965.0,Auvergne-Rhone-Alpes,3.5,87,11.0,72
2025-11-20 04:00:00,8019.0,Auvergne-Rhone-Alpes,3.2,88,8.5,100
2025-11-20 05:00:00,8463.0,Auvergne-Rhone-Alpes,3.5,88,13.5,100
2025-11-20 06:00:00,9038.0,Auvergne-Rhone-Alpes,3.1,90,13.9,80
2025-11-20 07:00:00,9616.0,Auvergne-Rhone-Alpes,2.8,91,11.3,95
2025-11-20 08:00:00,9932.5,Auvergne-Rhone-Alpes,1.3,94,5.3,55
2025-11-20 09:00:00,9929.0,Auvergne-Rhone-Alpes,2.0,93,8.5,37
2025-11-20 10:00:00,9756.0,Auvergne-Rhone-Alpes,2.7,90,12.5,30
2025-11-20 11:00:00,9786.0,Auvergne-Rhone-Alpes,3.2,82,14.8,59
2025-11-20 12:00:00,9774.0,Auvergne-Rhone-Alpes,3.8,77,15.8,42
2025-11-20 13:00:00,9565.0,Auvergne-Rhone-Alpes,4.1,70,15.7,13
2025-11-20 14:00:00,9383.0,Auvergne-Rhone-Alpes,4.6,61,16.6,21
2025-11-20 15:00:00,9223.5,Auvergne-Rhone-Alpes,4.2,62,17.8,20
2025-11-20 16:00:00,9492.0,Auvergne-Rhone-Alpes,4.0,62,15.2,20
2025-11-20 17:00:00,10056.0,Auvergne-Rhone-Alpes,3.5,61,14.0,13
2025-11-20 18:00:00,10393.5,Auvergne-Rhone-Alpes,2.4,68,9.9,16
2025-11-20 19:00:00,10068.5,Auvergne-Rhone-Alpes,1.5,74,8.9,2
2025-11-20 20:00:00,9635.5,Auvergne-Rhone-Alpes,0.7,80,8.3,4
2025-11-20 21:00:00,9564.5,Auvergne-Rhone-Alpes,0.6,81,7.1,3
2025-11-20 22:00:00,9529.5,Auvergne-Rhone-Alpes,0.2,81,6.9,0
2025-11-20 23:00:00,9284.5,Auvergne-Rhone-Alpes,-0.2,83,8.3,0
2025-11-21 00:00:00,9044.5,Auvergne-Rhone-Alpes,-0.6,83,7.8,0
2025-11-21 01:00:00,9025.5,Auvergne-Rhone-Alpes,-0.9,84,6.9,0
2025-11-21 02:00:00,8866.0,Auvergne-Rhone-Alpes,-0.9,88,6.1,34
2025-11-21 03:00:00,8802.0,Auvergne-Rhone-Alpes,-0.4,88,10.1,56
2025-11-21 04:00:00,8896.5,Auvergne-Rhone-Alpes,-0.6,88,12.1,32
2025-11-21 05:00:00,9112.5,Auvergne-Rhone-Alpes,-0.6,85,13.6,37
2025-11-21 06:00:00,9881.0,Auvergne-Rhone-Alpes,-0.6,80,14.1,50
2025-11-21 07:00:00,10351.0,Auvergne-Rhone-Alpes,-0.7,77,15.2,99
2025-11-21 08:00:00,10734.5,Auvergne-Rhone-Alpes,-0.2,86,16.3,92
2025-11-21 09:00:00,10838.5,Auvergne-Rhone-Alpes,-0.4,87,15.7,70
2025-11-21 10:00:00,10722.5,Auvergne-Rhone-Alpes,0.3,84,16.4,49
2025-11-21 11:00:00,10654.5,Auvergne-Rhone-Alpes,0.9,79,20.4,28
2025-11-21 12:00:00,10513.5,Auvergne-Rhone-Alpes,1.6,74,24.3,58
2025-11-21 13:00:00,10245.0,Auvergne-Rhone-Alpes,2.0,71,24.5,99
2025-11-21 14:00:00,10112.0,Auvergne-Rhone-Alpes,2.3,72,24.0,42
2025-11-21 15:00:00,9979.0,Auvergne-Rhone-Alpes,2.9,64,25.1,81
2025-11-21 16:00:00,10099.0,Auvergne-Rhone-Alpes,2.5,69,22.7,55
2025-11-21 17:00:00,10347.5,Auvergne-Rhone-Alpes,2.1,72,22.6,67
2025-11-21 18:00:00,10613.0,Auvergne-Rhone-Alpes,1.5,81,19.6,100
2025-11-21 19:00:00,10180.5,Auvergne-Rhone-Alpes,1.1,82,17.6,94
2025-11-21 20:00:00,9814.5,Auvergne-Rhone-Alpes,1.4,79,18.2,34
2025-11-21 21:00:00,9517.5,Auvergne-Rhone-Alpes,1.0,79,18.0,61
2025-11-21 22:00:00,9759.5,Auvergne-Rhone-Alpes,0.8,78,18.4,41
2025-11-21 23:00:00,9543.5,Auvergne-Rhone-Alpes,0.2,80,18.5,32
2025-11-22 00:00:00,9239.5,Auvergne-Rhone-Alpes,-0.2,82,17.7,78
2025-11-22 01:00:00,9182.5,Auvergne-Rhone-Alpes,-0.2,82,17.0,14
2025-11-22 02:00:00,8977.5,Auvergne-Rhone-Alpes,0.4,81,18.9,55
2025-11-22 03:00:00,8805.5,Auvergne-Rhone-Alpes,0.2,77,18.8,73
2025-11-22 04:00:00,8762.5,Auvergne-Rhone-Alpes,-0.1,76,19.2,28
2025-11-22 05:00:00,8734.5,Auvergne-Rhone-Alpes,-0.5,79,19.2,16
2025-11-22 06:00:00,8856.5,Auvergne-Rhone-Alpes,-0.9,82,19.2,16
2025-11-22 07:00:00,9222.0,Auvergne-Rhone-Alpes,-1.5,84,17.2,1
2025-11-22 08:00:00,9541.0,Auvergne-Rhone-Alpes,-1.9,85,15.5,3
2025-11-22 09:00:00,9744.5,Auvergne-Rhone-Alpes,-2.2,86,14.7,27
2025-11-22 10:00:00,9797.0,Auvergne-Rhone-Alpes,-1.5,81,15.9,13
2025-11-22 11:00:00,9937.5,Auvergne-Rhone-Alpes,-0.6,75,17.5,10
2025-11-22 12:00:00,9771.0,Auvergne-Rhone-Alpes,0.5,71,15.8,0
2025-11-22 13:00:00,9133.5,Auvergne-Rhone-Alpes,1.6,67,14.9,0
2025-11-22 14:00:00,8638.5,Auvergne-Rhone-Alpes,2.2,66,15.2,21
2025-11-22 15:00:00,8555.5,Auvergne-Rhone-Alpes,2.5,63,14.8,4
2025-11-22 16:00:00,8963.5,Auvergne-Rhone-Alpes,2.6,60,15.0,0
2025-11-22 17:00:00,9572.5,Auvergne-Rhone-Alpes,2.3,61,12.5,0
2025-11-22 18:00:00,9985.0,Auvergne-Rhone-Alpes,0.9,67,8.4,0
2025-11-22 19:00:00,9722.5,Auvergne-Rhone-Alpes,-0.3,75,6.6,0
2025-11-22 20:00:00,9415.0,Auvergne-Rhone-Alpes,-1.5,82,4.1,16
2025-11-22 21:00:00,9393.0,Auvergne-Rhone-Alpes,-2.0,84,3.9,12
2025-11-22 22:00:00,9707.5,Auvergne-Rhone-Alpes,-2.5,86,4.2,30
2025-11-22 23:00:00,9476.5,Auvergne-Rhone-Alpes,-3.0,88,3.8,13
2025-11-23 00:00:00,9220.5,Auvergne-Rhone-Alpes,-3.5,90,1.8,96
2025-11-23 01:00:00,9165.0,Auvergne-Rhone-Alpes,-3.5,94,1.0,88
2025-11-23 02:00:00,9062.0,Auvergne-Rhone-Alpes,-3.5,98,5.2,100
2025-11-23 03:00:00,8809.0,Auvergne-Rhone-Alpes,-3.4,98,4.5,100
2025-11-23 04:00:00,8832.0,Auvergne-Rhone-Alpes,-3.8,98,4.6,100
2025-11-23 05:00:00,8760.0,Auvergne-Rhone-Alpes,-3.8,98,5.5,100
2025-11-23 06:00:00,8685.5,Auvergne-Rhone-Alpes,-2.7,91,5.6,92
2025-11-23 07:00:00,8652.5,Auvergne-Rhone-Alpes,-2.3,88,6.5,100
2025-11-23 08:00:00,8929.0,Auvergne-Rhone-Alpes,-2.0,91,6.6,100
2025-11-23 09:00:00,9133.0,Auvergne-Rhone-Alpes,-2.0,89,6.4,100
2025-11-23 10:00:00,9254.5,Auvergne-Rhone-Alpes,-1.4,84,5.8,100
2025-11-23 11:00:00,9420.0,Auvergne-Rhone-Alpes,-0.2,76,5.7,100
2025-11-23 12:00:00,9279.0,Auvergne-Rhone-Alpes,0.4,71,7.3,100
2025-11-23 13:00:00,8688.5,Auvergne-Rhone-Alpes,1.9,59,7.1,100
2025-11-23 14:00:00,8543.0,Auvergne-Rhone-Alpes,1.6,65,8.9,99
2025-11-23 15:00:00,8497.0,Auvergne-Rhone-Alpes,4.0,46,9.4,100
2025-11-23 16:00:00,8633.5,Auvergne-Rhone-Alpes,4.6,44,9.1,100
2025-11-23 17:00:00,9003.5,Auvergne-Rhone-Alpes,4.2,45,14.2,100
2025-11-23 18:00:00,9340.0,Auvergne-Rhone-Alpes,3.4,54,16.3,100
2025-11-23 19:00:00,9097.5,Auvergne-Rhone-Alpes,2.4,75,20.3,100
2025-11-23 20:00:00,8729.0,Auvergne-Rhone-Alpes,2.0,86,21.9,100
2025-11-23 21:00:00,8580.5,Auvergne-Rhone-Alpes,2.7,83,23.9,100
2025-11-23 22:00:00,8656.0,Auvergne-Rhone-Alpes,2.9,86,25.1,100
2025-11-23 23:00:00,8332.5,Auvergne-Rhone-Alpes,3.0,91,26.2,100
2025-11-24 00:00:00,7963.5,Auvergne-Rhone-Alpes,3.5,93,25.8,100
2025-11-24 01:00:00,7962.0,Auvergne-Rhone-Alpes,4.0,95,27.2,100
2025-11-24 02:00:00,7726.0,Auvergne-Rhone-Alpes,4.2,98,27.0,100
2025-11-24 03:00:00,7574.0,Auvergne-Rhone-Alpes,4.8,97,28.5,100
2025-11-24 04:00:00,7738.0,Auvergne-Rhone-Alpes,5.1,97,28.2,100
2025-11-24 05:00:00,8040.0,Auvergne-Rhone-Alpes,5.3,97,27.7,100
2025-11-24 06:00:00,8721.0,Auvergne-Rhone-Alpes,5.6,97,28.0,100
2025-11-24 07:00:00,9256.5,Auvergne-Rhone-Alpes,5.9,97,28.6,100
2025-11-24 08:00:00,9584.5,Auvergne-Rhone-Alpes,7.4,95,27.8,100
2025-11-24 09:00:00,9619.0,Auvergne-Rhone-Alpes,7.5,94,27.4,100
2025-11-24 10:00:00,9686.0,Auvergne-Rhone-Alpes,7.8,93,26.9,100
2025-11-24 11:00:00,9758.5,Auvergne-Rhone-Alpes,8.4,91,27.7,94
2025-11-24 12:00:00,9812.0,Auvergne-Rhone-Alpes,8.6,88,26.3,98
2025-11-24 13:00:00,9564.5,Auvergne-Rhone-Alpes,9.4,89,19.6,100
2025-11-24 14:00:00,9418.5,Auvergne-Rhone-Alpes,9.0,95,23.9,100
2025-11-24 15:00:00,9244.0,Auvergne-Rhone-Alpes,8.9,96,24.1,100
2025-11-24 16:00:00,9244.5,Auvergne-Rhone-Alpes,9.1,96,23.2,100
2025-11-24 17:00:00,9462.0,Auvergne-Rhone-Alpes,9.0,96,7.8,100
2025-11-24 18:00:00,9803.0,Auvergne-Rhone-Alpes,8.3,95,1.3,100
2025-11-24 19:00:00,9381.5,Auvergne-Rhone-Alpes,7.7,96,1.9,72
2025-11-24 20:00:00,8926.5,Auvergne-Rhone-Alpes,6.5,95,2.4,100
2025-11-24 21:00:00,8699.0,Auvergne-Rhone-Alpes,7.0,96,3.5,100
2025-11-24 22:00:00,8906.0,Auvergne-Rhone-Alpes,6.8,96,0.9,64
2025-11-24 23:00:00,8532.5,Auvergne-Rhone-Alpes,5.8,97,2.7,3
2025-11-25 00:00:00,8117.0,Auvergne-Rhone-Alpes,4.2,100,5.9,88
2025-11-25 01:00:00,8148.0,Auvergne-Rhone-Alpes,4.1,98,6.8,95
2025-11-25 02:00:00,8043.0,Auvergne-Rhone-Alpes,4.4,96,9.0,100
2025-11-25 03:00:00,7880.5,Auvergne-Rhone-Alpes,5.2,90,13.8,75
2025-11-25 04:00:00,7964.5,Auvergne-Rhone-Alpes,4.9,91,13.6,81
2025-11-25 05:00:00,8478.0,Auvergne-Rhone-Alpes,4.9,88,10.7,81
2025-11-25 06:00:00,8985.5,Auvergne-Rhone-Alpes,5.4,86,10.1,94
2025-11-25 07:00:00,9590.5,Auvergne-Rhone-Alpes,6.0,84,10.8,64
2025-11-25 08:00:00,9747.0,Auvergne-Rhone-Alpes,5.3,88,12.9,59
2025-11-25 09:00:00,9807.0,Auvergne-Rhone-Alpes,5.2,87,12.5,38
2025-11-25 10:00:00,9822.5,Auvergne-Rhone-Alpes,5.5,84,13.9,32
2025-11-25 11:00:00,9873.5,Auvergne-Rhone-Alpes,6.2,81,11.8,49
2025-11-25 12:00:00,9846.0,Auvergne-Rhone-Alpes,6.8,77,16.8,77
2025-11-25 13:00:00,9680.5,Auvergne-Rhone-Alpes,6.8,78,17.1,90
2025-11-25 14:00:00,9537.5,Auvergne-Rhone-Alpes,6.7,77,18.6,87
2025-11-25 15:00:00,9459.5,Auvergne-Rhone-Alpes,6.9,74,18.9,98
2025-11-25 16:00:00,9424.0,Auvergne-Rhone-Alpes,6.9,74,18.5,73
2025-11-25 17:00:00,9797.5,Auvergne-Rhone-Alpes,6.2,74,16.3,100
2025-11-25 18:00:00,10122.5,Auvergne-Rhone-Alpes,5.7,77,15.5,99
2025-11-25 19:00:00,9871.0,Auvergne-Rhone-Alpes,5.2,81,17.0,100
2025-11-25 20:00:00,9342.5,Auvergne-Rhone-Alpes,4.9,86,13.8,100
2025-11-25 21:00:00,9146.5,Auvergne-Rhone-Alpes,5.0,89,17.9,98
2025-11-25 22:00:00,9234.0,Auvergne-Rhone-Alpes,4.8,90,16.2,57
2025-11-25 23:00:00,8864.5,Auvergne-Rhone-Alpes,4.4,89,15.6,45
2025-11-26 00:00:00,8458.5,Auvergne-Rhone-Alpes,3.9,88,11.6,51
2025-11-26 01:00:00,8417.0,Auvergne-Rhone-Alpes,3.8,89,14.1,56
2025-11-26 02:00:00,8330.5,Auvergne-Rhone-Alpes,3.3,93,15.6,80
2025-11-26 03:00:00,8105.5,Auvergne-Rhone-Alpes,3.9,91,18.3,98
2025-11-26 04:00:00,8355.0,Auvergne-Rhone-Alpes,4.2,87,18.9,32
2025-11-26 05:00:00,8558.0,Auvergne-Rhone-Alpes,3.5,88,16.7,98
2025-11-26 06:00:00,9113.5,Auvergne-Rhone-Alpes,3.8,85,17.2,100
2025-11-26 07:00:00,9761.5,Auvergne-Rhone-Alpes,3.8,86,17.0,98
2025-11-26 08:00:00,10165.0,Auvergne-Rhone-Alpes,3.5,87,16.7,87
2025-11-26 09:00:00,10153.5,Auvergne-Rhone-Alpes,3.7,86,18.0,41
2025-11-26 10:00:00,10283.0,Auvergne-Rhone-Alpes,3.8,84,16.7,48
2025-11-26 11:00:00,10235.0,Auvergne-Rhone-Alpes,4.3,79,19.0,71
2025-11-26 12:00:00,10202.0,Auvergne-Rhone-Alpes,4.8,75,20.2,52
2025-11-26 13:00:00,10046.5,Auvergne-Rhone-Alpes,5.3,72,20.3,98
2025-11-26 14:00:00,9900.0,Auvergne-Rhone-Alpes,5.9,66,22.4,83
2025-11-26 15:00:00,9752.5,Auvergne-Rhone-Alpes,5.3,75,18.5,62
2025-11-26 16:00:00,9784.5,Auvergne-Rhone-Alpes,5.5,70,18.4,38
2025-11-26 17:00:00,10164.5,Auvergne-Rhone-Alpes,4.9,76,16.0,75
2025-11-26 18:00:00,10496.5,Auvergne-Rhone-Alpes,4.2,81,12.3,34
2025-11-26 19:00:00,10112.0,Auvergne-Rhone-Alpes,3.5,85,11.5,93
2025-11-26 20:00:00,9695.5,Auvergne-Rhone-Alpes,3.0,88,11.8,2
2025-11-26 21:00:00,9293.5,Auvergne-Rhone-Alpes,2.8,89,11.6,5
2025-11-26 22:00:00,9390.5,Auvergne-Rhone-Alpes,2.6,90,10.7,8
2025-11-26 23:00:00,9065.0,Auvergne-Rhone-Alpes,2.2,91,10.3,18
2025-11-27 00:00:00,8831.0,Auvergne-Rhone-Alpes,2.0,92,9.2,4
2025-11-27 01:00:00,8812.0,Auvergne-Rhone-Alpes,2.0,92,9.4,96
2025-11-27 02:00:00,8681.5,Auvergne-Rhone-Alpes,2.8,87,10.2,67
2025-11-27 03:00:00,8454.0,Auvergne-Rhone-Alpes,2.2,88,9.7,67
2025-11-27 04:00:00,8603.0,Auvergne-Rhone-Alpes,2.1,89,10.7,86
2025-11-27 05:00:00,8924.5,Auvergne-Rhone-Alpes,2.2,89,10.2,95
2025-11-27 06:00:00,9718.0,Auvergne-Rhone-Alpes,2.1,91,11.1,100
2025-11-27 07:00:00,10258.5,Auvergne-Rhone-Alpes,1.8,92,11.6,54
2025-11-27 08:00:00,10431.5,Auvergne-Rhone-Alpes,1.8,94,12.7,100
2025-11-27 09:00:00,10377.5,Auvergne-Rhone-Alpes,1.9,94,13.0,100
2025-11-27 10:00:00,10218.5,Auvergne-Rhone-Alpes,2.3,93,13.9,100
2025-11-27 11:00:00,10010.5,Auvergne-Rhone-Alpes,3.0,91,15.2,98
2025-11-27 12:00:00,9939.0,Auvergne-Rhone-Alpes,3.5,86,15.7,98
2025-11-27 13:00:00,9526.5,Auvergne-Rhone-Alpes,4.1,80,15.6,53
2025-11-27 14:00:00,9294.0,Auvergne-Rhone-Alpes,4.9,73,14.3,66
2025-11-27 15:00:00,9216.0,Auvergne-Rhone-Alpes,5.4,66,14.5,74
2025-11-27 16:00:00,9453.5,Auvergne-Rhone-Alpes,5.4,66,14.0,81
2025-11-27 17:00:00,9999.5,Auvergne-Rhone-Alpes,4.9,69,10.9,70
2025-11-27 18:00:00,10444.5,Auvergne-Rhone-Alpes,3.9,74,8.3,99
2025-11-27 19:00:00,10224.0,Auvergne-Rhone-Alpes,2.7,81,6.3,99
2025-11-27 20:00:00,9817.5,Auvergne-Rhone-Alpes,2.2,88,6.0,91
2025-11-27 21:00:00,9577.0,Auvergne-Rhone-Alpes,1.6,90,6.5,55
2025-11-27 22:00:00,9773.5,Auvergne-Rhone-Alpes,0.7,91,6.7,48
2025-11-27 23:00:00,9445.0,Auvergne-Rhone-Alpes,-0.1,93,6.0,7
2025-11-28 00:00:00,9126.5,Auvergne-Rhone-Alpes,-0.6,93,5.2,9
2025-11-28 01:00:00,9153.0,Auvergne-Rhone-Alpes,-0.9,95,4.0,90
2025-11-28 02:00:00,8942.5,Auvergne-Rhone-Alpes,0.0,94,1.8,100
2025-11-28 03:00:00,8852.5,Auvergne-Rhone-Alpes,0.8,92,1.7,100
2025-11-28 04:00:00,8970.5,Auvergne-Rhone-Alpes,1.2,93,1.6,100
2025-11-28 05:00:00,9158.0,Auvergne-Rhone-Alpes,1.6,90,2.4,100
2025-11-28 06:00:00,9889.0,Auvergne-Rhone-Alpes,1.9,89,1.4,100
2025-11-28 07:00:00,10396.5,Auvergne-Rhone-Alpes,2.0,89,0.9,100
2025-11-28 08:00:00,10636.5,Auvergne-Rhone-Alpes,1.0,95,3.9,100
2025-11-28 09:00:00,10506.0,Auvergne-Rhone-Alpes,0.7,98,3.8,100
2025-11-28 10:00:00,10309.0,Auvergne-Rhone-Alpes,0.8,97,3.6,100
2025-11-28 11:00:00,10010.5,Auvergne-Rhone-Alpes,1.2,96,3.4,100
2025-11-28 12:00:00,9882.5,Auvergne-Rhone-Alpes,1.6,95,3.5,100
2025-11-28 13:00:00,9533.0,Auvergne-Rhone-Alpes,2.4,93,3.6,100
2025-11-28 14:00:00,9277.5,Auvergne-Rhone-Alpes,3.3,90,4.1,100
2025-11-28 15:00:00,9113.5,Auvergne-Rhone-Alpes,3.8,88,3.3,100
2025-11-28 16:00:00,9184.0,Auvergne-Rhone-Alpes,4.0,87,2.9,100
2025-11-28 17:00:00,9639.5,Auvergne-Rhone-Alpes,4.3,87,2.7,100
2025-11-28 18:00:00,9920.0,Auvergne-Rhone-Alpes,4.3,89,3.0,100
2025-11-28 19:00:00,9550.5,Auvergne-Rhone-Alpes,4.0,92,2.3,100
2025-11-28 20:00:00,9214.0,Auvergne-Rhone-Alpes,4.3,94,3.6,100
2025-11-28 21:00:00,8923.0,Auvergne-Rhone-Alpes,4.4,94,5.0,100
2025-11-28 22:00:00,9086.0,Auvergne-Rhone-Alpes,4.2,94,4.0,100
2025-11-28 23:00:00,8693.5,Auvergne-Rhone-Alpes,4.2,94,4.2,100
2025-11-29 00:00:00,8297.5,Auvergne-Rhone-Alpes,4.1,94,3.6,57
2025-11-29 01:00:00,8200.0,Auvergne-Rhone-Alpes,3.3,94,4.3,90
2025-11-29 02:00:00,8006.5,Auvergne-Rhone-Alpes,3.8,92,6.2,100
2025-11-29 03:00:00,7848.0,Auvergne-Rhone-Alpes,3.8,93,4.7,100
2025-11-29 04:00:00,7814.0,Auvergne-Rhone-Alpes,3.8,94,5.0,100
2025-11-29 05:00:00,7825.0,Auvergne-Rhone-Alpes,3.8,97,5.6,100
2025-11-29 06:00:00,7895.0,Auvergne-Rhone-Alpes,4.1,97,5.5,100
2025-11-29 07:00:00,8142.5,Auvergne-Rhone-Alpes,4.1,96,4.1,100
2025-11-29 08:00:00,8437.5,Auvergne-Rhone-Alpes,4.0,95,4.1,100
2025-11-29 09:00:00,8648.0,Auvergne-Rhone-Alpes,4.2,94,3.1,100
2025-11-29 10:00:00,8553.0,Auvergne-Rhone-Alpes,4.6,93,4.5,100
2025-11-29 11:00:00,8519.5,Auvergne-Rhone-Alpes,5.3,90,6.4,94
2025-11-29 12:00:00,8485.5,Auvergne-Rhone-Alpes,7.2,84,3.9,9
2025-11-29 13:00:00,7917.0,Auvergne-Rhone-Alpes,8.8,78,3.3,7
2025-11-29 14:00:00,7609.5,Auvergne-Rhone-Alpes,9.2,78,4.3,53
2025-11-29 15:00:00,7488.5,Auvergne-Rhone-Alpes,10.1,77,3.7,11
2025-11-29 16:00:00,7591.5,Auvergne-Rhone-Alpes,10.2,78,4.5,91
2025-11-29 17:00:00,8070.5,Auvergne-Rhone-Alpes,9.6,83,4.2,88
2025-11-29 18:00:00,8371.5,Auvergne-Rhone-Alpes,7.8,88,5.1,95
2025-11-29 19:00:00,8230.5,Auvergne-Rhone-Alpes,6.8,90,5.0,100
2025-11-29 20:00:00,8002.0,Auvergne-Rhone-Alpes,6.2,92,4.6,100
2025-11-29 21:00:00,7761.5,Auvergne-Rhone-Alpes,6.2,93,5.6,100
2025-11-29 22:00:00,8122.5,Auvergne-Rhone-Alpes,5.6,95,7.0,100
2025-11-29 23:00:00,7912.5,Auvergne-Rhone-Alpes,5.6,95,7.8,100
2025-11-30 00:00:00,7676.0,Auvergne-Rhone-Alpes,5.6,94,8.2,100
2025-11-30 01:00:00,7586.5,Auvergne-Rhone-Alpes,5.7,95,8.7,100
2025-11-30 02:00:00,7369.0,Auvergne-Rhone-Alpes,5.7,96,9.3,100
2025-11-30 03:00:00,7196.0,Auvergne-Rhone-Alpes,5.6,95,6.1,100
2025-11-30 04:00:00,7100.0,Auvergne-Rhone-Alpes,5.6,93,5.2,100
2025-11-30 05:00:00,7162.0,Auvergne-Rhone-Alpes,5.5,91,4.7,100
2025-11-30 06:00:00,7169.0,Auvergne-Rhone-Alpes,5.8,86,7.1,100
2025-11-30 07:00:00,7206.5,Auvergne-Rhone-Alpes,5.7,86,6.5,97
2025-11-30 08:00:00,7649.5,Auvergne-Rhone-Alpes,4.5,93,2.1,100
2025-11-30 09:00:00,7981.0,Auvergne-Rhone-Alpes,4.8,93,0.2,100
2025-11-30 10:00:00,8209.0,Auvergne-Rhone-Alpes,5.6,91,4.0,100
2025-11-30 11:00:00,8469.0,Auvergne-Rhone-Alpes,7.0,90,4.1,100
2025-11-30 12:00:00,8502.5,Auvergne-Rhone-Alpes,8.1,89,1.5,100
2025-11-30 13:00:00,8090.5,Auvergne-Rhone-Alpes,8.7,88,7.4,100
2025-11-30 14:00:00,7889.5,Auvergne-Rhone-Alpes,7.7,95,7.0,100
2025-11-30 15:00:00,7899.5,Auvergne-Rhone-Alpes,7.8,92,14.7,100
2025-11-30 16:00:00,7770.0,Auvergne-Rhone-Alpes,6.8,94,12.8,100
2025-11-30 17:00:00,8406.0,Auvergne-Rhone-Alpes,6.4,93,9.3,100
2025-11-30 18:00:00,8744.0,Auvergne-Rhone-Alpes,6.0,95,5.0,100
2025-11-30 19:00:00,8695.5,Auvergne-Rhone-Alpes,5.7,96,3.1,95
2025-11-30 20:00:00,8318.5,Auvergne-Rhone-Alpes,5.7,93,0.9,65
2025-11-30 21:00:00,8051.5,Auvergne-Rhone-Alpes,5.6,95,2.5,100
2025-11-30 22:00:00,8321.0,Auvergne-Rhone-Alpes,5.6,95,6.9,100
2025-11-30 23:00:00,8027.5,Auvergne-Rhone-Alpes,5.6,93,10.6,97
2025-12-01 00:00:00,7767.0,Auvergne-Rhone-Alpes,5.3,94,12.9,73
2025-12-01 01:00:00,7720.0,Auvergne-Rhone-Alpes,4.6,94,10.7,59
2025-12-01 02:00:00,7711.5,Auvergne-Rhone-Alpes,4.4,93,10.7,53
2025-12-01 03:00:00,7478.5,Auvergne-Rhone-Alpes,4.3,93,10.8,40
2025-12-01 04:00:00,7714.5,Auvergne-Rhone-Alpes,4.2,93,11.2,100
2025-12-01 05:00:00,8172.5,Auvergne-Rhone-Alpes,4.2,94,11.2,100
2025-12-01 06:00:00,8966.5,Auvergne-Rhone-Alpes,4.2,93,12.2,100
2025-12-01 07:00:00,9552.0,Auvergne-Rhone-Alpes,4.2,92,13.9,100
2025-12-01 08:00:00,9889.5,Auvergne-Rhone-Alpes,4.2,91,11.8,100
2025-12-01 09:00:00,9873.5,Auvergne-Rhone-Alpes,4.2,90,11.1,100
2025-12-01 10:00:00,9613.5,Auvergne-Rhone-Alpes,4.0,90,10.5,100
2025-12-01 11:00:00,9576.0,Auvergne-Rhone-Alpes,4.4,86,8.7,100
2025-12-01 12:00:00,9409.0,Auvergne-Rhone-Alpes,5.1,82,5.3,100
2025-12-01 13:00:00,9191.5,Auvergne-Rhone-Alpes,5.4,80,3.1,91
2025-12-01 14:00:00,8849.5,Auvergne-Rhone-Alpes,5.9,77,2.4,95
2025-12-01 15:00:00,8900.5,Auvergne-Rhone-Alpes,6.4,76,2.0,65
2025-12-01 16:00:00,8998.0,Auvergne-Rhone-Alpes,6.6,75,3.4,100
2025-12-01 17:00:00,9685.0,Auvergne-Rhone-Alpes,6.4,76,5.4,77
2025-12-01 18:00:00,10124.0,Auvergne-Rhone-Alpes,5.3,83,5.3,86
2025-12-01 19:00:00,9721.0,Auvergne-Rhone-Alpes,4.1,87,5.2,95
2025-12-01 20:00:00,9352.5,Auvergne-Rhone-Alpes,3.7,89,7.6,87
2025-12-01 21:00:00,8976.0,Auvergne-Rhone-Alpes,3.0,91,7.1,63
2025-12-01 22:00:00,9277.5,Auvergne-Rhone-Alpes,2.4,94,8.7,100
2025-12-01 23:00:00,8998.0,Auvergne-Rhone-Alpes,2.0,95,9.7,100
2025-12-02 00:00:00,8640.0,Auvergne-Rhone-Alpes,1.9,95,10.7,100
2025-12-02 01:00:00,8591.5,Auvergne-Rhone-Alpes,2.1,93,11.5,94
2025-12-02 02:00:00,8380.5,Auvergne-Rhone-Alpes,2.2,93,11.8,100
2025-12-02 03:00:00,8242.5,Auvergne-Rhone-Alpes,2.2,91,11.3,100
2025-12-02 04:00:00,8246.0,Auvergne-Rhone-Alpes,2.5,90,11.3,100
2025-12-02 05:00:00,8594.5,Auvergne-Rhone-Alpes,3.5,89,10.3,100
2025-12-02 06:00:00,9287.0,Auvergne-Rhone-Alpes,4.5,87,11.5,100
2025-12-02 07:00:00,9656.5,Auvergne-Rhone-Alpes,5.5,86,11.6,100
2025-12-02 08:00:00,9843.0,Auvergne-Rhone-Alpes,5.9,88,11.1,100
2025-12-02 09:00:00,9791.5,Auvergne-Rhone-Alpes,6.2,87,11.7,100
2025-12-02 10:00:00,9899.0,Auvergne-Rhone-Alpes,6.7,84,11.6,100
2025-12-02 11:00:00,9774.5,Auvergne-Rhone-Alpes,7.5,81,11.8,100
2025-12-02 12:00:00,9648.0,Auvergne-Rhone-Alpes,8.7,77,12.6,100
2025-12-02 13:00:00,9453.0,Auvergne-Rhone-Alpes,9.4,73,14.2,100
2025-12-02 14:00:00,9281.0,Auvergne-Rhone-Alpes,9.9,74,13.4,100
2025-12-02 15:00:00,9094.5,Auvergne-Rhone-Alpes,10.2,76,11.6,100
2025-12-02 16:00:00,9283.0,Auvergne-Rhone-Alpes,10.1,79,11.8,100
2025-12-02 17:00:00,9515.5,Auvergne-Rhone-Alpes,9.8,77,13.3,100
2025-12-02 18:00:00,9792.5,Auvergne-Rhone-Alpes,8.9,81,11.8,100
2025-12-02 19:00:00,9431.0,Auvergne-Rhone-Alpes,8.1,85,9.7,98
2025-12-02 20:00:00,9052.0,Auvergne-Rhone-Alpes,8.1,85,8.9,100
2025-12-02 21:00:00,8655.0,Auvergne-Rhone-Alpes,7.6,87,6.8,100
2025-12-02 22:00:00,8711.0,Auvergne-Rhone-Alpes,7.5,87,7.1,100
2025-12-02 23:00:00,8528.0,Auvergne-Rhone-Alpes,7.4,87,7.7,100
2025-12-03 00:00:00,8091.5,Auvergne-Rhone-Alpes,7.2,87,8.7,100
2025-12-03 01:00:00,8087.5,Auvergne-Rhone-Alpes,7.0,87,6.2,100
2025-12-03 02:00:00,7904.5,Auvergne-Rhone-Alpes,6.8,90,6.5,100
2025-12-03 03:00:00,7731.0,Auvergne-Rhone-Alpes,6.4,95,4.7,100
2025-12-03 04:00:00,7896.5,Auvergne-Rhone-Alpes,6.1,96,3.2,100
2025-12-03 05:00:00,8270.5,Auvergne-Rhone-Alpes,6.1,95,3.1,100
2025-12-03 06:00:00,8896.0,Auvergne-Rhone-Alpes,6.2,92,1.0,100
2025-12-03 07:00:00,9553.0,Auvergne-Rhone-Alpes,6.1,94,2.1,100
2025-12-03 08:00:00,9866.5,Auvergne-Rhone-Alpes,6.6,89,1.1,100
2025-12-03 09:00:00,9905.0,Auvergne-Rhone-Alpes,6.4,92,3.1,100
2025-12-03 10:00:00,10071.5,Auvergne-Rhone-Alpes,6.2,95,7.2,100
2025-12-03 11:00:00,10003.5,Auvergne-Rhone-Alpes,5.9,95,7.6,100
2025-12-03 12:00:00,9884.5,Auvergne-Rhone-Alpes,5.9,95,6.1,100
2025-12-03 13:00:00,9649.5,Auvergne-Rhone-Alpes,5.8,94,5.6,100
2025-12-03 14:00:00,9554.5,Auvergne-Rhone-Alpes,6.4,87,4.9,100
2025-12-03 15:00:00,9542.0,Auvergne-Rhone-Alpes,6.9,86,3.5,100
2025-12-03 16:00:00,9440.5,Auvergne-Rhone-Alpes,6.9,84,1.8,100
2025-12-03 17:00:00,9776.0,Auvergne-Rhone-Alpes,6.9,84,2.2,100
2025-12-03 18:00:00,10005.5,Auvergne-Rhone-Alpes,5.8,92,2.7,100
2025-12-03 19:00:00,9738.5,Auvergne-Rhone-Alpes,5.9,92,2.7,100
2025-12-03 20:00:00,9167.0,Auvergne-Rhone-Alpes,5.8,96,1.7,100
2025-12-03 21:00:00,8781.5,Auvergne-Rhone-Alpes,5.4,96,0.9,99
2025-12-03 22:00:00,8979.5,Auvergne-Rhone-Alpes,4.2,98,2.4,100
2025-12-03 23:00:00,8723.5,Auvergne-Rhone-Alpes,3.8,99,1.4,100
2025-12-04 00:00:00,8346.5,Auvergne-Rhone-Alpes,3.0,100,1.2,100
2025-12-04 01:00:00,8304.0,Auvergne-Rhone-Alpes,2.5,100,1.5,100
2025-12-04 02:00:00,8202.0,Auvergne-Rhone-Alpes,3.8,99,2.1,100
2025-12-04 03:00:00,8009.5,Auvergne-Rhone-Alpes,3.2,100,1.0,100
2025-12-04 04:00:00,8166.0,Auvergne-Rhone-Alpes,2.2,100,1.6,100
2025-12-04 05:00:00,8567.0,Auvergne-Rhone-Alpes,2.2,100,1.8,100
2025-12-04 06:00:00,9364.0,Auvergne-Rhone-Alpes,2.2,100,2.2,100
2025-12-04 07:00:00,9809.5,Auvergne-Rhone-Alpes,2.3,99,2.9,100
2025-12-04 08:00:00,10018.0,Auvergne-Rhone-Alpes,2.2,99,5.2,100
2025-12-04 09:00:00,9955.0,Auvergne-Rhone-Alpes,2.1,100,6.6,100
2025-12-04 10:00:00,9862.5,Auvergne-Rhone-Alpes,2.4,100,8.2,100
2025-12-04 11:00:00,9776.5,Auvergne-Rhone-Alpes,2.9,99,8.9,100
2025-12-04 12:00:00,9772.5,Auvergne-Rhone-Alpes,3.7,97,11.6,100
2025-12-04 13:00:00,9515.0,Auvergne-Rhone-Alpes,4.7,94,11.6,100
2025-12-04 14:00:00,9415.0,Auvergne-Rhone-Alpes,5.1,90,11.1,100
2025-12-04 15:00:00,9365.0,Auvergne-Rhone-Alpes,5.5,88,9.2,100
2025-12-04 16:00:00,9449.0,Auvergne-Rhone-Alpes,5.8,88,6.3,100
2025-12-04 17:00:00,9745.5,Auvergne-Rhone-Alpes,5.5,93,5.8,100
2025-12-04 18:00:00,9976.0,Auvergne-Rhone-Alpes,5.2,94,6.3,100
2025-12-04 19:00:00,9627.5,Auvergne-Rhone-Alpes,5.3,93,6.9,100
2025-12-04 20:00:00,9224.0,Auvergne-Rhone-Alpes,5.1,95,4.2,100
2025-12-04 21:00:00,9048.5,Auvergne-Rhone-Alpes,4.7,97,4.2,100
2025-12-04 22:00:00,9127.5,Auvergne-Rhone-Alpes,3.8,97,2.7,90
2025-12-04 23:00:00,8813.5,Auvergne-Rhone-Alpes,3.7,98,0.6,16
2025-12-05 00:00:00,8491.5,Auvergne-Rhone-Alpes,3.0,99,1.1,19
2025-12-05 01:00:00,8474.5,Auvergne-Rhone-Alpes,2.5,100,1.6,27
2025-12-05 02:00:00,8328.0,Auvergne-Rhone-Alpes,2.8,100,1.6,100
2025-12-05 03:00:00,8196.0,Auvergne-Rhone-Alpes,3.5,99,2.7,100
2025-12-05 04:00:00,8272.5,Auvergne-Rhone-Alpes,3.5,98,2.4,85
2025-12-05 05:00:00,8527.5,Auvergne-Rhone-Alpes,2.6,98,4.0,62
2025-12-05 06:00:00,9204.0,Auvergne-Rhone-Alpes,1.8,98,2.9,52
2025-12-05 07:00:00,9774.0,Auvergne-Rhone-Alpes,0.9,99,3.7,70
2025-12-05 08:00:00,9948.5,Auvergne-Rhone-Alpes,1.5,98,5.2,100
2025-12-05 09:00:00,9990.5,Auvergne-Rhone-Alpes,2.0,98,6.6,96
2025-12-05 10:00:00,9945.5,Auvergne-Rhone-Alpes,1.8,99,6.5,100
2025-12-05 11:00:00,9843.5,Auvergne-Rhone-Alpes,3.3,97,6.4,100
2025-12-05 12:00:00,9744.5,Auvergne-Rhone-Alpes,5.1,94,6.2,91
2025-12-05 13:00:00,9464.5,Auvergne-Rhone-Alpes,6.3,83,11.9,84
2025-12-05 14:00:00,9184.5,Auvergne-Rhone-Alpes,6.6,81,10.3,100
2025-12-05 15:00:00,9148.0,Auvergne-Rhone-Alpes,6.8,79,7.6,100
2025-12-05 16:00:00,9237.0,Auvergne-Rhone-Alpes,7.1,76,5.3,100
2025-12-05 17:00:00,9445.5,Auvergne-Rhone-Alpes,6.8,79,2.7,20
2025-12-05 18:00:00,9756.0,Auvergne-Rhone-Alpes,5.1,83,1.6,35
2025-12-05 19:00:00,9466.5,Auvergne-Rhone-Alpes,4.6,84,0.3,52
2025-12-05 20:00:00,9128.5,Auvergne-Rhone-Alpes,3.8,89,2.3,88
2025-12-05 21:00:00,8940.0,Auvergne-Rhone-Alpes,3.5,91,3.4,95
2025-12-05 22:00:00,9079.0,Auvergne-Rhone-Alpes,3.2,92,4.6,69
2025-12-05 23:00:00,8942.5,Auvergne-Rhone-Alpes,2.9,95,7.0,81
2025-12-06 00:00:00,8570.5,Auvergne-Rhone-Alpes,3.0,94,9.7,62
2025-12-06 01:00:00,8421.0,Auvergne-Rhone-Alpes,2.8,93,11.2,98
2025-12-06 02:00:00,8119.0,Auvergne-Rhone-Alpes,3.8,90,10.8,100
2025-12-06 03:00:00,7727.5,Auvergne-Rhone-Alpes,3.3,93,11.8,100
2025-12-06 04:00:00,7705.0,Auvergne-Rhone-Alpes,3.2,94,12.4,100
2025-12-06 05:00:00,7756.0,Auvergne-Rhone-Alpes,3.8,91,14.7,98
2025-12-06 06:00:00,7774.5,Auvergne-Rhone-Alpes,3.8,87,15.8,100
2025-12-06 07:00:00,7999.5,Auvergne-Rhone-Alpes,3.8,86,16.7,98
2025-12-06 08:00:00,8295.0,Auvergne-Rhone-Alpes,3.8,91,15.0,100
2025-12-06 09:00:00,8572.0,Auvergne-Rhone-Alpes,3.7,87,14.6,97
2025-12-06 10:00:00,8692.0,Auvergne-Rhone-Alpes,4.2,85,11.8,99
2025-12-06 11:00:00,8754.5,Auvergne-Rhone-Alpes,5.9,80,10.9,100
2025-12-06 12:00:00,8692.0,Auvergne-Rhone-Alpes,7.4,75,12.2,100
2025-12-06 13:00:00,8309.0,Auvergne-Rhone-Alpes,8.4,74,11.9,100
2025-12-06 14:00:00,8049.0,Auvergne-Rhone-Alpes,8.8,76,8.7,100
2025-12-06 15:00:00,7851.0,Auvergne-Rhone-Alpes,9.6,77,7.5,100
2025-12-06 16:00:00,7885.0,Auvergne-Rhone-Alpes,9.8,77,9.5,100
2025-12-06 17:00:00,8289.0,Auvergne-Rhone-Alpes,9.6,79,10.2,100
2025-12-06 18:00:00,8424.0,Auvergne-Rhone-Alpes,9.2,80,12.3,100
2025-12-06 19:00:00,8349.0,Auvergne-Rhone-Alpes,8.6,82,11.5,100
2025-12-06 20:00:00,7975.5,Auvergne-Rhone-Alpes,7.7,92,9.0,100
2025-12-06 21:00:00,7791.5,Auvergne-Rhone-Alpes,8.6,89,11.2,100
2025-12-06 22:00:00,8123.5,Auvergne-Rhone-Alpes,8.5,89,9.5,100
2025-12-06 23:00:00,7855.0,Auvergne-Rhone-Alpes,8.2,90,8.6,100
2025-12-07 00:00:00,7523.0,Auvergne-Rhone-Alpes,8.1,90,8.4,100
2025-12-07 01:00:00,7457.0,Auvergne-Rhone-Alpes,7.8,91,9.3,100
2025-12-07 02:00:00,7183.0,Auvergne-Rhone-Alpes,7.3,96,8.3,100
2025-12-07 03:00:00,6968.0,Auvergne-Rhone-Alpes,7.2,96,7.0,100
2025-12-07 04:00:00,6913.0,Auvergne-Rhone-Alpes,6.1,96,4.9,100
2025-12-07 05:00:00,6920.5,Auvergne-Rhone-Alpes,6.6,97,8.5,100
2025-12-07 06:00:00,7085.5,Auvergne-Rhone-Alpes,6.8,95,7.7,100
2025-12-07 07:00:00,7209.5,Auvergne-Rhone-Alpes,6.8,95,8.7,100
2025-12-07 08:00:00,7568.5,Auvergne-Rhone-Alpes,6.3,96,9.4,100
2025-12-07 09:00:00,7889.5,Auvergne-Rhone-Alpes,7.2,95,10.7,100
2025-12-07 10:00:00,8158.5,Auvergne-Rhone-Alpes,7.7,93,12.6,100
2025-12-07 11:00:00,8305.0,Auvergne-Rhone-Alpes,8.2,91,10.5,100
2025-12-07 12:00:00,8283.5,Auvergne-Rhone-Alpes,8.1,94,10.5,100
2025-12-07 13:00:00,8027.5,Auvergne-Rhone-Alpes,8.6,91,10.8,99
2025-12-07 14:00:00,7690.0,Auvergne-Rhone-Alpes,9.4,90,10.4,100
2025-12-07 15:00:00,7572.0,Auvergne-Rhone-Alpes,9.9,87,12.4,100
2025-12-07 16:00:00,7619.5,Auvergne-Rhone-Alpes,10.4,86,10.4,100
2025-12-07 17:00:00,7986.5,Auvergne-Rhone-Alpes,10.6,85,8.7,100
2025-12-07 18:00:00,8244.0,Auvergne-Rhone-Alpes,10.1,84,9.5,100
2025-12-07 19:00:00,8151.0,Auvergne-Rhone-Alpes,9.8,85,9.3,100
2025-12-07 20:00:00,7815.0,Auvergne-Rhone-Alpes,9.2,93,7.7,97
2025-12-07 21:00:00,7558.5,Auvergne-Rhone-Alpes,8.9,94,8.8,100
2025-12-07 22:00:00,7643.0,Auvergne-Rhone-Alpes,8.9,94,7.5,100
2025-12-07 23:00:00,7489.0,Auvergne-Rhone-Alpes,8.8,94,7.5,92
2025-12-08 00:00:00,7056.0,Auvergne-Rhone-Alpes,9.1,93,9.5,100
2025-12-08 01:00:00,7055.0,Auvergne-Rhone-Alpes,9.4,92,9.4,100
2025-12-08 02:00:00,6911.5,Auvergne-Rhone-Alpes,9.2,94,6.5,95
2025-12-08 03:00:00,6773.0,Auvergne-Rhone-Alpes,8.9,94,4.4,100
2025-12-08 04:00:00,7019.0,Auvergne-Rhone-Alpes,9.2,94,3.9,100
2025-12-08 05:00:00,7460.5,Auvergne-Rhone-Alpes,9.2,94,3.4,100
2025-12-08 06:00:00,8094.0,Auvergne-Rhone-Alpes,9.1,95,5.7,96
2025-12-08 07:00:00,8715.5,Auvergne-Rhone-Alpes,7.3,98,3.2,7
2025-12-08 08:00:00,8904.5,Auvergne-Rhone-Alpes,7.8,98,4.8,41
2025-12-08 09:00:00,8886.5,Auvergne-Rhone-Alpes,6.6,100,2.7,95
2025-12-08 10:00:00,8671.0,Auvergne-Rhone-Alpes,7.2,100,3.3,95
2025-12-08 11:00:00,8611.5,Auvergne-Rhone-Alpes,9.3,97,5.5,99
2025-12-08 12:00:00,8482.0,Auvergne-Rhone-Alpes,11.6,91,3.2,100
2025-12-08 13:00:00,8192.5,Auvergne-Rhone-Alpes,13.4,87,1.4,100
2025-12-08 14:00:00,8043.0,Auvergne-Rhone-Alpes,13.9,82,2.0,100
2025-12-08 15:00:00,7823.0,Auvergne-Rhone-Alpes,14.8,79,1.7,100
2025-12-08 16:00:00,8044.5,Auvergne-Rhone-Alpes,14.8,79,3.0,100
2025-12-08 17:00:00,8440.0,Auvergne-Rhone-Alpes,13.5,87,2.4,100
2025-12-08 18:00:00,8834.5,Auvergne-Rhone-Alpes,11.9,89,0.6,100
2025-12-08 19:00:00,8636.5,Auvergne-Rhone-Alpes,10.9,93,0.8,100
2025-12-08 20:00:00,8234.0,Auvergne-Rhone-Alpes,10.4,95,0.7,100
2025-12-08 21:00:00,7880.0,Auvergne-Rhone-Alpes,9.4,97,5.5,100
2025-12-08 22:00:00,8131.5,Auvergne-Rhone-Alpes,8.8,96,7.9,48
2025-12-08 23:00:00,7769.0,Auvergne-Rhone-Alpes,8.0,97,9.2,0
2025-12-09 00:00:00,7492.5,Auvergne-Rhone-Alpes,8.3,96,12.2,0
2025-12-09 01:00:00,7425.5,Auvergne-Rhone-Alpes,8.1,95,13.0,0
2025-12-09 02:00:00,7200.5,Auvergne-Rhone-Alpes,7.9,96,14.4,2
2025-12-09 03:00:00,7089.0,Auvergne-Rhone-Alpes,8.2,95,14.8,6
2025-12-09 04:00:00,7273.0,Auvergne-Rhone-Alpes,8.5,95,15.2,10
2025-12-09 05:00:00,7693.0,Auvergne-Rhone-Alpes,8.4,97,15.1,31
2025-12-09 06:00:00,8361.0,Auvergne-Rhone-Alpes,8.8,98,16.1,61
2025-12-09 07:00:00,8968.0,Auvergne-Rhone-Alpes,9.0,98,16.4,54
2025-12-09 08:00:00,9188.0,Auvergne-Rhone-Alpes,8.9,96,16.7,24
2025-12-09 09:00:00,8875.5,Auvergne-Rhone-Alpes,8.8,97,17.1,32
2025-12-09 10:00:00,8642.5,Auvergne-Rhone-Alpes,9.4,95,17.5,8
2025-12-09 11:00:00,8559.0,Auvergne-Rhone-Alpes,10.8,89,17.9,14
2025-12-09 12:00:00,8368.0,Auvergne-Rhone-Alpes,12.2,82,15.7,7
2025-12-09 13:00:00,8076.5,Auvergne-Rhone-Alpes,13.1,80,12.3,8
2025-12-09 14:00:00,7993.5,Auvergne-Rhone-Alpes,14.0,79,16.0,14
2025-12-09 15:00:00,7969.5,Auvergne-Rhone-Alpes,14.2,74,16.5,7
2025-12-09 16:00:00,8054.5,Auvergne-Rhone-Alpes,13.9,73,17.7,31
2025-12-09 17:00:00,8534.0,Auvergne-Rhone-Alpes,13.2,72,18.9,21
2025-12-09 18:00:00,8859.5,Auvergne-Rhone-Alpes,12.3,75,16.6,20
2025-12-09 19:00:00,8633.5,Auvergne-Rhone-Alpes,11.6,80,17.3,32
2025-12-09 20:00:00,8145.5,Auvergne-Rhone-Alpes,11.3,80,17.0,6
2025-12-09 21:00:00,7806.0,Auvergne-Rhone-Alpes,10.9,82,17.5,9
2025-12-09 22:00:00,8022.5,Auvergne-Rhone-Alpes,10.6,83,16.0,18
2025-12-09 23:00:00,7760.0,Auvergne-Rhone-Alpes,10.2,83,12.9,22
2025-12-10 00:00:00,7303.5,Auvergne-Rhone-Alpes,9.9,85,11.2,47
2025-12-10 01:00:00,7240.5,Auvergne-Rhone-Alpes,9.9,88,11.4,59
2025-12-10 02:00:00,7110.0,Auvergne-Rhone-Alpes,10.3,89,13.0,48
2025-12-10 03:00:00,6942.5,Auvergne-Rhone-Alpes,10.4,87,12.0,37
2025-12-10 04:00:00,7071.5,Auvergne-Rhone-Alpes,10.4,87,11.7,42
2025-12-10 05:00:00,7549.5,Auvergne-Rhone-Alpes,10.1,88,11.3,100
2025-12-10 06:00:00,8101.5,Auvergne-Rhone-Alpes,10.1,89,11.4,70
2025-12-10 07:00:00,8515.0,Auvergne-Rhone-Alpes,9.6,91,10.9,98
2025-12-10 08:00:00,8821.0,Auvergne-Rhone-Alpes,9.4,93,9.6,83
2025-12-10 09:00:00,8769.5,Auvergne-Rhone-Alpes,9.9,92,9.2,23
2025-12-10 10:00:00,8648.5,Auvergne-Rhone-Alpes,9.6,92,9.7,90
2025-12-10 11:00:00,8712.5,Auvergne-Rhone-Alpes,10.6,89,9.1,97
2025-12-10 12:00:00,8617.5,Auvergne-Rhone-Alpes,11.7,84,9.3,100
2025-12-10 13:00:00,8471.5,Auvergne-Rhone-Alpes,13.0,78,8.3,52
2025-12-10 14:00:00,8350.0,Auvergne-Rhone-Alpes,13.5,77,9.9,100
2025-12-10 15:00:00,8328.5,Auvergne-Rhone-Alpes,14.1,76,10.8,88
2025-12-10 16:00:00,8321.0,Auvergne-Rhone-Alpes,13.9,78,11.5,100
2025-12-10 17:00:00,8697.5,Auvergne-Rhone-Alpes,13.6,79,11.0,100
2025-12-10 18:00:00,8911.5,Auvergne-Rhone-Alpes,13.0,81,10.1,50
2025-12-10 19:00:00,8547.5,Auvergne-Rhone-Alpes,11.6,86,7.3,56
2025-12-10 20:00:00,8126.5,Auvergne-Rhone-Alpes,10.9,89,1.5,98
2025-12-10 21:00:00,7874.5,Auvergne-Rhone-Alpes,10.8,92,7.1,80
2025-12-10 22:00:00,8011.5,Auvergne-Rhone-Alpes,9.8,96,1.8,88
2025-12-10 23:00:00,7704.0,Auvergne-Rhone-Alpes,9.4,96,0.4,100
2025-12-11 00:00:00,7366.5,Auvergne-Rhone-Alpes,9.3,97,0.7,98
2025-12-11 01:00:00,7289.0,Auvergne-Rhone-Alpes,9.3,97,0.8,89
2025-12-11 02:00:00,7086.0,Auvergne-Rhone-Alpes,9.1,93,0.3,100
2025-12-11 03:00:00,6961.0,Auvergne-Rhone-Alpes,8.3,96,3.3,98
2025-12-11 04:00:00,7068.5,Auvergne-Rhone-Alpes,8.2,96,1.0,100
2025-12-11 05:00:00,7526.5,Auvergne-Rhone-Alpes,7.2,99,2.5,100
2025-12-11 06:00:00,8262.0,Auvergne-Rhone-Alpes,7.2,99,3.1,100
2025-12-11 07:00:00,8706.5,Auvergne-Rhone-Alpes,6.8,100,0.5,100
2025-12-11 08:00:00,8887.5,Auvergne-Rhone-Alpes,7.0,100,2.7,100
2025-12-11 09:00:00,8798.0,Auvergne-Rhone-Alpes,7.1,100,2.9,100
2025-12-11 10:00:00,8827.5,Auvergne-Rhone-Alpes,7.2,100,3.1,100
2025-12-11 11:00:00,8857.5,Auvergne-Rhone-Alpes,7.9,98,3.7,100
2025-12-11 12:00:00,8693.5,Auvergne-Rhone-Alpes,8.4,97,5.9,100
2025-12-11 13:00:00,8468.5,Auvergne-Rhone-Alpes,9.1,94,6.0,88
2025-12-11 14:00:00,8272.0,Auvergne-Rhone-Alpes,10.1,89,6.3,100
2025-12-11 15:00:00,8214.0,Auvergne-Rhone-Alpes,10.7,88,7.8,95
2025-12-11 16:00:00,8337.5,Auvergne-Rhone-Alpes,11.2,85,7.2,34
2025-12-11 17:00:00,8700.0,Auvergne-Rhone-Alpes,11.0,84,5.6,88
2025-12-11 18:00:00,9012.5,Auvergne-Rhone-Alpes,9.7,86,5.8,100
2025-12-11 19:00:00,8674.0,Auvergne-Rhone-Alpes,8.9,88,5.9,99
2025-12-11 20:00:00,8324.5,Auvergne-Rhone-Alpes,8.5,92,7.4,97
2025-12-11 21:00:00,8058.5,Auvergne-Rhone-Alpes,8.0,95,7.9,98
2025-12-11 22:00:00,8189.5,Auvergne-Rhone-Alpes,7.4,97,7.6,100
2025-12-11 23:00:00,7903.0,Auvergne-Rhone-Alpes,7.1,98,6.3,98
2025-12-12 00:00:00,7633.0,Auvergne-Rhone-Alpes,6.6,99,6.5,94
2025-12-12 01:00:00,7591.5,Auvergne-Rhone-Alpes,6.7,98,7.3,98
2025-12-12 02:00:00,7458.0,Auvergne-Rhone-Alpes,6.9,99,8.5,81
2025-12-12 03:00:00,7305.5,Auvergne-Rhone-Alpes,6.6,100,7.2,71
2025-12-12 04:00:00,7446.0,Auvergne-Rhone-Alpes,6.9,99,9.3,71
2025-12-12 05:00:00,7953.0,Auvergne-Rhone-Alpes,6.9,99,9.6,66
2025-12-12 06:00:00,8628.0,Auvergne-Rhone-Alpes,6.9,100,8.5,85
2025-12-12 07:00:00,9056.5,Auvergne-Rhone-Alpes,6.6,100,9.1,98
2025-12-12 08:00:00,9273.0,Auvergne-Rhone-Alpes,6.2,100,10.8,100
2025-12-12 09:00:00,9136.0,Auvergne-Rhone-Alpes,5.9,100,10.8,100
2025-12-12 10:00:00,8880.0,Auvergne-Rhone-Alpes,6.4,100,11.4,100
2025-12-12 11:00:00,8720.0,Auvergne-Rhone-Alpes,7.8,99,11.5,99
2025-12-12 12:00:00,8550.0,Auvergne-Rhone-Alpes,9.7,92,13.8,99
2025-12-12 13:00:00,8124.0,Auvergne-Rhone-Alpes,11.0,87,15.6,77
2025-12-12 14:00:00,7951.0,Auvergne-Rhone-Alpes,11.9,80,11.0,4
2025-12-12 15:00:00,7836.0,Auvergne-Rhone-Alpes,12.2,78,9.5,1
2025-12-12 16:00:00,8064.0,Auvergne-Rhone-Alpes,12.4,76,11.1,0
2025-12-12 17:00:00,8511.0,Auvergne-Rhone-Alpes,11.8,78,9.6,0
2025-12-12 18:00:00,8646.5,Auvergne-Rhone-Alpes,10.4,83,8.8,0
2025-12-12 19:00:00,8483.5,Auvergne-Rhone-Alpes,9.4,86,8.7,0
2025-12-12 20:00:00,8158.0,Auvergne-Rhone-Alpes,8.7,87,8.0,1
2025-12-12 21:00:00,7986.0,Auvergne-Rhone-Alpes,8.0,89,6.1,0
2025-12-12 22:00:00,8221.0,Auvergne-Rhone-Alpes,7.4,91,5.8,0
2025-12-12 23:00:00,7929.5,Auvergne-Rhone-Alpes,6.8,93,5.9,0
2025-12-13 00:00:00,7606.5,Auvergne-Rhone-Alpes,6.2,95,5.2,0
2025-12-13 01:00:00,7478.0,Auvergne-Rhone-Alpes,5.7,97,4.9,0
2025-12-13 02:00:00,7354.0,Auvergne-Rhone-Alpes,5.2,99,3.5,0
2025-12-13 03:00:00,7194.0,Auvergne-Rhone-Alpes,4.2,100,1.6,98
2025-12-13 04:00:00,7228.0,Auvergne-Rhone-Alpes,3.7,100,1.3,98
2025-12-13 05:00:00,7379.5,Auvergne-Rhone-Alpes,3.3,100,1.0,100
2025-12-13 06:00:00,7561.5,Auvergne-Rhone-Alpes,3.5,100,1.1,100
2025-12-13 07:00:00,7858.5,Auvergne-Rhone-Alpes,3.8,100,2.6,100
2025-12-13 08:00:00,8207.0,Auvergne-Rhone-Alpes,3.5,100,5.1,100
2025-12-13 09:00:00,8311.5,Auvergne-Rhone-Alpes,3.0,100,2.3,100
2025-12-13 10:00:00,8307.5,Auvergne-Rhone-Alpes,3.7,100,1.0,100
2025-12-13 11:00:00,8507.0,Auvergne-Rhone-Alpes,4.3,99,0.4,100
2025-12-13 12:00:00,8369.5,Auvergne-Rhone-Alpes,5.1,97,1.4,100
2025-12-13 13:00:00,7905.5,Auvergne-Rhone-Alpes,6.1,92,0.2,63
2025-12-13 14:00:00,7475.5,Auvergne-Rhone-Alpes,6.2,96,3.4,100
2025-12-13 15:00:00,7490.5,Auvergne-Rhone-Alpes,7.0,94,4.9,100
2025-12-13 16:00:00,7422.0,Auvergne-Rhone-Alpes,7.3,93,4.9,100
2025-12-13 17:00:00,8172.0,Auvergne-Rhone-Alpes,7.3,93,4.5,100
2025-12-13 18:00:00,8389.5,Auvergne-Rhone-Alpes,6.7,95,3.9,100
2025-12-13 19:00:00,8294.0,Auvergne-Rhone-Alpes,6.1,97,5.6,100
2025-12-13 20:00:00,8014.5,Auvergne-Rhone-Alpes,5.7,98,4.3,100
2025-12-13 21:00:00,7858.5,Auvergne-Rhone-Alpes,5.2,99,5.4,100
2025-12-13 22:00:00,8089.0,Auvergne-Rhone-Alpes,4.8,99,5.6,100
2025-12-13 23:00:00,7918.0,Auvergne-Rhone-Alpes,4.5,100,5.5,100
2025-12-14 00:00:00,7598.5,Auvergne-Rhone-Alpes,4.3,100,4.9,100
2025-12-14 01:00:00,7590.5,Auvergne-Rhone-Alpes,4.2,100,3.9,100
2025-12-14 02:00:00,7372.0,Auvergne-Rhone-Alpes,4.2,100,1.4,100
2025-12-14 03:00:00,7172.5,Auvergne-Rhone-Alpes,4.0,100,3.9,100
2025-12-14 04:00:00,7143.0,Auvergne-Rhone-Alpes,3.7,100,4.2,100
2025-12-14 05:00:00,7187.0,Auvergne-Rhone-Alpes,3.7,100,3.5,100
2025-12-14 06:00:00,7236.0,Auvergne-Rhone-Alpes,3.7,100,2.7,100
2025-12-14 07:00:00,7377.0,Auvergne-Rhone-Alpes,3.6,99,3.1,100
2025-12-14 08:00:00,7767.5,Auvergne-Rhone-Alpes,3.6,99,2.6,100
2025-12-14 09:00:00,8100.5,Auvergne-Rhone-Alpes,3.6,100,1.1,100
2025-12-14 10:00:00,8384.0,Auvergne-Rhone-Alpes,3.7,100,1.9,100
2025-12-14 11:00:00,8666.0,Auvergne-Rhone-Alpes,4.0,98,3.1,100
2025-12-14 12:00:00,8496.5,Auvergne-Rhone-Alpes,4.2,97,5.3,100
2025-12-14 13:00:00,8027.0,Auvergne-Rhone-Alpes,4.6,94,6.4,100
2025-12-14 14:00:00,7725.5,Auvergne-Rhone-Alpes,4.8,91,8.5,100
2025-12-14 15:00:00,7641.0,Auvergne-Rhone-Alpes,5.7,87,8.9,100
2025-12-14 16:00:00,7704.0,Auvergne-Rhone-Alpes,6.4,83,7.7,48
2025-12-14 17:00:00,8416.0,Auvergne-Rhone-Alpes,6.6,85,6.1,45
2025-12-14 18:00:00,8796.5,Auvergne-Rhone-Alpes,5.4,89,6.8,21
2025-12-14 19:00:00,8775.0,Auvergne-Rhone-Alpes,4.9,91,8.0,6
2025-12-14 20:00:00,8388.0,Auvergne-Rhone-Alpes,4.4,94,7.9,2
2025-12-14 21:00:00,8129.5,Auvergne-Rhone-Alpes,3.8,95,7.4,5
2025-12-14 22:00:00,8266.5,Auvergne-Rhone-Alpes,3.8,95,9.4,9
2025-12-14 23:00:00,7986.0,Auvergne-Rhone-Alpes,4.3,94,10.2,6
2025-12-15 00:00:00,7719.0,Auvergne-Rhone-Alpes,4.6,94,9.5,3
2025-12-15 01:00:00,7702.0,Auvergne-Rhone-Alpes,4.2,94,6.4,1
2025-12-15 02:00:00,7579.5,Auvergne-Rhone-Alpes,4.7,97,8.9,25
2025-12-15 03:00:00,7476.5,Auvergne-Rhone-Alpes,3.7,98,6.7,39
2025-12-15 04:00:00,7629.5,Auvergne-Rhone-Alpes,3.9,98,7.3,14
2025-12-15 05:00:00,8122.0,Auvergne-Rhone-Alpes,4.3,98,9.6,63
2025-12-15 06:00:00,8815.5,Auvergne-Rhone-Alpes,4.5,97,11.5,48
2025-12-15 07:00:00,9340.5,Auvergne-Rhone-Alpes,4.6,96,11.8,13
2025-12-15 08:00:00,9635.5,Auvergne-Rhone-Alpes,4.1,96,11.3,71
2025-12-15 09:00:00,9594.5,Auvergne-Rhone-Alpes,4.1,95,11.1,70
2025-12-15 10:00:00,9331.0,Auvergne-Rhone-Alpes,4.7,93,10.7,83
2025-12-15 11:00:00,9290.0,Auvergne-Rhone-Alpes,6.1,90,11.7,40
2025-12-15 12:00:00,9162.0,Auvergne-Rhone-Alpes,8.4,85,13.1,88
2025-12-15 13:00:00,8872.0,Auvergne-Rhone-Alpes,10.9,79,12.7,16
2025-12-15 14:00:00,8726.0,Auvergne-Rhone-Alpes,13.3,65,12.6,50
2025-12-15 15:00:00,8686.0,Auvergne-Rhone-Alpes,13.1,68,10.7,78
2025-12-15 16:00:00,8717.0,Auvergne-Rhone-Alpes,13.2,64,16.9,93
2025-12-15 17:00:00,9132.0,Auvergne-Rhone-Alpes,12.4,68,15.2,90
2025-12-15 18:00:00,9353.5,Auvergne-Rhone-Alpes,11.6,69,16.3,99
2025-12-15 19:00:00,9081.0,Auvergne-Rhone-Alpes,11.0,71,15.6,100
2025-12-15 20:00:00,8557.5,Auvergne-Rhone-Alpes,11.3,72,14.0,93
2025-12-15 21:00:00,8262.0,Auvergne-Rhone-Alpes,10.1,79,11.3,84
2025-12-15 22:00:00,8311.5,Auvergne-Rhone-Alpes,8.1,85,11.5,70
2025-12-15 23:00:00,8029.5,Auvergne-Rhone-Alpes,6.9,86,10.2,69
2025-12-16 00:00:00,7722.5,Auvergne-Rhone-Alpes,6.6,84,10.1,98
2025-12-16 01:00:00,7664.5,Auvergne-Rhone-Alpes,6.8,80,7.6,99
2025-12-16 02:00:00,7525.5,Auvergne-Rhone-Alpes,7.0,83,8.9,100
2025-12-16 03:00:00,7322.5,Auvergne-Rhone-Alpes,7.2,77,9.1,100
2025-12-16 04:00:00,7469.0,Auvergne-Rhone-Alpes,6.2,76,8.0,100
2025-12-16 05:00:00,7895.0,Auvergne-Rhone-Alpes,6.1,76,8.6,100
2025-12-16 06:00:00,8529.0,Auvergne-Rhone-Alpes,7.0,75,9.6,100
2025-12-16 07:00:00,8977.0,Auvergne-Rhone-Alpes,6.8,82,10.5,100
2025-12-16 08:00:00,9310.0,Auvergne-Rhone-Alpes,6.4,89,9.6,100
2025-12-16 09:00:00,9283.0,Auvergne-Rhone-Alpes,6.1,93,5.6,100
2025-12-16 10:00:00,9244.5,Auvergne-Rhone-Alpes,6.1,93,10.3,100
2025-12-16 11:00:00,9250.5,Auvergne-Rhone-Alpes,6.8,92,8.9,100
2025-12-16 12:00:00,9186.5,Auvergne-Rhone-Alpes,7.2,94,8.3,100
2025-12-16 13:00:00,8893.0,Auvergne-Rhone-Alpes,8.9,91,7.6,100
2025-12-16 14:00:00,8685.0,Auvergne-Rhone-Alpes,9.6,84,10.1,100
2025-12-16 15:00:00,8486.0,Auvergne-Rhone-Alpes,10.2,77,11.0,100
2025-12-16 16:00:00,8583.5,Auvergne-Rhone-Alpes,10.8,74,6.9,100
2025-12-16 17:00:00,9042.0,Auvergne-Rhone-Alpes,10.0,76,6.4,98
2025-12-16 18:00:00,9308.5,Auvergne-Rhone-Alpes,8.6,80,6.0,99
2025-12-16 19:00:00,8956.5,Auvergne-Rhone-Alpes,7.6,84,4.9,87
2025-12-16 20:00:00,8557.5,Auvergne-Rhone-Alpes,7.7,88,5.0,96
2025-12-16 21:00:00,8205.0,Auvergne-Rhone-Alpes,7.2,90,5.0,100
2025-12-16 22:00:00,8362.0,Auvergne-Rhone-Alpes,6.4,92,4.5,100
2025-12-16 23:00:00,7987.5,Auvergne-Rhone-Alpes,5.4,93,3.7,88
2025-12-17 00:00:00,7769.0,Auvergne-Rhone-Alpes,5.1,94,4.1,12
2025-12-17 01:00:00,7739.5,Auvergne-Rhone-Alpes,4.6,95,4.0,15
2025-12-17 02:00:00,7536.5,Auvergne-Rhone-Alpes,4.4,95,3.0,16
2025-12-17 03:00:00,7403.0,Auvergne-Rhone-Alpes,3.5,95,2.3,31
2025-12-17 04:00:00,7544.5,Auvergne-Rhone-Alpes,3.5,94,1.9,13
2025-12-17 05:00:00,8020.0,Auvergne-Rhone-Alpes,3.2,95,1.9,14
2025-12-17 06:00:00,8492.0,Auvergne-Rhone-Alpes,2.8,97,3.3,29
2025-12-17 07:00:00,9106.0,Auvergne-Rhone-Alpes,2.7,99,1.7,57
2025-12-17 08:00:00,9544.0,Auvergne-Rhone-Alpes,3.3,99,0.0,100
2025-12-17 09:00:00,9311.5,Auvergne-Rhone-Alpes,2.8,99,1.3,100
2025-12-17 10:00:00,9310.5,Auvergne-Rhone-Alpes,3.8,97,3.1,100
2025-12-17 11:00:00,8966.5,Auvergne-Rhone-Alpes,4.4,99,2.9,100
2025-12-17 12:00:00,8822.0,Auvergne-Rhone-Alpes,5.7,96,2.2,100
2025-12-17 13:00:00,8512.0,Auvergne-Rhone-Alpes,6.9,96,2.4,98
2025-12-17 14:00:00,8344.0,Auvergne-Rhone-Alpes,8.1,94,0.6,54
2025-12-17 15:00:00,8241.0,Auvergne-Rhone-Alpes,9.9,89,2.0,41
2025-12-17 16:00:00,8364.0,Auvergne-Rhone-Alpes,10.1,89,2.9,16
2025-12-17 17:00:00,8918.5,Auvergne-Rhone-Alpes,9.6,91,2.9,7
2025-12-17 18:00:00,9134.5,Auvergne-Rhone-Alpes,7.5,96,1.7,5
2025-12-17 19:00:00,8978.5,Auvergne-Rhone-Alpes,6.8,98,1.5,5
2025-12-17 20:00:00,8538.0,Auvergne-Rhone-Alpes,6.5,99,1.7,4
2025-12-17 21:00:00,8237.5,Auvergne-Rhone-Alpes,5.7,100,4.0,100
2025-12-17 22:00:00,8434.5,Auvergne-Rhone-Alpes,4.8,100,3.6,100
2025-12-17 23:00:00,8159.0,Auvergne-Rhone-Alpes,4.2,100,2.7,100
2025-12-18 00:00:00,7869.0,Auvergne-Rhone-Alpes,4.1,100,4.6,100
2025-12-18 01:00:00,7808.0,Auvergne-Rhone-Alpes,4.3,100,6.9,100
2025-12-18 02:00:00,7686.5,Auvergne-Rhone-Alpes,4.8,99,8.5,100
2025-12-18 03:00:00,7556.5,Auvergne-Rhone-Alpes,5.2,97,8.1,98
2025-12-18 04:00:00,7719.0,Auvergne-Rhone-Alpes,5.6,98,8.8,100
2025-12-18 05:00:00,8132.0,Auvergne-Rhone-Alpes,6.1,99,10.9,100
2025-12-18 06:00:00,8636.5,Auvergne-Rhone-Alpes,6.3,99,10.8,91
2025-12-18 07:00:00,9074.5,Auvergne-Rhone-Alpes,6.1,99,12.0,98
2025-12-18 08:00:00,9259.0,Auvergne-Rhone-Alpes,6.3,98,13.6,98
2025-12-18 09:00:00,9183.0,Auvergne-Rhone-Alpes,6.7,98,12.4,79
2025-12-18 10:00:00,9020.5,Auvergne-Rhone-Alpes,7.0,98,12.6,66
2025-12-18 11:00:00,8853.0,Auvergne-Rhone-Alpes,8.5,95,13.5,68
2025-12-18 12:00:00,8535.5,Auvergne-Rhone-Alpes,10.3,89,16.0,54
2025-12-18 13:00:00,8346.0,Auvergne-Rhone-Alpes,11.6,82,11.5,33
2025-12-18 14:00:00,8110.5,Auvergne-Rhone-Alpes,12.4,78,15.4,82
2025-12-18 15:00:00,8173.0,Auvergne-Rhone-Alpes,12.8,76,17.5,55
2025-12-18 16:00:00,8221.5,Auvergne-Rhone-Alpes,12.7,77,14.9,22
2025-12-18 17:00:00,8582.0,Auvergne-Rhone-Alpes,12.4,72,20.0,39
2025-12-18 18:00:00,8892.0,Auvergne-Rhone-Alpes,11.6,72,19.6,7
2025-12-18 19:00:00,8615.5,Auvergne-Rhone-Alpes,11.2,77,20.9,38
2025-12-18 20:00:00,8217.5,Auvergne-Rhone-Alpes,11.7,72,21.5,6
2025-12-18 21:00:00,7909.5,Auvergne-Rhone-Alpes,11.6,74,20.5,29
2025-12-18 22:00:00,8042.5,Auvergne-Rhone-Alpes,11.6,75,21.6,97
2025-12-18 23:00:00,7724.5,Auvergne-Rhone-Alpes,11.4,75,21.6,88
2025-12-19 00:00:00,7397.0,Auvergne-Rhone-Alpes,11.3,73,20.2,41
2025-12-19 01:00:00,7218.0,Auvergne-Rhone-Alpes,11.2,73,18.6,83
2025-12-19 02:00:00,6948.5,Auvergne-Rhone-Alpes,11.9,72,18.7,100
2025-12-19 03:00:00,6750.0,Auvergne-Rhone-Alpes,11.9,73,18.1,100
2025-12-19 04:00:00,6852.0,Auvergne-Rhone-Alpes,11.6,73,17.4,100
2025-12-19 05:00:00,7250.0,Auvergne-Rhone-Alpes,11.4,73,17.6,99
2025-12-19 06:00:00,7946.5,Auvergne-Rhone-Alpes,11.3,73,15.5,97
2025-12-19 07:00:00,8390.5,Auvergne-Rhone-Alpes,11.2,74,14.0,100
2025-12-19 08:00:00,8539.0,Auvergne-Rhone-Alpes,11.9,72,11.8,100
2025-12-19 09:00:00,8628.0,Auvergne-Rhone-Alpes,11.4,75,10.8,100
2025-12-19 10:00:00,8603.5,Auvergne-Rhone-Alpes,11.4,77,10.5,100
2025-12-19 11:00:00,8516.0,Auvergne-Rhone-Alpes,12.1,76,9.5,77
2025-12-19 12:00:00,8461.5,Auvergne-Rhone-Alpes,13.1,73,10.5,93
2025-12-19 13:00:00,8218.5,Auvergne-Rhone-Alpes,13.4,73,9.6,89
2025-12-19 14:00:00,8097.5,Auvergne-Rhone-Alpes,11.6,85,7.1,88
2025-12-19 15:00:00,7913.0,Auvergne-Rhone-Alpes,12.0,88,6.1,97
2025-12-19 16:00:00,7867.0,Auvergne-Rhone-Alpes,11.4,90,10.9,100
2025-12-19 17:00:00,8356.0,Auvergne-Rhone-Alpes,10.8,86,9.5,100
2025-12-19 18:00:00,8350.5,Auvergne-Rhone-Alpes,10.4,85,11.4,100
2025-12-19 19:00:00,8170.0,Auvergne-Rhone-Alpes,9.6,94,7.6,97
2025-12-19 20:00:00,7838.0,Auvergne-Rhone-Alpes,9.6,95,9.3,100
2025-12-19 21:00:00,7507.0,Auvergne-Rhone-Alpes,9.4,97,9.2,100
2025-12-19 22:00:00,7644.5,Auvergne-Rhone-Alpes,9.4,97,7.6,100
2025-12-19 23:00:00,7384.5,Auvergne-Rhone-Alpes,9.2,96,6.5,100
2025-12-20 00:00:00,7000.0,Auvergne-Rhone-Alpes,9.1,96,6.0,100
2025-12-20 01:00:00,6944.0,Auvergne-Rhone-Alpes,9.1,95,6.0,100
2025-12-20 02:00:00,6599.0,Auvergne-Rhone-Alpes,8.9,95,2.1,100
2025-12-20 03:00:00,6418.5,Auvergne-Rhone-Alpes,8.7,96,5.8,100
2025-12-20 04:00:00,6372.5,Auvergne-Rhone-Alpes,8.7,97,3.7,100
2025-12-20 05:00:00,6490.0,Auvergne-Rhone-Alpes,8.6,97,2.7,100
2025-12-20 06:00:00,6655.0,Auvergne-Rhone-Alpes,8.5,96,5.0,100
2025-12-20 07:00:00,6963.0,Auvergne-Rhone-Alpes,8.8,97,6.4,100
2025-12-20 08:00:00,7328.0,Auvergne-Rhone-Alpes,9.6,97,9.7,100
2025-12-20 09:00:00,7601.0,Auvergne-Rhone-Alpes,9.6,97,11.8,100
2025-12-20 10:00:00,7771.0,Auvergne-Rhone-Alpes,9.9,96,14.1,100
2025-12-20 11:00:00,7889.0,Auvergne-Rhone-Alpes,10.2,95,14.4,100
2025-12-20 12:00:00,8078.5,Auvergne-Rhone-Alpes,10.9,91,16.6,100
2025-12-20 13:00:00,7555.0,Auvergne-Rhone-Alpes,11.6,88,14.4,99
2025-12-20 14:00:00,7291.0,Auvergne-Rhone-Alpes,12.9,81,14.3,100
2025-12-20 15:00:00,7181.0,Auvergne-Rhone-Alpes,12.9,79,15.0,100
2025-12-20 16:00:00,7169.0,Auvergne-Rhone-Alpes,12.9,78,14.9,100
2025-12-20 17:00:00,7593.0,Auvergne-Rhone-Alpes,12.6,78,12.7,99
2025-12-20 18:00:00,7833.5,Auvergne-Rhone-Alpes,12.1,81,11.3,100
2025-12-20 19:00:00,7540.5,Auvergne-Rhone-Alpes,11.7,83,11.5,100
2025-12-20 20:00:00,7237.5,Auvergne-Rhone-Alpes,11.4,89,12.6,100
2025-12-20 21:00:00,7098.5,Auvergne-Rhone-Alpes,11.2,90,12.4,100
2025-12-20 22:00:00,7298.5,Auvergne-Rhone-Alpes,10.9,93,12.9,100
2025-12-20 23:00:00,7126.0,Auvergne-Rhone-Alpes,10.8,93,12.1,100
2025-12-21 00:00:00,6850.0,Auvergne-Rhone-Alpes,10.5,92,10.3,100
2025-12-21 01:00:00,6685.0,Auvergne-Rhone-Alpes,10.2,92,9.1,100
2025-12-21 02:00:00,6506.0,Auvergne-Rhone-Alpes,10.1,93,11.3,100
2025-12-21 03:00:00,6329.5,Auvergne-Rhone-Alpes,10.1,92,9.8,100
2025-12-21 04:00:00,6256.5,Auvergne-Rhone-Alpes,9.7,92,8.3,100
2025-12-21 05:00:00,6329.5,Auvergne-Rhone-Alpes,9.4,91,6.4,100
2025-12-21 06:00:00,6399.0,Auvergne-Rhone-Alpes,8.4,93,5.6,100
2025-12-21 07:00:00,6646.5,Auvergne-Rhone-Alpes,7.7,94,5.0,100
2025-12-21 08:00:00,7012.5,Auvergne-Rhone-Alpes,7.8,91,6.6,98
2025-12-21 09:00:00,7360.0,Auvergne-Rhone-Alpes,7.2,91,6.0,88
2025-12-21 10:00:00,7583.0,Auvergne-Rhone-Alpes,7.2,90,4.3,99
2025-12-21 11:00:00,7702.5,Auvergne-Rhone-Alpes,8.2,87,5.5,99
2025-12-21 12:00:00,7706.5,Auvergne-Rhone-Alpes,8.9,84,5.4,100
2025-12-21 13:00:00,7315.5,Auvergne-Rhone-Alpes,9.9,80,4.6,100
2025-12-21 14:00:00,7154.5,Auvergne-Rhone-Alpes,10.9,79,6.3,100
2025-12-21 15:00:00,7037.5,Auvergne-Rhone-Alpes,11.5,77,6.9,100
2025-12-21 16:00:00,7076.0,Auvergne-Rhone-Alpes,11.4,78,7.2,100
2025-12-21 17:00:00,7497.0,Auvergne-Rhone-Alpes,10.9,78,7.6,100
2025-12-21 18:00:00,7734.0,Auvergne-Rhone-Alpes,10.1,81,4.2,100
2025-12-21 19:00:00,7717.0,Auvergne-Rhone-Alpes,9.8,83,4.5,100
2025-12-21 20:00:00,7383.5,Auvergne-Rhone-Alpes,9.7,83,5.9,100
2025-12-21 21:00:00,7177.0,Auvergne-Rhone-Alpes,9.6,82,4.6,100
2025-12-21 22:00:00,7419.0,Auvergne-Rhone-Alpes,9.1,83,6.8,100
2025-12-21 23:00:00,7086.0,Auvergne-Rhone-Alpes,8.9,86,7.3,99
2025-12-22 00:00:00,6794.5,Auvergne-Rhone-Alpes,8.8,90,7.9,100
2025-12-22 01:00:00,6769.5,Auvergne-Rhone-Alpes,8.8,92,9.4,98
2025-12-22 02:00:00,6600.0,Auvergne-Rhone-Alpes,9.1,93,14.0,100
2025-12-22 03:00:00,6409.5,Auvergne-Rhone-Alpes,9.2,92,13.9,100
2025-12-22 04:00:00,6559.0,Auvergne-Rhone-Alpes,9.0,93,12.3,100
2025-12-22 05:00:00,6929.0,Auvergne-Rhone-Alpes,8.4,96,9.3,100
2025-12-22 06:00:00,7340.5,Auvergne-Rhone-Alpes,7.8,97,9.0,100
2025-12-22 07:00:00,7873.0,Auvergne-Rhone-Alpes,7.1,96,6.9,100
2025-12-22 08:00:00,8343.5,Auvergne-Rhone-Alpes,7.2,95,7.1,100
2025-12-22 09:00:00,8605.5,Auvergne-Rhone-Alpes,7.4,97,2.3,100
2025-12-22 10:00:00,8669.0,Auvergne-Rhone-Alpes,7.6,97,1.2,100
2025-12-22 11:00:00,8848.5,Auvergne-Rhone-Alpes,7.9,96,1.1,100
2025-12-22 12:00:00,8834.5,Auvergne-Rhone-Alpes,8.6,92,4.9,100
2025-12-22 13:00:00,8576.5,Auvergne-Rhone-Alpes,9.2,87,2.6,100
2025-12-22 14:00:00,8456.0,Auvergne-Rhone-Alpes,9.6,90,2.9,100
2025-12-22 15:00:00,8273.0,Auvergne-Rhone-Alpes,9.8,91,4.8,100
2025-12-22 16:00:00,8144.0,Auvergne-Rhone-Alpes,9.7,90,5.2,100
2025-12-22 17:00:00,8361.5,Auvergne-Rhone-Alpes,9.1,94,2.7,100
2025-12-22 18:00:00,8568.0,Auvergne-Rhone-Alpes,8.4,93,3.1,100
2025-12-22 19:00:00,8290.5,Auvergne-Rhone-Alpes,8.4,91,3.1,100
2025-12-22 20:00:00,7800.5,Auvergne-Rhone-Alpes,8.9,91,0.4,100
2025-12-22 21:00:00,7703.5,Auvergne-Rhone-Alpes,8.7,92,3.2,100
2025-12-22 22:00:00,7754.0,Auvergne-Rhone-Alpes,7.8,97,3.2,100
2025-12-22 23:00:00,7485.0,Auvergne-Rhone-Alpes,7.5,98,1.5,100
2025-12-23 00:00:00,7144.5,Auvergne-Rhone-Alpes,7.6,99,3.1,100
2025-12-23 01:00:00,6989.0,Auvergne-Rhone-Alpes,6.8,100,3.9,100
2025-12-23 02:00:00,6884.0,Auvergne-Rhone-Alpes,6.9,100,4.7,100
2025-12-23 03:00:00,6742.5,Auvergne-Rhone-Alpes,7.2,99,6.8,100
2025-12-23 04:00:00,6884.0,Auvergne-Rhone-Alpes,6.7,98,6.7,100
2025-12-23 05:00:00,7220.5,Auvergne-Rhone-Alpes,5.8,99,3.3,100
2025-12-23 06:00:00,7598.5,Auvergne-Rhone-Alpes,5.1,99,2.9,100
2025-12-23 07:00:00,8072.5,Auvergne-Rhone-Alpes,4.8,96,7.2,100
2025-12-23 08:00:00,8444.0,Auvergne-Rhone-Alpes,4.4,97,10.1,100
2025-12-23 09:00:00,8754.0,Auvergne-Rhone-Alpes,3.8,98,6.1,100
2025-12-23 10:00:00,8826.0,Auvergne-Rhone-Alpes,4.0,98,6.6,100
2025-12-23 11:00:00,8941.0,Auvergne-Rhone-Alpes,4.6,96,7.3,100
2025-12-23 12:00:00,9006.5,Auvergne-Rhone-Alpes,4.7,96,7.2,100
2025-12-23 13:00:00,8844.5,Auvergne-Rhone-Alpes,4.5,99,7.4,100
2025-12-23 14:00:00,8720.0,Auvergne-Rhone-Alpes,4.2,97,6.5,100
2025-12-23 15:00:00,8567.0,Auvergne-Rhone-Alpes,4.4,96,8.7,100
2025-12-23 16:00:00,8471.0,Auvergne-Rhone-Alpes,4.1,98,7.6,100
2025-12-23 17:00:00,8801.0,Auvergne-Rhone-Alpes,3.8,98,9.0,100
2025-12-23 18:00:00,8895.0,Auvergne-Rhone-Alpes,3.5,97,7.9,100
2025-12-23 19:00:00,8629.0,Auvergne-Rhone-Alpes,3.3,94,10.8,100
2025-12-23 20:00:00,8157.0,Auvergne-Rhone-Alpes,3.2,92,11.4,100
2025-12-23 21:00:00,8035.5,Auvergne-Rhone-Alpes,2.7,91,9.9,100
2025-12-23 22:00:00,8203.0,Auvergne-Rhone-Alpes,2.4,91,9.4,100
2025-12-23 23:00:00,7997.5,Auvergne-Rhone-Alpes,2.3,91,10.0,100
2025-12-24 00:00:00,7629.5,Auvergne-Rhone-Alpes,2.2,91,8.9,100
2025-12-24 01:00:00,7616.0,Auvergne-Rhone-Alpes,2.1,92,8.6,100
2025-12-24 02:00:00,7521.5,Auvergne-Rhone-Alpes,2.5,91,11.2,98
2025-12-24 03:00:00,7378.0,Auvergne-Rhone-Alpes,2.1,92,11.0,100
2025-12-24 04:00:00,7380.5,Auvergne-Rhone-Alpes,2.0,90,13.4,100
2025-12-24 05:00:00,7561.5,Auvergne-Rhone-Alpes,2.0,89,13.2,100
2025-12-24 06:00:00,7891.0,Auvergne-Rhone-Alpes,2.2,89,12.8,100
2025-12-24 07:00:00,8354.5,Auvergne-Rhone-Alpes,2.3,89,13.3,100
2025-12-24 08:00:00,8857.0,Auvergne-Rhone-Alpes,2.2,88,14.8,100
2025-12-24 09:00:00,9125.5,Auvergne-Rhone-Alpes,2.2,86,15.3,100
2025-12-24 10:00:00,9293.0,Auvergne-Rhone-Alpes,2.3,84,13.3,100
2025-12-24 11:00:00,9374.5,Auvergne-Rhone-Alpes,2.8,82,14.3,100
2025-12-24 12:00:00,9358.0,Auvergne-Rhone-Alpes,3.9,77,14.2,19
2025-12-24 13:00:00,9210.0,Auvergne-Rhone-Alpes,5.4,65,22.2,87
2025-12-24 14:00:00,9220.5,Auvergne-Rhone-Alpes,4.9,66,21.5,100
2025-12-24 15:00:00,8964.0,Auvergne-Rhone-Alpes,4.6,73,20.2,100
2025-12-24 16:00:00,8884.5,Auvergne-Rhone-Alpes,4.6,70,22.0,100
2025-12-24 17:00:00,8922.0,Auvergne-Rhone-Alpes,4.1,72,22.9,99
2025-12-24 18:00:00,8937.5,Auvergne-Rhone-Alpes,3.4,73,22.9,99
2025-12-24 19:00:00,8644.5,Auvergne-Rhone-Alpes,2.8,73,21.2,100
2025-12-24 20:00:00,8358.5,Auvergne-Rhone-Alpes,2.4,76,20.9,100
2025-12-24 21:00:00,8223.0,Auvergne-Rhone-Alpes,2.0,75,19.4,100
2025-12-24 22:00:00,8550.0,Auvergne-Rhone-Alpes,1.8,75,18.4,100
2025-12-24 23:00:00,8334.0,Auvergne-Rhone-Alpes,1.5,76,15.7,100
2025-12-25 00:00:00,8213.0,Auvergne-Rhone-Alpes,1.2,79,12.4,99
2025-12-25 01:00:00,8210.5,Auvergne-Rhone-Alpes,0.9,83,8.6,100
2025-12-25 02:00:00,7990.5,Auvergne-Rhone-Alpes,0.8,91,7.1,100
2025-12-25 03:00:00,7731.0,Auvergne-Rhone-Alpes,0.6,92,5.1,100
2025-12-25 04:00:00,7585.5,Auvergne-Rhone-Alpes,0.3,93,3.3,100
2025-12-25 05:00:00,7529.5,Auvergne-Rhone-Alpes,-0.2,93,2.3,98
2025-12-25 06:00:00,7562.0,Auvergne-Rhone-Alpes,-0.4,94,3.0,43
2025-12-25 07:00:00,7553.5,Auvergne-Rhone-Alpes,-1.0,95,1.1,14
2025-12-25 08:00:00,7942.5,Auvergne-Rhone-Alpes,-0.8,97,2.2,81
2025-12-25 09:00:00,8215.0,Auvergne-Rhone-Alpes,-1.5,97,1.9,22
2025-12-25 10:00:00,8461.5,Auvergne-Rhone-Alpes,-2.0,97,4.1,12
2025-12-25 11:00:00,8426.0,Auvergne-Rhone-Alpes,-0.4,94,3.7,9
2025-12-25 12:00:00,8336.0,Auvergne-Rhone-Alpes,1.1,89,3.2,41
2025-12-25 13:00:00,7979.5,Auvergne-Rhone-Alpes,2.9,82,5.8,49
2025-12-25 14:00:00,7672.5,Auvergne-Rhone-Alpes,2.6,80,6.3,84
2025-12-25 15:00:00,7468.0,Auvergne-Rhone-Alpes,3.4,78,5.8,43
2025-12-25 16:00:00,7648.0,Auvergne-Rhone-Alpes,3.5,78,6.3,52
2025-12-25 17:00:00,8105.0,Auvergne-Rhone-Alpes,3.0,81,6.5,42
2025-12-25 18:00:00,8415.5,Auvergne-Rhone-Alpes,2.0,87,5.4,1
2025-12-25 19:00:00,8419.5,Auvergne-Rhone-Alpes,1.0,90,4.5,0
2025-12-25 20:00:00,8287.0,Auvergne-Rhone-Alpes,0.1,95,4.5,41
2025-12-25 21:00:00,8300.5,Auvergne-Rhone-Alpes,0.2,95,4.7,42
2025-12-25 22:00:00,8561.5,Auvergne-Rhone-Alpes,-0.5,97,3.5,58
2025-12-25 23:00:00,8235.5,Auvergne-Rhone-Alpes,-0.9,98,2.4,74
2025-12-26 00:00:00,7942.0,Auvergne-Rhone-Alpes,-0.9,100,1.1,100
2025-12-26 01:00:00,7989.0,Auvergne-Rhone-Alpes,-0.7,99,1.5,100
2025-12-26 02:00:00,7737.0,Auvergne-Rhone-Alpes,0.5,96,0.3,77
2025-12-26 03:00:00,7584.0,Auvergne-Rhone-Alpes,0.6,96,0.6,100
2025-12-26 04:00:00,7664.0,Auvergne-Rhone-Alpes,0.8,97,0.6,100
2025-12-26 05:00:00,7838.0,Auvergne-Rhone-Alpes,0.9,98,0.4,100
2025-12-26 06:00:00,7957.0,Auvergne-Rhone-Alpes,0.4,99,1.2,100
2025-12-26 07:00:00,8297.0,Auvergne-Rhone-Alpes,0.3,99,1.3,100
2025-12-26 08:00:00,8693.5,Auvergne-Rhone-Alpes,0.9,98,2.7,100
2025-12-26 09:00:00,8876.5,Auvergne-Rhone-Alpes,0.8,98,2.8,100
2025-12-26 10:00:00,9114.0,Auvergne-Rhone-Alpes,0.8,97,2.9,100
2025-12-26 11:00:00,9267.0,Auvergne-Rhone-Alpes,1.0,95,5.2,100
2025-12-26 12:00:00,9270.0,Auvergne-Rhone-Alpes,1.3,98,5.8,100
2025-12-26 13:00:00,8868.5,Auvergne-Rhone-Alpes,1.9,94,6.3,100
2025-12-26 14:00:00,8573.5,Auvergne-Rhone-Alpes,1.1,93,4.7,100
2025-12-26 15:00:00,8488.0,Auvergne-Rhone-Alpes,1.9,90,5.2,100
2025-12-26 16:00:00,8602.0,Auvergne-Rhone-Alpes,2.0,90,5.4,98
2025-12-26 17:00:00,9086.0,Auvergne-Rhone-Alpes,1.9,90,5.9,90
2025-12-26 18:00:00,9384.0,Auvergne-Rhone-Alpes,1.0,94,5.9,66
2025-12-26 19:00:00,9247.5,Auvergne-Rhone-Alpes,0.5,94,4.8,68
2025-12-26 20:00:00,8876.5,Auvergne-Rhone-Alpes,0.3,96,4.8,100
2025-12-26 21:00:00,8720.5,Auvergne-Rhone-Alpes,-0.1,99,4.2,100
2025-12-26 22:00:00,8971.5,Auvergne-Rhone-Alpes,-0.2,99,3.1,100
2025-12-26 23:00:00,8614.0,Auvergne-Rhone-Alpes,-0.1,95,2.8,100
2025-12-27 00:00:00,8500.5,Auvergne-Rhone-Alpes,0.2,92,2.4,100
2025-12-27 01:00:00,8335.0,Auvergne-Rhone-Alpes,0.2,92,1.3,100
2025-12-27 02:00:00,8165.5,Auvergne-Rhone-Alpes,0.1,99,2.0,100
2025-12-27 03:00:00,8012.0,Auvergne-Rhone-Alpes,0.2,97,1.1,100
2025-12-27 04:00:00,7974.0,Auvergne-Rhone-Alpes,0.1,96,3.9,100
2025-12-27 05:00:00,8013.5,Auvergne-Rhone-Alpes,0.0,96,2.2,100
2025-12-27 06:00:00,8121.5,Auvergne-Rhone-Alpes,-0.2,95,1.1,100
2025-12-27 07:00:00,8321.5,Auvergne-Rhone-Alpes,-0.4,94,0.9,100
2025-12-27 08:00:00,8743.5,Auvergne-Rhone-Alpes,0.0,94,3.5,100
2025-12-27 09:00:00,9001.5,Auvergne-Rhone-Alpes,-0.2,96,2.9,100
2025-12-27 10:00:00,9094.5,Auvergne-Rhone-Alpes,-0.2,93,3.1,100
2025-12-27 11:00:00,9120.0,Auvergne-Rhone-Alpes,0.2,92,2.8,100
2025-12-27 12:00:00,9151.5,Auvergne-Rhone-Alpes,1.0,95,2.8,98
2025-12-27 13:00:00,8703.0,Auvergne-Rhone-Alpes,2.7,87,1.7,9
2025-12-27 14:00:00,8369.0,Auvergne-Rhone-Alpes,1.8,87,0.4,87
2025-12-27 15:00:00,8269.0,Auvergne-Rhone-Alpes,3.0,84,2.0,57
2025-12-27 16:00:00,8422.5,Auvergne-Rhone-Alpes,3.0,85,3.5,38
2025-12-27 17:00:00,8968.0,Auvergne-Rhone-Alpes,2.5,88,6.2,25
2025-12-27 18:00:00,9296.5,Auvergne-Rhone-Alpes,0.9,94,6.5,31
2025-12-27 19:00:00,9050.5,Auvergne-Rhone-Alpes,0.2,95,5.6,30
2025-12-27 20:00:00,8852.5,Auvergne-Rhone-Alpes,0.9,96,5.1,100
2025-12-27 21:00:00,8701.0,Auvergne-Rhone-Alpes,0.3,95,3.3,100
2025-12-27 22:00:00,8941.5,Auvergne-Rhone-Alpes,0.3,94,3.2,100
2025-12-27 23:00:00,8730.0,Auvergne-Rhone-Alpes,0.3,92,4.7,100
2025-12-28 00:00:00,8538.0,Auvergne-Rhone-Alpes,0.3,90,5.2,100
2025-12-28 01:00:00,8515.0,Auvergne-Rhone-Alpes,0.1,89,4.8,100
2025-12-28 02:00:00,8262.5,Auvergne-Rhone-Alpes,-0.4,98,0.7,100
2025-12-28 03:00:00,8102.5,Auvergne-Rhone-Alpes,-0.3,94,1.1,100
2025-12-28 04:00:00,8037.5,Auvergne-Rhone-Alpes,-0.3,91,1.0,100
2025-12-28 05:00:00,7983.0,Auvergne-Rhone-Alpes,-0.1,87,3.8,100
2025-12-28 06:00:00,8003.0,Auvergne-Rhone-Alpes,-0.2,86,3.7,100
2025-12-28 07:00:00,8181.5,Auvergne-Rhone-Alpes,-0.2,85,4.9,100
2025-12-28 08:00:00,8660.0,Auvergne-Rhone-Alpes,-0.2,93,1.0,100
2025-12-28 09:00:00,9078.0,Auvergne-Rhone-Alpes,-0.6,94,2.7,100
2025-12-28 10:00:00,9357.5,Auvergne-Rhone-Alpes,-0.8,94,6.7,100
2025-12-28 11:00:00,9461.5,Auvergne-Rhone-Alpes,-0.6,94,7.2,100
2025-12-28 12:00:00,9417.5,Auvergne-Rhone-Alpes,-0.6,99,5.6,100
2025-12-28 13:00:00,9068.5,Auvergne-Rhone-Alpes,0.1,94,5.0,100
2025-12-28 14:00:00,8781.5,Auvergne-Rhone-Alpes,-0.9,96,5.2,100
2025-12-28 15:00:00,8681.0,Auvergne-Rhone-Alpes,-0.1,90,6.2,100
2025-12-28 16:00:00,8667.0,Auvergne-Rhone-Alpes,0.1,89,6.4,100
2025-12-28 17:00:00,9232.5,Auvergne-Rhone-Alpes,-0.3,94,7.0,100
2025-12-28 18:00:00,9657.0,Auvergne-Rhone-Alpes,-0.9,96,5.2,100
2025-12-28 19:00:00,9450.5,Auvergne-Rhone-Alpes,-1.5,97,5.1,100
2025-12-28 20:00:00,9191.5,Auvergne-Rhone-Alpes,-1.6,98,4.6,100
2025-12-28 21:00:00,9021.0,Auvergne-Rhone-Alpes,-1.9,97,5.5,100
2025-12-28 22:00:00,9128.5,Auvergne-Rhone-Alpes,-2.0,97,4.4,100
2025-12-28 23:00:00,8802.5,Auvergne-Rhone-Alpes,-2.0,97,3.1,100
2025-12-29 00:00:00,8608.5,Auvergne-Rhone-Alpes,-2.1,97,1.7,100
2025-12-29 01:00:00,8518.5,Auvergne-Rhone-Alpes,-2.1,96,1.2,100
2025-12-29 02:00:00,8393.5,Auvergne-Rhone-Alpes,-1.8,99,3.6,100
2025-12-29 03:00:00,8228.0,Auvergne-Rhone-Alpes,-1.7,98,2.4,100
2025-12-29 04:00:00,8314.5,Auvergne-Rhone-Alpes,-1.6,97,1.9,100
2025-12-29 05:00:00,8554.0,Auvergne-Rhone-Alpes,-1.8,96,3.5,100
2025-12-29 06:00:00,8832.5,Auvergne-Rhone-Alpes,-2.0,97,3.2,100
2025-12-29 07:00:00,9152.5,Auvergne-Rhone-Alpes,-2.2,99,2.3,100
2025-12-29 08:00:00,9593.0,Auvergne-Rhone-Alpes,-1.9,98,5.4,100
2025-12-29 09:00:00,9903.0,Auvergne-Rhone-Alpes,-1.9,100,3.1,100
2025-12-29 10:00:00,9944.0,Auvergne-Rhone-Alpes,-1.7,99,2.0,100
2025-12-29 11:00:00,10003.5,Auvergne-Rhone-Alpes,-1.5,98,1.9,100
2025-12-29 12:00:00,9965.5,Auvergne-Rhone-Alpes,-0.6,96,1.4,100
2025-12-29 13:00:00,9622.0,Auvergne-Rhone-Alpes,0.3,93,1.9,100
2025-12-29 14:00:00,9457.0,Auvergne-Rhone-Alpes,0.5,88,1.7,100
2025-12-29 15:00:00,9276.0,Auvergne-Rhone-Alpes,1.6,81,2.4,95
2025-12-29 16:00:00,9289.5,Auvergne-Rhone-Alpes,1.9,80,3.6,77
2025-12-29 17:00:00,9839.0,Auvergne-Rhone-Alpes,1.4,84,3.7,64
2025-12-29 18:00:00,10121.0,Auvergne-Rhone-Alpes,-0.3,88,5.2,28
2025-12-29 19:00:00,9921.5,Auvergne-Rhone-Alpes,-1.5,92,6.8,30
2025-12-29 20:00:00,9505.5,Auvergne-Rhone-Alpes,-1.7,96,7.9,100
2025-12-29 21:00:00,9274.5,Auvergne-Rhone-Alpes,-1.5,99,8.0,100
2025-12-29 22:00:00,9520.5,Auvergne-Rhone-Alpes,-1.8,99,8.4,100
2025-12-29 23:00:00,9191.5,Auvergne-Rhone-Alpes,-1.9,97,7.4,100
2025-12-30 00:00:00,8995.5,Auvergne-Rhone-Alpes,-2.2,97,8.9,100
2025-12-30 01:00:00,9026.5,Auvergne-Rhone-Alpes,-2.6,99,9.1,100
2025-12-30 02:00:00,8801.0,Auvergne-Rhone-Alpes,-2.3,99,10.4,100
2025-12-30 03:00:00,8602.0,Auvergne-Rhone-Alpes,-2.2,99,11.4,100
2025-12-30 04:00:00,8697.0,Auvergne-Rhone-Alpes,-1.9,97,11.6,100
2025-12-30 05:00:00,8889.5,Auvergne-Rhone-Alpes,-1.5,94,12.5,100
2025-12-30 06:00:00,9203.5,Auvergne-Rhone-Alpes,-1.5,93,12.4,100
2025-12-30 07:00:00,9458.5,Auvergne-Rhone-Alpes,-1.5,89,15.5,100
2025-12-30 08:00:00,9958.0,Auvergne-Rhone-Alpes,-2.4,91,16.4,100
2025-12-30 09:00:00,10290.0,Auvergne-Rhone-Alpes,-2.5,92,16.7,100
2025-12-30 10:00:00,10497.5,Auvergne-Rhone-Alpes,-2.5,91,17.4,100
2025-12-30 11:00:00,10671.0,Auvergne-Rhone-Alpes,-2.5,89,17.7,100
2025-12-30 12:00:00,10687.5,Auvergne-Rhone-Alpes,-2.2,86,18.3,100
2025-12-30 13:00:00,10320.5,Auvergne-Rhone-Alpes,-0.9,77,20.3,100
2025-12-30 14:00:00,10190.5,Auvergne-Rhone-Alpes,-0.2,74,20.7,100
2025-12-30 15:00:00,9920.5,Auvergne-Rhone-Alpes,1.7,66,22.4,100
2025-12-30 16:00:00,9846.5,Auvergne-Rhone-Alpes,2.7,64,22.2,100
2025-12-30 17:00:00,10374.5,Auvergne-Rhone-Alpes,2.5,71,16.7,14
2025-12-30 18:00:00,10662.0,Auvergne-Rhone-Alpes,1.6,73,16.9,2
2025-12-30 19:00:00,10397.5,Auvergne-Rhone-Alpes,0.8,76,18.7,0
2025-12-30 20:00:00,10046.0,Auvergne-Rhone-Alpes,0.1,83,17.9,0
2025-12-30 21:00:00,9746.5,Auvergne-Rhone-Alpes,-0.1,82,16.7,0
2025-12-30 22:00:00,10034.5,Auvergne-Rhone-Alpes,-0.3,80,16.6,1
2025-12-30 23:00:00,9666.5,Auvergne-Rhone-Alpes,-0.9,80,16.4,0
2025-12-31 00:00:00,9384.0,Auvergne-Rhone-Alpes,-1.1,79,16.2,0
2025-12-31 01:00:00,9395.0,Auvergne-Rhone-Alpes,-1.5,78,15.9,0
2025-12-31 02:00:00,9197.5,Auvergne-Rhone-Alpes,-2.0,77,14.6,0
2025-12-31 03:00:00,9093.5,Auvergne-Rhone-Alpes,-2.2,77,13.9,0
2025-12-31 04:00:00,9140.0,Auvergne-Rhone-Alpes,-2.3,76,13.5,0
2025-12-31 05:00:00,9182.5,Auvergne-Rhone-Alpes,-2.5,75,13.7,0
2025-12-31 06:00:00,9381.5,Auvergne-Rhone-Alpes,-2.7,75,14.4,0
2025-12-31 07:00:00,9725.5,Auvergne-Rhone-Alpes,-2.8,75,14.0,0
2025-12-31 08:00:00,10098.5,Auvergne-Rhone-Alpes,-3.3,79,12.6,0
2025-12-31 09:00:00,10354.0,Auvergne-Rhone-Alpes,-3.6,78,11.6,0
2025-12-31 10:00:00,10223.5,Auvergne-Rhone-Alpes,-3.4,76,12.0,0
2025-12-31 11:00:00,10173.5,Auvergne-Rhone-Alpes,-2.3,68,12.5,0
2025-12-31 12:00:00,10122.5,Auvergne-Rhone-Alpes,-1.1,61,11.6,0
2025-12-31 13:00:00,9793.5,Auvergne-Rhone-Alpes,-0.2,55,10.8,0
2025-12-31 14:00:00,9569.5,Auvergne-Rhone-Alpes,0.3,63,10.6,51
2025-12-31 15:00:00,9291.0,Auvergne-Rhone-Alpes,1.0,59,9.5,4
2025-12-31 16:00:00,9514.5,Auvergne-Rhone-Alpes,1.0,60,9.2,1
2025-12-31 17:00:00,10153.0,Auvergne-Rhone-Alpes,0.6,63,8.0,1
2025-12-31 18:00:00,10324.0,Auvergne-Rhone-Alpes,-0.8,70,7.1,0
2025-12-31 19:00:00,10120.0,Auvergne-Rhone-Alpes,-1.5,75,6.1,0
2025-12-31 20:00:00,9705.5,Auvergne-Rhone-Alpes,-2.3,80,4.9,0
2025-12-31 21:00:00,9599.5,Auvergne-Rhone-Alpes,-2.3,78,5.2,0
2025-12-31 22:00:00,9998.0,Auvergne-Rhone-Alpes,-2.5,73,6.2,0
2025-12-31 23:00:00,9876.0,Auvergne-Rhone-Alpes,-3.0,70,5.2,0
2026-01-01 00:00:00,9735.0,Auvergne-Rhone-Alpes,-3.5,71,4.0,0
2026-01-01 01:00:00,9827.5,Auvergne-Rhone-Alpes,-4.0,72,3.6,0
2026-01-01 02:00:00,9689.5,Auvergne-Rhone-Alpes,-4.0,74,0.4,0
2026-01-01 03:00:00,9548.5,Auvergne-Rhone-Alpes,-4.7,80,0.6,0
2026-01-01 04:00:00,9432.5,Auvergne-Rhone-Alpes,-5.1,86,3.2,0
2026-01-01 05:00:00,9274.5,Auvergne-Rhone-Alpes,-5.2,90,3.7,3
2026-01-01 06:00:00,9208.0,Auvergne-Rhone-Alpes,-5.6,92,3.2,12
2026-01-01 07:00:00,9204.0,Auvergne-Rhone-Alpes,-6.1,96,3.1,24
2026-01-01 08:00:00,9434.0,Auvergne-Rhone-Alpes,-6.6,97,3.2,100
2026-01-01 09:00:00,9592.5,Auvergne-Rhone-Alpes,-7.2,95,1.8,100
2026-01-01 10:00:00,9881.0,Auvergne-Rhone-Alpes,-7.1,95,3.5,100
2026-01-01 11:00:00,10013.0,Auvergne-Rhone-Alpes,-5.6,95,4.0,100
2026-01-01 12:00:00,9937.0,Auvergne-Rhone-Alpes,-3.5,85,3.6,59
2026-01-01 13:00:00,9426.5,Auvergne-Rhone-Alpes,-0.8,66,3.6,1
2026-01-01 14:00:00,8899.0,Auvergne-Rhone-Alpes,0.4,66,5.2,15
2026-01-01 15:00:00,8512.5,Auvergne-Rhone-Alpes,1.9,60,2.3,34
2026-01-01 16:00:00,8600.0,Auvergne-Rhone-Alpes,2.7,57,0.7,94
2026-01-01 17:00:00,9283.5,Auvergne-Rhone-Alpes,2.0,64,0.5,88
2026-01-01 18:00:00,9835.0,Auvergne-Rhone-Alpes,-0.1,71,0.4,16
2026-01-01 19:00:00,9782.0,Auvergne-Rhone-Alpes,-1.0,77,0.9,0
2026-01-01 20:00:00,9571.5,Auvergne-Rhone-Alpes,-1.9,84,2.3,0
2026-01-01 21:00:00,9457.0,Auvergne-Rhone-Alpes,-2.4,86,1.5,0
2026-01-01 22:00:00,9816.0,Auvergne-Rhone-Alpes,-2.7,90,0.5,0
2026-01-01 23:00:00,9545.5,Auvergne-Rhone-Alpes,-3.4,93,2.0,0
2026-01-02 00:00:00,9298.0,Auvergne-Rhone-Alpes,-3.9,95,4.5,0
2026-01-02 01:00:00,9358.5,Auvergne-Rhone-Alpes,-3.8,89,4.1,0
2026-01-02 02:00:00,9302.0,Auvergne-Rhone-Alpes,-4.3,83,2.3,0
2026-01-02 03:00:00,9129.0,Auvergne-Rhone-Alpes,-4.4,81,2.5,0
2026-01-02 04:00:00,9184.0,Auvergne-Rhone-Alpes,-4.3,80,1.9,0
2026-01-02 05:00:00,9302.0,Auvergne-Rhone-Alpes,-4.9,83,2.1,0
2026-01-02 06:00:00,9574.0,Auvergne-Rhone-Alpes,-5.8,87,2.8,0
2026-01-02 07:00:00,9686.5,Auvergne-Rhone-Alpes,-6.4,91,2.1,5
2026-01-02 08:00:00,10163.0,Auvergne-Rhone-Alpes,-6.1,91,0.6,1
2026-01-02 09:00:00,10379.0,Auvergne-Rhone-Alpes,-6.7,96,1.8,2
2026-01-02 10:00:00,10464.5,Auvergne-Rhone-Alpes,-6.2,97,5.4,100
2026-01-02 11:00:00,10512.0,Auvergne-Rhone-Alpes,-4.5,87,4.4,49
2026-01-02 12:00:00,10296.0,Auvergne-Rhone-Alpes,-3.0,80,3.1,58
2026-01-02 13:00:00,9773.0,Auvergne-Rhone-Alpes,-0.9,70,3.3,16
2026-01-02 14:00:00,9415.0,Auvergne-Rhone-Alpes,0.7,68,3.4,34
2026-01-02 15:00:00,9113.5,Auvergne-Rhone-Alpes,2.0,72,3.4,55
2026-01-02 16:00:00,9220.5,Auvergne-Rhone-Alpes,2.5,73,4.4,65
2026-01-02 17:00:00,9758.5,Auvergne-Rhone-Alpes,1.9,79,3.5,38
2026-01-02 18:00:00,9973.0,Auvergne-Rhone-Alpes,-0.1,87,2.6,71
2026-01-02 19:00:00,9957.0,Auvergne-Rhone-Alpes,-0.1,88,0.9,100
2026-01-02 20:00:00,9535.0,Auvergne-Rhone-Alpes,0.2,92,1.5,100
2026-01-02 21:00:00,9362.5,Auvergne-Rhone-Alpes,0.4,90,2.5,98
2026-01-02 22:00:00,9685.5,Auvergne-Rhone-Alpes,0.2,89,1.3,56
2026-01-02 23:00:00,9533.0,Auvergne-Rhone-Alpes,-0.6,90,1.1,47
2026-01-03 00:00:00,9201.5,Auvergne-Rhone-Alpes,-1.3,93,3.5,95
2026-01-03 01:00:00,9056.5,Auvergne-Rhone-Alpes,-0.8,94,3.1,99
2026-01-03 02:00:00,8909.0,Auvergne-Rhone-Alpes,-0.8,90,2.7,100
2026-01-03 03:00:00,8673.0,Auvergne-Rhone-Alpes,-0.6,92,3.1,100
2026-01-03 04:00:00,8672.5,Auvergne-Rhone-Alpes,-0.3,92,2.8,100
2026-01-03 05:00:00,8601.5,Auvergne-Rhone-Alpes,0.1,91,5.7,100
2026-01-03 06:00:00,8721.5,Auvergne-Rhone-Alpes,0.3,92,8.2,100
2026-01-03 07:00:00,8977.0,Auvergne-Rhone-Alpes,0.0,93,9.2,100
2026-01-03 08:00:00,9406.0,Auvergne-Rhone-Alpes,-0.5,93,7.8,100
2026-01-03 09:00:00,9729.5,Auvergne-Rhone-Alpes,-1.1,95,6.1,100
2026-01-03 10:00:00,9918.0,Auvergne-Rhone-Alpes,-1.0,94,6.9,99
2026-01-03 11:00:00,10095.5,Auvergne-Rhone-Alpes,-0.7,85,9.0,98
2026-01-03 12:00:00,10096.0,Auvergne-Rhone-Alpes,-0.3,78,8.3,70
2026-01-03 13:00:00,9680.5,Auvergne-Rhone-Alpes,0.3,72,6.9,63
2026-01-03 14:00:00,9230.0,Auvergne-Rhone-Alpes,1.3,72,6.2,54
2026-01-03 15:00:00,8966.5,Auvergne-Rhone-Alpes,1.6,72,6.0,34
2026-01-03 16:00:00,8968.0,Auvergne-Rhone-Alpes,1.6,71,7.4,5
2026-01-03 17:00:00,9609.5,Auvergne-Rhone-Alpes,1.0,75,8.0,0
2026-01-03 18:00:00,10090.5,Auvergne-Rhone-Alpes,-0.4,81,8.4,1
2026-01-03 19:00:00,9909.5,Auvergne-Rhone-Alpes,-1.0,81,8.7,2
2026-01-03 20:00:00,9626.0,Auvergne-Rhone-Alpes,-1.2,83,8.6,0
2026-01-03 21:00:00,9529.0,Auvergne-Rhone-Alpes,-1.5,85,10.8,25
2026-01-03 22:00:00,9818.5,Auvergne-Rhone-Alpes,-1.6,87,9.0,86
2026-01-03 23:00:00,9597.5,Auvergne-Rhone-Alpes,-1.5,87,8.2,39
2026-01-04 00:00:00,9403.0,Auvergne-Rhone-Alpes,-1.5,88,10.0,17
2026-01-04 01:00:00,9399.0,Auvergne-Rhone-Alpes,-1.8,89,12.3,28
2026-01-04 02:00:00,9183.5,Auvergne-Rhone-Alpes,-2.2,88,13.8,24
2026-01-04 03:00:00,9037.5,Auvergne-Rhone-Alpes,-2.8,89,12.0,47
2026-01-04 04:00:00,8986.0,Auvergne-Rhone-Alpes,-3.0,89,12.2,31
2026-01-04 05:00:00,8977.0,Auvergne-Rhone-Alpes,-3.3,89,12.8,30
2026-01-04 06:00:00,8943.5,Auvergne-Rhone-Alpes,-3.8,89,13.5,2
2026-01-04 07:00:00,9211.0,Auvergne-Rhone-Alpes,-4.1,89,13.4,8
2026-01-04 08:00:00,9421.5,Auvergne-Rhone-Alpes,-4.1,90,13.8,94
2026-01-04 09:00:00,9937.0,Auvergne-Rhone-Alpes,-3.3,87,14.7,99
2026-01-04 10:00:00,10328.5,Auvergne-Rhone-Alpes,-2.8,84,16.2,100
2026-01-04 11:00:00,10545.0,Auvergne-Rhone-Alpes,-2.2,77,18.0,67
2026-01-04 12:00:00,10554.0,Auvergne-Rhone-Alpes,-1.1,68,18.0,0
2026-01-04 13:00:00,10092.0,Auvergne-Rhone-Alpes,-0.2,66,18.3,0
2026-01-04 14:00:00,9630.5,Auvergne-Rhone-Alpes,0.1,71,19.5,100
2026-01-04 15:00:00,9348.0,Auvergne-Rhone-Alpes,0.3,67,18.9,84
2026-01-04 16:00:00,9190.5,Auvergne-Rhone-Alpes,0.3,66,19.1,100
2026-01-04 17:00:00,9897.0,Auvergne-Rhone-Alpes,-0.3,72,18.2,98
2026-01-04 18:00:00,10538.5,Auvergne-Rhone-Alpes,-0.9,76,14.9,99
2026-01-04 19:00:00,10548.0,Auvergne-Rhone-Alpes,-1.2,77,13.1,99
2026-01-04 20:00:00,10121.0,Auvergne-Rhone-Alpes,-1.4,77,13.8,49
2026-01-04 21:00:00,9949.5,Auvergne-Rhone-Alpes,-1.8,78,13.1,22
2026-01-04 22:00:00,10138.5,Auvergne-Rhone-Alpes,-2.0,80,12.8,35
2026-01-04 23:00:00,9856.5,Auvergne-Rhone-Alpes,-2.0,79,12.7,43
2026-01-05 00:00:00,9735.0,Auvergne-Rhone-Alpes,-2.0,78,12.4,38
2026-01-05 01:00:00,9678.5,Auvergne-Rhone-Alpes,-2.1,78,12.1,86
2026-01-05 02:00:00,9575.0,Auvergne-Rhone-Alpes,-2.2,81,10.8,95
2026-01-05 03:00:00,9496.0,Auvergne-Rhone-Alpes,-2.7,78,10.9,88
2026-01-05 04:00:00,9586.5,Auvergne-Rhone-Alpes,-2.3,74,10.3,100
2026-01-05 05:00:00,9913.5,Auvergne-Rhone-Alpes,-2.2,71,12.3,100
2026-01-05 06:00:00,10318.5,Auvergne-Rhone-Alpes,-2.3,69,11.8,98
2026-01-05 07:00:00,11042.5,Auvergne-Rhone-Alpes,-2.6,70,10.3,96
2026-01-05 08:00:00,11694.0,Auvergne-Rhone-Alpes,-2.6,68,14.2,100
2026-01-05 09:00:00,12035.0,Auvergne-Rhone-Alpes,-2.7,69,12.1,95
2026-01-05 10:00:00,12162.5,Auvergne-Rhone-Alpes,-2.9,71,9.1,23
2026-01-05 11:00:00,12125.0,Auvergne-Rhone-Alpes,-2.3,66,11.4,83
2026-01-05 12:00:00,12025.5,Auvergne-Rhone-Alpes,-1.8,67,12.3,100
2026-01-05 13:00:00,11480.5,Auvergne-Rhone-Alpes,-1.5,67,13.1,100
2026-01-05 14:00:00,11189.0,Auvergne-Rhone-Alpes,-1.5,72,13.3,100
2026-01-05 15:00:00,10871.5,Auvergne-Rhone-Alpes,-1.5,73,14.1,100
2026-01-05 16:00:00,10912.0,Auvergne-Rhone-Alpes,-1.6,72,13.6,95
2026-01-05 17:00:00,11600.0,Auvergne-Rhone-Alpes,-1.8,71,13.7,94
2026-01-05 18:00:00,12141.5,Auvergne-Rhone-Alpes,-2.3,72,12.0,84
2026-01-05 19:00:00,11864.0,Auvergne-Rhone-Alpes,-2.8,73,11.7,72
2026-01-05 20:00:00,11364.0,Auvergne-Rhone-Alpes,-3.2,77,11.7,100
2026-01-05 21:00:00,11087.5,Auvergne-Rhone-Alpes,-3.6,80,10.0,95
2026-01-05 22:00:00,11346.5,Auvergne-Rhone-Alpes,-4.2,83,9.0,80
2026-01-05 23:00:00,11082.0,Auvergne-Rhone-Alpes,-4.4,84,9.1,73
2026-01-06 00:00:00,10803.5,Auvergne-Rhone-Alpes,-4.6,86,10.2,32
2026-01-06 01:00:00,10901.0,Auvergne-Rhone-Alpes,-4.8,87,8.0,13
2026-01-06 02:00:00,10728.0,Auvergne-Rhone-Alpes,-5.3,89,10.0,13
2026-01-06 03:00:00,10611.0,Auvergne-Rhone-Alpes,-5.8,90,11.4,16
2026-01-06 04:00:00,10642.0,Auvergne-Rhone-Alpes,-5.8,91,9.6,56
2026-01-06 05:00:00,10930.5,Auvergne-Rhone-Alpes,-5.9,90,7.9,19
2026-01-06 06:00:00,11520.5,Auvergne-Rhone-Alpes,-6.0,90,7.9,17
2026-01-06 07:00:00,12068.0,Auvergne-Rhone-Alpes,-5.9,90,9.3,3
2026-01-06 08:00:00,12665.0,Auvergne-Rhone-Alpes,-5.2,89,9.0,100
2026-01-06 09:00:00,12772.0,Auvergne-Rhone-Alpes,-5.1,89,9.7,100
2026-01-06 10:00:00,12886.5,Auvergne-Rhone-Alpes,-4.1,84,10.3,100
2026-01-06 11:00:00,12750.5,Auvergne-Rhone-Alpes,-3.4,81,11.0,100
2026-01-06 12:00:00,12666.5,Auvergne-Rhone-Alpes,-2.7,79,14.4,100
2026-01-06 13:00:00,12383.5,Auvergne-Rhone-Alpes,-2.2,78,16.2,100
2026-01-06 14:00:00,12094.5,Auvergne-Rhone-Alpes,-2.2,74,17.1,100
2026-01-06 15:00:00,11892.5,Auvergne-Rhone-Alpes,-1.6,66,17.6,98
2026-01-06 16:00:00,11731.0,Auvergne-Rhone-Alpes,-1.1,62,19.8,100
2026-01-06 17:00:00,12220.0,Auvergne-Rhone-Alpes,-1.4,67,19.5,100
2026-01-06 18:00:00,12481.0,Auvergne-Rhone-Alpes,-1.4,67,16.9,100
2026-01-06 19:00:00,12187.5,Auvergne-Rhone-Alpes,-1.4,69,16.1,100
2026-01-06 20:00:00,11667.5,Auvergne-Rhone-Alpes,-1.6,76,15.4,100
2026-01-06 21:00:00,11294.5,Auvergne-Rhone-Alpes,-1.5,73,16.5,100
2026-01-06 22:00:00,11373.0,Auvergne-Rhone-Alpes,-1.6,68,18.4,100
2026-01-06 23:00:00,11169.0,Auvergne-Rhone-Alpes,-2.0,67,15.9,90
2026-01-07 00:00:00,10855.5,Auvergne-Rhone-Alpes,-2.1,72,13.9,99
2026-01-07 01:00:00,10888.5,Auvergne-Rhone-Alpes,-2.0,73,13.5,95
2026-01-07 02:00:00,10770.0,Auvergne-Rhone-Alpes,-2.2,75,13.5,100
2026-01-07 03:00:00,10674.0,Auvergne-Rhone-Alpes,-2.3,75,12.7,100
2026-01-07 04:00:00,10689.5,Auvergne-Rhone-Alpes,-2.5,74,11.0,99
2026-01-07 05:00:00,10984.0,Auvergne-Rhone-Alpes,-2.4,70,10.2,100
2026-01-07 06:00:00,11474.5,Auvergne-Rhone-Alpes,-2.3,68,10.7,100
2026-01-07 07:00:00,12064.0,Auvergne-Rhone-Alpes,-2.5,68,9.9,95
2026-01-07 08:00:00,12411.5,Auvergne-Rhone-Alpes,-2.7,69,5.5,53
2026-01-07 09:00:00,12594.0,Auvergne-Rhone-Alpes,-3.1,71,2.3,70
2026-01-07 10:00:00,12477.5,Auvergne-Rhone-Alpes,-3.1,70,2.3,67
2026-01-07 11:00:00,12318.5,Auvergne-Rhone-Alpes,-2.5,66,2.3,46
2026-01-07 12:00:00,12221.0,Auvergne-Rhone-Alpes,-1.5,56,3.1,12
2026-01-07 13:00:00,11917.5,Auvergne-Rhone-Alpes,-0.3,49,4.6,100
2026-01-07 14:00:00,11817.5,Auvergne-Rhone-Alpes,-0.4,57,2.4,100
2026-01-07 15:00:00,11703.5,Auvergne-Rhone-Alpes,-0.1,54,6.9,100
2026-01-07 16:00:00,11550.0,Auvergne-Rhone-Alpes,-0.6,57,9.7,100
2026-01-07 17:00:00,11811.0,Auvergne-Rhone-Alpes,-0.4,57,8.8,100
2026-01-07 18:00:00,12163.5,Auvergne-Rhone-Alpes,-0.9,63,9.6,100
2026-01-07 19:00:00,11754.5,Auvergne-Rhone-Alpes,-1.2,68,8.9,100
2026-01-07 20:00:00,11145.5,Auvergne-Rhone-Alpes,-1.6,78,5.4,100
2026-01-07 21:00:00,10948.0,Auvergne-Rhone-Alpes,-1.6,77,5.6,99
2026-01-07 22:00:00,11084.5,Auvergne-Rhone-Alpes,-1.5,74,5.1,16
2026-01-07 23:00:00,10798.0,Auvergne-Rhone-Alpes,-2.5,79,5.0,70
2026-01-08 00:00:00,10512.0,Auvergne-Rhone-Alpes,-2.3,77,5.3,100
2026-01-08 01:00:00,10504.0,Auvergne-Rhone-Alpes,-1.5,74,6.5,100
2026-01-08 02:00:00,10373.0,Auvergne-Rhone-Alpes,-1.0,77,6.7,100
2026-01-08 03:00:00,10138.0,Auvergne-Rhone-Alpes,-0.4,74,7.9,100
2026-01-08 04:00:00,10300.5,Auvergne-Rhone-Alpes,-0.1,74,9.2,100
2026-01-08 05:00:00,10508.5,Auvergne-Rhone-Alpes,0.1,76,12.8,100
2026-01-08 06:00:00,10836.0,Auvergne-Rhone-Alpes,0.3,77,13.9,100
2026-01-08 07:00:00,11334.0,Auvergne-Rhone-Alpes,0.5,83,14.3,100
2026-01-08 08:00:00,11741.5,Auvergne-Rhone-Alpes,0.1,91,12.1,100
2026-01-08 09:00:00,11914.5,Auvergne-Rhone-Alpes,0.2,92,12.8,100
2026-01-08 10:00:00,12093.0,Auvergne-Rhone-Alpes,0.4,90,12.5,100
2026-01-08 11:00:00,12185.5,Auvergne-Rhone-Alpes,0.6,91,12.5,100
2026-01-08 12:00:00,12139.5,Auvergne-Rhone-Alpes,0.8,91,13.1,100
2026-01-08 13:00:00,11888.0,Auvergne-Rhone-Alpes,1.0,92,12.7,100
2026-01-08 14:00:00,11519.0,Auvergne-Rhone-Alpes,1.2,95,11.6,100
2026-01-08 15:00:00,11316.5,Auvergne-Rhone-Alpes,1.5,96,12.4,100
2026-01-08 16:00:00,11038.5,Auvergne-Rhone-Alpes,1.8,96,12.1,100
2026-01-08 17:00:00,11164.0,Auvergne-Rhone-Alpes,2.5,93,13.5,100
2026-01-08 18:00:00,11345.5,Auvergne-Rhone-Alpes,2.5,93,15.0,100
2026-01-08 19:00:00,10864.0,Auvergne-Rhone-Alpes,2.8,92,17.1,100
2026-01-08 20:00:00,10330.0,Auvergne-Rhone-Alpes,3.3,93,17.3,100
2026-01-08 21:00:00,9883.5,Auvergne-Rhone-Alpes,3.8,92,17.0,100
2026-01-08 22:00:00,9942.0,Auvergne-Rhone-Alpes,4.4,92,19.2,100
2026-01-08 23:00:00,9735.5,Auvergne-Rhone-Alpes,4.7,93,21.1,100
2026-01-09 00:00:00,9367.0,Auvergne-Rhone-Alpes,5.2,89,26.2,100
2026-01-09 01:00:00,9296.0,Auvergne-Rhone-Alpes,5.8,91,24.9,100
2026-01-09 02:00:00,9066.0,Auvergne-Rhone-Alpes,6.1,93,24.8,99
2026-01-09 03:00:00,8907.5,Auvergne-Rhone-Alpes,6.1,92,22.6,98
2026-01-09 04:00:00,8966.0,Auvergne-Rhone-Alpes,6.2,90,21.5,94
2026-01-09 05:00:00,9234.5,Auvergne-Rhone-Alpes,5.7,89,15.5,41
2026-01-09 06:00:00,9764.5,Auvergne-Rhone-Alpes,4.6,93,12.5,45
2026-01-09 07:00:00,10301.0,Auvergne-Rhone-Alpes,4.5,92,12.3,40
2026-01-09 08:00:00,10562.0,Auvergne-Rhone-Alpes,4.0,94,16.3,68
2026-01-09 09:00:00,10709.5,Auvergne-Rhone-Alpes,4.2,91,15.3,100
2026-01-09 10:00:00,10820.0,Auvergne-Rhone-Alpes,4.4,87,12.1,100
2026-01-09 11:00:00,10801.5,Auvergne-Rhone-Alpes,5.2,83,11.7,100
2026-01-09 12:00:00,10714.5,Auvergne-Rhone-Alpes,6.4,77,10.6,96
2026-01-09 13:00:00,10283.5,Auvergne-Rhone-Alpes,7.9,66,12.1,98
2026-01-09 14:00:00,10145.5,Auvergne-Rhone-Alpes,8.6,55,15.6,30
2026-01-09 15:00:00,10024.5,Auvergne-Rhone-Alpes,8.7,52,17.3,100
2026-01-09 16:00:00,9987.5,Auvergne-Rhone-Alpes,8.4,54,12.2,98
2026-01-09 17:00:00,10246.0,Auvergne-Rhone-Alpes,7.6,60,9.9,100
2026-01-09 18:00:00,10381.5,Auvergne-Rhone-Alpes,5.0,78,11.1,100
2026-01-09 19:00:00,9998.0,Auvergne-Rhone-Alpes,3.5,88,10.4,99
2026-01-09 20:00:00,9760.0,Auvergne-Rhone-Alpes,3.2,85,3.3,91
2026-01-09 21:00:00,9525.5,Auvergne-Rhone-Alpes,2.3,84,5.7,77
2026-01-09 22:00:00,9609.5,Auvergne-Rhone-Alpes,3.3,80,7.6,79
2026-01-09 23:00:00,9349.5,Auvergne-Rhone-Alpes,4.1,78,11.0,70
2026-01-10 00:00:00,9121.5,Auvergne-Rhone-Alpes,3.5,78,9.2,69
2026-01-10 01:00:00,9033.5,Auvergne-Rhone-Alpes,2.8,79,7.9,88
2026-01-10 02:00:00,8878.0,Auvergne-Rhone-Alpes,3.0,80,8.0,94
2026-01-10 03:00:00,8597.5,Auvergne-Rhone-Alpes,3.7,77,7.6,39
2026-01-10 04:00:00,8589.0,Auvergne-Rhone-Alpes,2.6,81,7.2,93
2026-01-10 05:00:00,8667.5,Auvergne-Rhone-Alpes,3.1,79,11.5,92
2026-01-10 06:00:00,8687.5,Auvergne-Rhone-Alpes,3.0,79,15.6,100
2026-01-10 07:00:00,8869.5,Auvergne-Rhone-Alpes,3.0,77,16.3,100
2026-01-10 08:00:00,9458.5,Auvergne-Rhone-Alpes,2.6,81,12.6,100
2026-01-10 09:00:00,9867.5,Auvergne-Rhone-Alpes,3.2,79,15.2,100
2026-01-10 10:00:00,10103.5,Auvergne-Rhone-Alpes,3.2,77,16.1,89
2026-01-10 11:00:00,10197.5,Auvergne-Rhone-Alpes,3.7,73,14.5,82
2026-01-10 12:00:00,10176.0,Auvergne-Rhone-Alpes,4.2,69,17.2,23
2026-01-10 13:00:00,9925.0,Auvergne-Rhone-Alpes,4.8,64,19.4,42
2026-01-10 14:00:00,9630.0,Auvergne-Rhone-Alpes,5.7,62,14.4,48
2026-01-10 15:00:00,9463.5,Auvergne-Rhone-Alpes,5.5,64,16.5,27
2026-01-10 16:00:00,9387.5,Auvergne-Rhone-Alpes,5.4,65,16.7,57
2026-01-10 17:00:00,9748.5,Auvergne-Rhone-Alpes,4.3,71,14.8,89
2026-01-10 18:00:00,10098.0,Auvergne-Rhone-Alpes,3.2,80,13.0,91
2026-01-10 19:00:00,9917.0,Auvergne-Rhone-Alpes,2.3,84,14.2,99
2026-01-10 20:00:00,9553.0,Auvergne-Rhone-Alpes,2.2,85,10.1,97
2026-01-10 21:00:00,9394.0,Auvergne-Rhone-Alpes,2.3,82,12.4,100
2026-01-10 22:00:00,9682.5,Auvergne-Rhone-Alpes,2.2,80,11.5,100
2026-01-10 23:00:00,9450.0,Auvergne-Rhone-Alpes,1.9,79,11.8,100
2026-01-11 00:00:00,9173.0,Auvergne-Rhone-Alpes,1.9,78,12.3,100
2026-01-11 01:00:00,9170.5,Auvergne-Rhone-Alpes,1.9,78,12.7,100
2026-01-11 02:00:00,8908.0,Auvergne-Rhone-Alpes,2.0,76,12.9,100
2026-01-11 03:00:00,8730.0,Auvergne-Rhone-Alpes,1.6,75,11.5,99
2026-01-11 04:00:00,8740.0,Auvergne-Rhone-Alpes,1.2,76,10.1,34
2026-01-11 05:00:00,8714.0,Auvergne-Rhone-Alpes,0.1,80,8.9,19
2026-01-11 06:00:00,8694.0,Auvergne-Rhone-Alpes,-0.4,82,8.0,66
2026-01-11 07:00:00,8925.0,Auvergne-Rhone-Alpes,-0.8,83,7.4,92
2026-01-11 08:00:00,9289.5,Auvergne-Rhone-Alpes,-0.6,86,6.8,13
2026-01-11 09:00:00,9812.5,Auvergne-Rhone-Alpes,-0.8,86,7.0,17
2026-01-11 10:00:00,9947.5,Auvergne-Rhone-Alpes,-0.8,86,7.4,13
2026-01-11 11:00:00,10181.5,Auvergne-Rhone-Alpes,0.6,82,7.5,38
2026-01-11 12:00:00,10091.5,Auvergne-Rhone-Alpes,2.0,74,7.5,2
2026-01-11 13:00:00,9602.0,Auvergne-Rhone-Alpes,3.0,70,6.1,4
2026-01-11 14:00:00,9247.5,Auvergne-Rhone-Alpes,3.9,63,5.6,10
2026-01-11 15:00:00,8893.0,Auvergne-Rhone-Alpes,4.2,62,4.7,39
2026-01-11 16:00:00,8818.5,Auvergne-Rhone-Alpes,4.2,62,3.2,99
2026-01-11 17:00:00,9524.5,Auvergne-Rhone-Alpes,4.0,63,2.4,88
2026-01-11 18:00:00,10125.0,Auvergne-Rhone-Alpes,2.7,74,0.8,100
2026-01-11 19:00:00,9986.0,Auvergne-Rhone-Alpes,1.7,75,0.6,47
2026-01-11 20:00:00,9753.5,Auvergne-Rhone-Alpes,0.8,83,4.2,75
2026-01-11 21:00:00,9514.5,Auvergne-Rhone-Alpes,0.1,86,4.6,88
2026-01-11 22:00:00,9715.5,Auvergne-Rhone-Alpes,-0.6,88,5.0,100
2026-01-11 23:00:00,9659.5,Auvergne-Rhone-Alpes,-0.6,88,6.1,100
2026-01-12 00:00:00,9279.5,Auvergne-Rhone-Alpes,-0.8,89,7.3,100
2026-01-12 01:00:00,9172.0,Auvergne-Rhone-Alpes,-1.1,91,7.7,100
2026-01-12 02:00:00,9077.5,Auvergne-Rhone-Alpes,-0.2,91,9.9,100
2026-01-12 03:00:00,8811.0,Auvergne-Rhone-Alpes,0.7,85,10.2,100
2026-01-12 04:00:00,9007.0,Auvergne-Rhone-Alpes,0.9,83,9.4,100
2026-01-12 05:00:00,9310.0,Auvergne-Rhone-Alpes,1.3,79,10.1,100
2026-01-12 06:00:00,9873.0,Auvergne-Rhone-Alpes,1.9,73,11.6,100
2026-01-12 07:00:00,10518.0,Auvergne-Rhone-Alpes,2.4,68,11.7,91
2026-01-12 08:00:00,10868.5,Auvergne-Rhone-Alpes,2.3,73,12.3,100
2026-01-12 09:00:00,10952.5,Auvergne-Rhone-Alpes,2.3,72,9.9,99
2026-01-12 10:00:00,10873.0,Auvergne-Rhone-Alpes,2.4,70,11.2,100
2026-01-12 11:00:00,10790.0,Auvergne-Rhone-Alpes,3.5,66,12.8,98
2026-01-12 12:00:00,10529.0,Auvergne-Rhone-Alpes,5.2,62,12.0,100
2026-01-12 13:00:00,10251.0,Auvergne-Rhone-Alpes,6.8,59,13.0,100
2026-01-12 14:00:00,10129.5,Auvergne-Rhone-Alpes,6.6,63,11.1,100
2026-01-12 15:00:00,9896.5,Auvergne-Rhone-Alpes,7.8,60,11.4,100
2026-01-12 16:00:00,9568.0,Auvergne-Rhone-Alpes,8.1,56,16.2,100
2026-01-12 17:00:00,10024.0,Auvergne-Rhone-Alpes,7.7,59,16.5,100
2026-01-12 18:00:00,10441.5,Auvergne-Rhone-Alpes,6.8,65,17.4,100
2026-01-12 19:00:00,10129.0,Auvergne-Rhone-Alpes,6.2,70,17.9,100
2026-01-12 20:00:00,9557.0,Auvergne-Rhone-Alpes,6.1,79,16.5,99
2026-01-12 21:00:00,9307.0,Auvergne-Rhone-Alpes,6.4,83,17.7,100
2026-01-12 22:00:00,9340.0,Auvergne-Rhone-Alpes,6.5,88,18.1,100
2026-01-12 23:00:00,9094.5,Auvergne-Rhone-Alpes,6.7,89,17.7,99
2026-01-13 00:00:00,8824.5,Auvergne-Rhone-Alpes,6.7,90,17.7,99
2026-01-13 01:00:00,8733.0,Auvergne-Rhone-Alpes,6.7,91,16.4,100
2026-01-13 02:00:00,8558.5,Auvergne-Rhone-Alpes,6.5,92,13.5,100
2026-01-13 03:00:00,8404.5,Auvergne-Rhone-Alpes,7.2,91,15.8,98
2026-01-13 04:00:00,8504.0,Auvergne-Rhone-Alpes,7.6,89,17.8,99
2026-01-13 05:00:00,8805.5,Auvergne-Rhone-Alpes,7.4,90,19.1,93
2026-01-13 06:00:00,9583.5,Auvergne-Rhone-Alpes,7.7,88,19.6,65
2026-01-13 07:00:00,9982.0,Auvergne-Rhone-Alpes,8.1,86,18.8,69
2026-01-13 08:00:00,10298.0,Auvergne-Rhone-Alpes,8.6,80,19.0,97
2026-01-13 09:00:00,10354.5,Auvergne-Rhone-Alpes,9.1,77,20.0,100
2026-01-13 10:00:00,10277.5,Auvergne-Rhone-Alpes,9.6,76,20.9,100
2026-01-13 11:00:00,10158.0,Auvergne-Rhone-Alpes,10.1,76,23.0,91
2026-01-13 12:00:00,9866.0,Auvergne-Rhone-Alpes,10.9,76,21.4,100
2026-01-13 13:00:00,9565.0,Auvergne-Rhone-Alpes,11.5,76,18.2,59
2026-01-13 14:00:00,9359.0,Auvergne-Rhone-Alpes,12.1,75,21.1,55
2026-01-13 15:00:00,9034.5,Auvergne-Rhone-Alpes,12.2,73,28.3,62
2026-01-13 16:00:00,8972.0,Auvergne-Rhone-Alpes,12.1,74,19.1,80
2026-01-13 17:00:00,9383.5,Auvergne-Rhone-Alpes,11.6,75,21.4,50
2026-01-13 18:00:00,9773.5,Auvergne-Rhone-Alpes,10.9,75,21.3,98
2026-01-13 19:00:00,9398.0,Auvergne-Rhone-Alpes,10.5,75,20.6,96
2026-01-13 20:00:00,9033.5,Auvergne-Rhone-Alpes,10.7,74,20.0,97
2026-01-13 21:00:00,8660.0,Auvergne-Rhone-Alpes,10.8,75,23.2,99
2026-01-13 22:00:00,8720.5,Auvergne-Rhone-Alpes,10.6,77,23.1,100
2026-01-13 23:00:00,8362.5,Auvergne-Rhone-Alpes,10.2,77,21.6,98
2026-01-14 00:00:00,8132.5,Auvergne-Rhone-Alpes,9.9,79,19.8,98
2026-01-14 01:00:00,8086.0,Auvergne-Rhone-Alpes,9.6,80,18.2,99
2026-01-14 02:00:00,7924.0,Auvergne-Rhone-Alpes,9.8,76,18.5,91
2026-01-14 03:00:00,7714.0,Auvergne-Rhone-Alpes,9.5,78,16.4,84
2026-01-14 04:00:00,7846.0,Auvergne-Rhone-Alpes,9.2,81,14.3,100
2026-01-14 05:00:00,8321.0,Auvergne-Rhone-Alpes,9.6,79,14.9,100
2026-01-14 06:00:00,8856.5,Auvergne-Rhone-Alpes,9.3,79,14.5,100
2026-01-14 07:00:00,9454.0,Auvergne-Rhone-Alpes,9.1,79,13.2,100
2026-01-14 08:00:00,9786.0,Auvergne-Rhone-Alpes,9.2,77,14.4,95
2026-01-14 09:00:00,10016.5,Auvergne-Rhone-Alpes,8.9,78,12.4,91
2026-01-14 10:00:00,9896.5,Auvergne-Rhone-Alpes,8.6,79,11.5,42
2026-01-14 11:00:00,9864.5,Auvergne-Rhone-Alpes,9.7,76,11.1,100
2026-01-14 12:00:00,9824.5,Auvergne-Rhone-Alpes,11.1,72,10.7,60
2026-01-14 13:00:00,9508.0,Auvergne-Rhone-Alpes,12.0,70,12.3,13
2026-01-14 14:00:00,9216.0,Auvergne-Rhone-Alpes,12.8,68,13.9,98
2026-01-14 15:00:00,9000.5,Auvergne-Rhone-Alpes,13.1,67,14.8,95
2026-01-14 16:00:00,8892.5,Auvergne-Rhone-Alpes,13.0,67,15.2,59
2026-01-14 17:00:00,9161.5,Auvergne-Rhone-Alpes,12.6,68,14.1,98
2026-01-14 18:00:00,9620.0,Auvergne-Rhone-Alpes,11.4,72,12.8,100
2026-01-14 19:00:00,9334.0,Auvergne-Rhone-Alpes,10.4,78,12.0,100
2026-01-14 20:00:00,8881.5,Auvergne-Rhone-Alpes,10.2,81,12.9,100
2026-01-14 21:00:00,8581.0,Auvergne-Rhone-Alpes,10.1,82,10.8,100
2026-01-14 22:00:00,8573.5,Auvergne-Rhone-Alpes,9.4,86,10.8,100
2026-01-14 23:00:00,8272.5,Auvergne-Rhone-Alpes,8.9,88,10.5,100
2026-01-15 00:00:00,7992.0,Auvergne-Rhone-Alpes,8.4,90,9.6,100
2026-01-15 01:00:00,7856.0,Auvergne-Rhone-Alpes,8.0,91,9.7,100
2026-01-15 02:00:00,7685.0,Auvergne-Rhone-Alpes,8.9,89,13.4,100
2026-01-15 03:00:00,7557.0,Auvergne-Rhone-Alpes,8.9,90,12.6,98
2026-01-15 04:00:00,7636.5,Auvergne-Rhone-Alpes,8.9,90,13.9,99
2026-01-15 05:00:00,8034.5,Auvergne-Rhone-Alpes,8.5,91,13.1,88
2026-01-15 06:00:00,8746.5,Auvergne-Rhone-Alpes,7.8,94,13.1,45
2026-01-15 07:00:00,9288.0,Auvergne-Rhone-Alpes,7.7,94,13.3,11
2026-01-15 08:00:00,9701.5,Auvergne-Rhone-Alpes,7.7,91,12.5,39
2026-01-15 09:00:00,9761.5,Auvergne-Rhone-Alpes,7.6,96,11.1,28
2026-01-15 10:00:00,9765.0,Auvergne-Rhone-Alpes,7.6,95,11.4,31
2026-01-15 11:00:00,9774.5,Auvergne-Rhone-Alpes,8.8,91,13.2,15
2026-01-15 12:00:00,9567.0,Auvergne-Rhone-Alpes,10.1,87,11.7,12
2026-01-15 13:00:00,9347.5,Auvergne-Rhone-Alpes,11.3,79,14.2,12
2026-01-15 14:00:00,8972.0,Auvergne-Rhone-Alpes,12.5,68,19.5,8
2026-01-15 15:00:00,8616.5,Auvergne-Rhone-Alpes,12.6,63,21.3,26
2026-01-15 16:00:00,8461.0,Auvergne-Rhone-Alpes,12.6,60,20.3,99
2026-01-15 17:00:00,8984.5,Auvergne-Rhone-Alpes,12.2,60,22.5,100
2026-01-15 18:00:00,9319.5,Auvergne-Rhone-Alpes,11.4,63,22.7,100
2026-01-15 19:00:00,9127.5,Auvergne-Rhone-Alpes,10.9,68,20.9,98
2026-01-15 20:00:00,8640.0,Auvergne-Rhone-Alpes,10.9,65,20.9,99
2026-01-15 21:00:00,8411.0,Auvergne-Rhone-Alpes,10.8,68,21.8,100
2026-01-15 22:00:00,8531.5,Auvergne-Rhone-Alpes,10.6,71,21.9,100
2026-01-15 23:00:00,8136.0,Auvergne-Rhone-Alpes,10.4,73,20.3,100
2026-01-16 00:00:00,7871.0,Auvergne-Rhone-Alpes,10.1,73,18.5,100
2026-01-16 01:00:00,7853.0,Auvergne-Rhone-Alpes,10.1,73,17.0,99
2026-01-16 02:00:00,7651.5,Auvergne-Rhone-Alpes,10.2,74,16.9,76
2026-01-16 03:00:00,7474.0,Auvergne-Rhone-Alpes,9.7,76,16.0,88
2026-01-16 04:00:00,7571.0,Auvergne-Rhone-Alpes,9.5,76,15.1,94
2026-01-16 05:00:00,8110.0,Auvergne-Rhone-Alpes,9.4,76,15.8,20
2026-01-16 06:00:00,8645.5,Auvergne-Rhone-Alpes,9.4,76,15.1,42
2026-01-16 07:00:00,9127.5,Auvergne-Rhone-Alpes,9.3,76,14.4,100
2026-01-16 08:00:00,9416.5,Auvergne-Rhone-Alpes,10.4,73,15.5,23
2026-01-16 09:00:00,9533.0,Auvergne-Rhone-Alpes,9.8,75,13.5,43
2026-01-16 10:00:00,9519.0,Auvergne-Rhone-Alpes,9.1,79,11.7,70
2026-01-16 11:00:00,9436.0,Auvergne-Rhone-Alpes,9.4,77,12.1,96
2026-01-16 12:00:00,9352.0,Auvergne-Rhone-Alpes,10.4,74,11.7,77
2026-01-16 13:00:00,9156.0,Auvergne-Rhone-Alpes,11.1,72,10.3,80
2026-01-16 14:00:00,9006.5,Auvergne-Rhone-Alpes,10.9,65,10.2,100
2026-01-16 15:00:00,8620.5,Auvergne-Rhone-Alpes,12.1,60,8.9,80
2026-01-16 16:00:00,8520.5,Auvergne-Rhone-Alpes,12.4,60,8.5,99
2026-01-16 17:00:00,8981.0,Auvergne-Rhone-Alpes,12.2,64,8.5,100
2026-01-16 18:00:00,9117.0,Auvergne-Rhone-Alpes,10.9,68,8.7,100
2026-01-16 19:00:00,9007.5,Auvergne-Rhone-Alpes,9.8,72,6.6,100
2026-01-16 20:00:00,8510.0,Auvergne-Rhone-Alpes,10.7,61,12.9,100
2026-01-16 21:00:00,8140.5,Auvergne-Rhone-Alpes,11.0,60,14.9,100
2026-01-16 22:00:00,8466.5,Auvergne-Rhone-Alpes,10.4,63,16.2,100
2026-01-16 23:00:00,8056.5,Auvergne-Rhone-Alpes,10.1,65,16.6,100
2026-01-17 00:00:00,7709.0,Auvergne-Rhone-Alpes,9.4,72,11.1,100
2026-01-17 01:00:00,7570.5,Auvergne-Rhone-Alpes,8.8,75,8.5,100
2026-01-17 02:00:00,7394.0,Auvergne-Rhone-Alpes,8.4,83,11.1,100
2026-01-17 03:00:00,7147.5,Auvergne-Rhone-Alpes,8.4,81,10.2,100
2026-01-17 04:00:00,7031.0,Auvergne-Rhone-Alpes,8.4,80,10.8,100
2026-01-17 05:00:00,7113.5,Auvergne-Rhone-Alpes,8.4,79,9.5,100
2026-01-17 06:00:00,7231.5,Auvergne-Rhone-Alpes,8.1,82,7.9,100
2026-01-17 07:00:00,7538.5,Auvergne-Rhone-Alpes,8.0,83,6.4,100
2026-01-17 08:00:00,7898.0,Auvergne-Rhone-Alpes,8.0,82,8.4,100
2026-01-17 09:00:00,8324.0,Auvergne-Rhone-Alpes,7.7,80,8.2,100
2026-01-17 10:00:00,8494.0,Auvergne-Rhone-Alpes,7.8,80,7.3,100
2026-01-17 11:00:00,8786.5,Auvergne-Rhone-Alpes,8.4,80,6.3,100
2026-01-17 12:00:00,8659.0,Auvergne-Rhone-Alpes,8.6,79,8.6,100
2026-01-17 13:00:00,8452.5,Auvergne-Rhone-Alpes,7.9,87,9.1,100
2026-01-17 14:00:00,8216.0,Auvergne-Rhone-Alpes,7.9,92,5.9,100
2026-01-17 15:00:00,8021.5,Auvergne-Rhone-Alpes,7.9,95,9.1,100
2026-01-17 16:00:00,7853.0,Auvergne-Rhone-Alpes,7.6,94,7.8,100
2026-01-17 17:00:00,8123.5,Auvergne-Rhone-Alpes,7.5,92,6.8,100
2026-01-17 18:00:00,8500.5,Auvergne-Rhone-Alpes,7.2,91,1.7,100
2026-01-17 19:00:00,8360.0,Auvergne-Rhone-Alpes,7.2,91,0.7,100
2026-01-17 20:00:00,7946.0,Auvergne-Rhone-Alpes,6.8,95,2.7,99
2026-01-17 21:00:00,7766.0,Auvergne-Rhone-Alpes,6.4,97,1.9,98
2026-01-17 22:00:00,7970.0,Auvergne-Rhone-Alpes,6.3,97,4.0,100
2026-01-17 23:00:00,7791.0,Auvergne-Rhone-Alpes,5.9,98,4.1,100
2026-01-18 00:00:00,7569.0,Auvergne-Rhone-Alpes,5.8,98,4.0,100
2026-01-18 01:00:00,7481.0,Auvergne-Rhone-Alpes,5.5,96,2.3,98
2026-01-18 02:00:00,7308.0,Auvergne-Rhone-Alpes,4.4,100,2.9,100
2026-01-18 03:00:00,7159.0,Auvergne-Rhone-Alpes,3.5,100,2.7,100
2026-01-18 04:00:00,7071.0,Auvergne-Rhone-Alpes,4.0,99,3.1,100
2026-01-18 05:00:00,7064.5,Auvergne-Rhone-Alpes,4.0,99,0.8,100
2026-01-18 06:00:00,7218.0,Auvergne-Rhone-Alpes,3.8,99,2.0,100
2026-01-18 07:00:00,7425.5,Auvergne-Rhone-Alpes,3.7,97,2.8,100
2026-01-18 08:00:00,7811.0,Auvergne-Rhone-Alpes,4.0,97,1.0,100
2026-01-18 09:00:00,8336.0,Auvergne-Rhone-Alpes,3.5,98,0.9,100
2026-01-18 10:00:00,8641.0,Auvergne-Rhone-Alpes,3.8,98,3.3,100
2026-01-18 11:00:00,8796.5,Auvergne-Rhone-Alpes,4.2,98,2.7,100
2026-01-18 12:00:00,8797.0,Auvergne-Rhone-Alpes,4.8,97,1.5,100
2026-01-18 13:00:00,8411.5,Auvergne-Rhone-Alpes,6.2,91,1.4,100
2026-01-18 14:00:00,8224.0,Auvergne-Rhone-Alpes,5.6,93,1.7,100
2026-01-18 15:00:00,8074.5,Auvergne-Rhone-Alpes,6.5,90,1.2,100
2026-01-18 16:00:00,7825.0,Auvergne-Rhone-Alpes,7.1,88,1.5,100
2026-01-18 17:00:00,8229.0,Auvergne-Rhone-Alpes,7.1,87,1.3,100
2026-01-18 18:00:00,8822.0,Auvergne-Rhone-Alpes,6.3,92,0.9,100
2026-01-18 19:00:00,8671.5,Auvergne-Rhone-Alpes,5.4,94,1.7,100
2026-01-18 20:00:00,8320.5,Auvergne-Rhone-Alpes,5.4,97,3.0,98
2026-01-18 21:00:00,8055.0,Auvergne-Rhone-Alpes,5.1,98,1.5,100
2026-01-18 22:00:00,8299.5,Auvergne-Rhone-Alpes,4.7,99,0.8,100
2026-01-18 23:00:00,8106.5,Auvergne-Rhone-Alpes,4.4,99,1.8,100
2026-01-19 00:00:00,7952.0,Auvergne-Rhone-Alpes,3.5,99,0.9,100
2026-01-19 01:00:00,7775.0,Auvergne-Rhone-Alpes,3.1,100,0.2,100
2026-01-19 02:00:00,7695.5,Auvergne-Rhone-Alpes,3.4,100,1.3,100
2026-01-19 03:00:00,7582.5,Auvergne-Rhone-Alpes,3.6,100,0.0,100
2026-01-19 04:00:00,7773.0,Auvergne-Rhone-Alpes,3.6,99,0.5,100
2026-01-19 05:00:00,8419.0,Auvergne-Rhone-Alpes,3.4,99,1.8,100
2026-01-19 06:00:00,9061.0,Auvergne-Rhone-Alpes,3.4,98,3.2,100
2026-01-19 07:00:00,9573.5,Auvergne-Rhone-Alpes,3.5,97,3.4,100
2026-01-19 08:00:00,10122.0,Auvergne-Rhone-Alpes,3.6,93,3.1,100
2026-01-19 09:00:00,10174.0,Auvergne-Rhone-Alpes,3.2,92,3.8,100
2026-01-19 10:00:00,10153.0,Auvergne-Rhone-Alpes,3.1,91,5.3,100
2026-01-19 11:00:00,10127.0,Auvergne-Rhone-Alpes,3.4,91,3.9,100
2026-01-19 12:00:00,9957.5,Auvergne-Rhone-Alpes,3.7,97,4.2,100
2026-01-19 13:00:00,9751.5,Auvergne-Rhone-Alpes,4.8,91,1.5,100
2026-01-19 14:00:00,9522.0,Auvergne-Rhone-Alpes,4.7,93,2.5,100
2026-01-19 15:00:00,9283.5,Auvergne-Rhone-Alpes,5.7,90,3.2,100
2026-01-19 16:00:00,9187.0,Auvergne-Rhone-Alpes,6.7,85,2.7,100
2026-01-19 17:00:00,9749.5,Auvergne-Rhone-Alpes,6.9,84,3.4,100
2026-01-19 18:00:00,10027.0,Auvergne-Rhone-Alpes,5.8,89,1.7,88
2026-01-19 19:00:00,9755.0,Auvergne-Rhone-Alpes,4.2,93,1.7,67
2026-01-19 20:00:00,9226.0,Auvergne-Rhone-Alpes,3.4,99,2.5,100
2026-01-19 21:00:00,8914.5,Auvergne-Rhone-Alpes,3.0,100,1.9,100
2026-01-19 22:00:00,9022.5,Auvergne-Rhone-Alpes,3.1,99,1.9,100
2026-01-19 23:00:00,8814.0,Auvergne-Rhone-Alpes,2.8,99,1.0,100
2026-01-20 00:00:00,8557.0,Auvergne-Rhone-Alpes,2.7,99,2.0,100
2026-01-20 01:00:00,8594.5,Auvergne-Rhone-Alpes,2.8,100,2.9,100
2026-01-20 02:00:00,8336.0,Auvergne-Rhone-Alpes,2.0,99,1.7,100
2026-01-20 03:00:00,8208.0,Auvergne-Rhone-Alpes,2.2,100,1.9,100
2026-01-20 04:00:00,8410.0,Auvergne-Rhone-Alpes,2.1,100,1.3,100
2026-01-20 05:00:00,8767.0,Auvergne-Rhone-Alpes,2.0,99,0.9,100
2026-01-20 06:00:00,9445.0,Auvergne-Rhone-Alpes,2.2,98,1.4,100
2026-01-20 07:00:00,9987.0,Auvergne-Rhone-Alpes,2.2,98,1.5,100
2026-01-20 08:00:00,10459.0,Auvergne-Rhone-Alpes,2.0,95,1.5,100
2026-01-20 09:00:00,10678.0,Auvergne-Rhone-Alpes,2.0,96,1.4,100
2026-01-20 10:00:00,10715.5,Auvergne-Rhone-Alpes,2.2,94,0.7,100
2026-01-20 11:00:00,10552.5,Auvergne-Rhone-Alpes,2.8,91,1.0,100
2026-01-20 12:00:00,10428.0,Auvergne-Rhone-Alpes,3.2,95,0.4,100
2026-01-20 13:00:00,10011.5,Auvergne-Rhone-Alpes,4.3,90,2.9,100
2026-01-20 14:00:00,9688.5,Auvergne-Rhone-Alpes,3.5,93,1.9,100
2026-01-20 15:00:00,9405.5,Auvergne-Rhone-Alpes,4.8,88,1.3,59
2026-01-20 16:00:00,9272.0,Auvergne-Rhone-Alpes,5.8,84,2.0,73
2026-01-20 17:00:00,9713.0,Auvergne-Rhone-Alpes,5.9,82,1.3,82
2026-01-20 18:00:00,10227.5,Auvergne-Rhone-Alpes,4.8,88,1.4,21
2026-01-20 19:00:00,9905.5,Auvergne-Rhone-Alpes,3.1,92,2.3,15
2026-01-20 20:00:00,9457.5,Auvergne-Rhone-Alpes,2.2,96,2.4,78
2026-01-20 21:00:00,9255.0,Auvergne-Rhone-Alpes,1.5,97,3.5,99
2026-01-20 22:00:00,9400.0,Auvergne-Rhone-Alpes,0.9,99,2.7,100
2026-01-20 23:00:00,9038.5,Auvergne-Rhone-Alpes,0.7,100,3.1,100
2026-01-21 00:00:00,8819.0,Auvergne-Rhone-Alpes,0.5,100,1.0,100
2026-01-21 01:00:00,8756.5,Auvergne-Rhone-Alpes,0.6,99,5.9,100
2026-01-21 02:00:00,8595.5,Auvergne-Rhone-Alpes,0.1,100,9.6,100
2026-01-21 03:00:00,8479.0,Auvergne-Rhone-Alpes,0.8,97,11.1,100
2026-01-21 04:00:00,8634.5,Auvergne-Rhone-Alpes,0.9,92,2.2,67
2026-01-21 05:00:00,8979.0,Auvergne-Rhone-Alpes,1.5,90,7.3,80
2026-01-21 06:00:00,9566.5,Auvergne-Rhone-Alpes,2.6,89,12.9,7
2026-01-21 07:00:00,10238.5,Auvergne-Rhone-Alpes,2.2,91,10.3,88
2026-01-21 08:00:00,10611.5,Auvergne-Rhone-Alpes,1.9,92,10.5,54
2026-01-21 09:00:00,10619.5,Auvergne-Rhone-Alpes,2.0,91,11.7,75
2026-01-21 10:00:00,10644.0,Auvergne-Rhone-Alpes,2.7,92,13.2,96
2026-01-21 11:00:00,10656.0,Auvergne-Rhone-Alpes,4.3,89,14.4,99
2026-01-21 12:00:00,10310.5,Auvergne-Rhone-Alpes,6.5,83,16.9,91
2026-01-21 13:00:00,10097.5,Auvergne-Rhone-Alpes,8.1,78,18.2,46
2026-01-21 14:00:00,9711.5,Auvergne-Rhone-Alpes,9.2,75,19.5,39
2026-01-21 15:00:00,9337.0,Auvergne-Rhone-Alpes,9.8,70,21.7,69
2026-01-21 16:00:00,9037.5,Auvergne-Rhone-Alpes,9.6,71,22.5,87
2026-01-21 17:00:00,9642.0,Auvergne-Rhone-Alpes,9.1,72,21.5,46
2026-01-21 18:00:00,10079.5,Auvergne-Rhone-Alpes,8.1,74,18.6,3
2026-01-21 19:00:00,9810.0,Auvergne-Rhone-Alpes,7.3,73,17.1,8
2026-01-21 20:00:00,9315.5,Auvergne-Rhone-Alpes,7.3,74,16.3,9
2026-01-21 21:00:00,8950.5,Auvergne-Rhone-Alpes,7.1,73,14.4,49
2026-01-21 22:00:00,9099.0,Auvergne-Rhone-Alpes,7.4,71,16.6,98
2026-01-21 23:00:00,8724.5,Auvergne-Rhone-Alpes,7.6,75,18.8,100
2026-01-22 00:00:00,8522.5,Auvergne-Rhone-Alpes,7.6,76,17.8,100
2026-01-22 01:00:00,8479.5,Auvergne-Rhone-Alpes,7.3,74,15.8,98
2026-01-22 02:00:00,8319.0,Auvergne-Rhone-Alpes,7.1,72,17.0,52
2026-01-22 03:00:00,8118.5,Auvergne-Rhone-Alpes,7.0,71,16.7,92
2026-01-22 04:00:00,8199.0,Auvergne-Rhone-Alpes,6.8,73,17.0,96
2026-01-22 05:00:00,8544.5,Auvergne-Rhone-Alpes,6.7,76,17.5,100
2026-01-22 06:00:00,9169.0,Auvergne-Rhone-Alpes,6.2,81,15.9,100
2026-01-22 07:00:00,9676.5,Auvergne-Rhone-Alpes,6.1,82,14.5,100
2026-01-22 08:00:00,10058.5,Auvergne-Rhone-Alpes,5.6,90,8.9,100
2026-01-22 09:00:00,10272.5,Auvergne-Rhone-Alpes,5.7,93,8.1,100
2026-01-22 10:00:00,10249.5,Auvergne-Rhone-Alpes,5.6,91,11.6,100
2026-01-22 11:00:00,10244.5,Auvergne-Rhone-Alpes,6.1,89,11.6,99
2026-01-22 12:00:00,10234.5,Auvergne-Rhone-Alpes,6.9,86,10.7,99
2026-01-22 13:00:00,9907.5,Auvergne-Rhone-Alpes,8.0,78,13.5,100
2026-01-22 14:00:00,9601.0,Auvergne-Rhone-Alpes,8.2,81,14.8,98
2026-01-22 15:00:00,9297.5,Auvergne-Rhone-Alpes,8.6,79,14.2,85
2026-01-22 16:00:00,9154.5,Auvergne-Rhone-Alpes,9.1,73,13.3,95
2026-01-22 17:00:00,9594.0,Auvergne-Rhone-Alpes,8.8,75,11.4,100
2026-01-22 18:00:00,10014.0,Auvergne-Rhone-Alpes,7.8,80,9.8,90
2026-01-22 19:00:00,9711.5,Auvergne-Rhone-Alpes,6.6,84,10.3,100
2026-01-22 20:00:00,9224.5,Auvergne-Rhone-Alpes,6.1,94,10.0,80
2026-01-22 21:00:00,8880.0,Auvergne-Rhone-Alpes,5.5,96,9.4,97
2026-01-22 22:00:00,9209.0,Auvergne-Rhone-Alpes,5.3,97,9.3,44
2026-01-22 23:00:00,8902.0,Auvergne-Rhone-Alpes,4.8,97,8.4,24
2026-01-23 00:00:00,8651.0,Auvergne-Rhone-Alpes,4.3,97,9.3,11
2026-01-23 01:00:00,8558.0,Auvergne-Rhone-Alpes,4.0,97,9.9,4
2026-01-23 02:00:00,8453.5,Auvergne-Rhone-Alpes,3.6,96,11.6,0
2026-01-23 03:00:00,8329.0,Auvergne-Rhone-Alpes,3.6,96,12.0,12
2026-01-23 04:00:00,8442.0,Auvergne-Rhone-Alpes,3.6,95,14.2,1
2026-01-23 05:00:00,8732.0,Auvergne-Rhone-Alpes,3.9,94,17.0,33
2026-01-23 06:00:00,9338.5,Auvergne-Rhone-Alpes,4.3,93,18.2,98
2026-01-23 07:00:00,9779.0,Auvergne-Rhone-Alpes,4.6,92,16.7,97
2026-01-23 08:00:00,10181.0,Auvergne-Rhone-Alpes,4.9,93,18.5,100
2026-01-23 09:00:00,10223.0,Auvergne-Rhone-Alpes,5.7,92,17.7,100
2026-01-23 10:00:00,10172.0,Auvergne-Rhone-Alpes,6.3,90,18.3,100
2026-01-23 11:00:00,10272.5,Auvergne-Rhone-Alpes,7.2,85,17.5,99
2026-01-23 12:00:00,10144.5,Auvergne-Rhone-Alpes,8.4,78,19.4,98
2026-01-23 13:00:00,9943.0,Auvergne-Rhone-Alpes,8.9,78,15.8,100
2026-01-23 14:00:00,9733.0,Auvergne-Rhone-Alpes,8.4,81,15.5,100
2026-01-23 15:00:00,9612.0,Auvergne-Rhone-Alpes,7.7,88,13.8,100
2026-01-23 16:00:00,9425.0,Auvergne-Rhone-Alpes,6.8,91,13.4,100
2026-01-23 17:00:00,9820.0,Auvergne-Rhone-Alpes,5.8,93,9.4,100
2026-01-23 18:00:00,10031.5,Auvergne-Rhone-Alpes,5.6,92,7.3,100
2026-01-23 19:00:00,9730.0,Auvergne-Rhone-Alpes,5.1,95,5.5,100
2026-01-23 20:00:00,9356.5,Auvergne-Rhone-Alpes,4.9,95,12.1,100
2026-01-23 21:00:00,9188.5,Auvergne-Rhone-Alpes,4.1,98,13.9,100
2026-01-23 22:00:00,9412.5,Auvergne-Rhone-Alpes,3.6,97,10.9,98
2026-01-23 23:00:00,9080.0,Auvergne-Rhone-Alpes,3.2,97,7.8,9
2026-01-24 00:00:00,8864.5,Auvergne-Rhone-Alpes,2.1,98,5.0,1
2026-01-24 01:00:00,8865.5,Auvergne-Rhone-Alpes,1.2,100,3.5,3
2026-01-24 02:00:00,8602.5,Auvergne-Rhone-Alpes,1.0,100,2.8,100
2026-01-24 03:00:00,8484.5,Auvergne-Rhone-Alpes,0.3,100,0.6,100
2026-01-24 04:00:00,8476.0,Auvergne-Rhone-Alpes,0.2,100,2.4,100
2026-01-24 05:00:00,8575.5,Auvergne-Rhone-Alpes,0.1,99,2.3,100
2026-01-24 06:00:00,8668.0,Auvergne-Rhone-Alpes,-0.1,99,3.6,100
2026-01-24 07:00:00,8859.5,Auvergne-Rhone-Alpes,0.0,98,1.8,100
2026-01-24 08:00:00,9289.0,Auvergne-Rhone-Alpes,0.2,99,3.0,100
2026-01-24 09:00:00,9676.0,Auvergne-Rhone-Alpes,0.1,100,2.2,100
2026-01-24 10:00:00,9914.5,Auvergne-Rhone-Alpes,0.2,99,2.2,100
2026-01-24 11:00:00,9957.0,Auvergne-Rhone-Alpes,0.6,98,1.8,100
2026-01-24 12:00:00,9948.0,Auvergne-Rhone-Alpes,1.5,96,3.3,100
2026-01-24 13:00:00,9451.0,Auvergne-Rhone-Alpes,2.9,91,3.8,100
2026-01-24 14:00:00,9154.0,Auvergne-Rhone-Alpes,2.6,91,4.4,100
2026-01-24 15:00:00,8927.0,Auvergne-Rhone-Alpes,3.5,87,4.4,100
2026-01-24 16:00:00,8691.0,Auvergne-Rhone-Alpes,4.1,84,1.3,100
2026-01-24 17:00:00,9267.0,Auvergne-Rhone-Alpes,4.2,83,1.9,100
2026-01-24 18:00:00,9569.0,Auvergne-Rhone-Alpes,3.5,88,4.2,100
2026-01-24 19:00:00,9315.0,Auvergne-Rhone-Alpes,2.3,94,5.2,100
2026-01-24 20:00:00,8933.5,Auvergne-Rhone-Alpes,1.9,99,2.9,100
2026-01-24 21:00:00,8798.5,Auvergne-Rhone-Alpes,1.5,100,4.0,100
2026-01-24 22:00:00,9021.0,Auvergne-Rhone-Alpes,1.6,100,2.6,100
2026-01-24 23:00:00,8819.5,Auvergne-Rhone-Alpes,1.5,100,4.2,100
2026-01-25 00:00:00,8543.0,Auvergne-Rhone-Alpes,1.5,100,2.0,100
2026-01-25 01:00:00,8382.0,Auvergne-Rhone-Alpes,1.5,100,4.6,100
2026-01-25 02:00:00,8270.5,Auvergne-Rhone-Alpes,2.2,99,3.4,100
2026-01-25 03:00:00,8085.5,Auvergne-Rhone-Alpes,2.2,99,1.7,100
2026-01-25 04:00:00,7999.5,Auvergne-Rhone-Alpes,2.2,100,1.7,100
2026-01-25 05:00:00,8005.5,Auvergne-Rhone-Alpes,2.0,100,0.8,100
2026-01-25 06:00:00,7997.0,Auvergne-Rhone-Alpes,1.5,99,3.5,100
2026-01-25 07:00:00,8211.0,Auvergne-Rhone-Alpes,1.7,100,3.8,100
2026-01-25 08:00:00,8580.0,Auvergne-Rhone-Alpes,2.0,100,5.1,100
2026-01-25 09:00:00,9094.0,Auvergne-Rhone-Alpes,1.9,100,5.1,100
2026-01-25 10:00:00,9196.5,Auvergne-Rhone-Alpes,2.2,99,6.3,98
2026-01-25 11:00:00,9451.0,Auvergne-Rhone-Alpes,3.3,96,7.4,94
2026-01-25 12:00:00,9347.5,Auvergne-Rhone-Alpes,4.8,91,11.5,100
2026-01-25 13:00:00,8885.0,Auvergne-Rhone-Alpes,6.2,85,13.3,100
2026-01-25 14:00:00,8581.0,Auvergne-Rhone-Alpes,6.6,82,13.0,100
2026-01-25 15:00:00,8382.0,Auvergne-Rhone-Alpes,7.8,75,11.7,100
2026-01-25 16:00:00,8275.0,Auvergne-Rhone-Alpes,7.5,78,11.7,100
2026-01-25 17:00:00,8813.0,Auvergne-Rhone-Alpes,7.4,81,10.9,100
2026-01-25 18:00:00,9318.0,Auvergne-Rhone-Alpes,6.8,82,12.8,98
2026-01-25 19:00:00,9248.0,Auvergne-Rhone-Alpes,6.0,84,15.0,100
2026-01-25 20:00:00,8912.5,Auvergne-Rhone-Alpes,5.8,91,13.1,100
2026-01-25 21:00:00,8696.0,Auvergne-Rhone-Alpes,5.7,92,8.9,100
2026-01-25 22:00:00,8851.0,Auvergne-Rhone-Alpes,4.1,94,3.0,12
2026-01-25 23:00:00,8633.0,Auvergne-Rhone-Alpes,2.6,95,5.4,16
2026-01-26 00:00:00,8393.5,Auvergne-Rhone-Alpes,2.3,96,5.4,17
2026-01-26 01:00:00,8417.0,Auvergne-Rhone-Alpes,1.7,97,5.0,23
2026-01-26 02:00:00,8212.0,Auvergne-Rhone-Alpes,1.6,99,3.0,45
2026-01-26 03:00:00,8126.5,Auvergne-Rhone-Alpes,0.5,100,3.7,98
2026-01-26 04:00:00,8309.5,Auvergne-Rhone-Alpes,0.2,99,1.2,86
2026-01-26 05:00:00,8664.0,Auvergne-Rhone-Alpes,0.2,100,1.5,100
2026-01-26 06:00:00,9313.5,Auvergne-Rhone-Alpes,0.1,99,3.5,94
2026-01-26 07:00:00,9780.5,Auvergne-Rhone-Alpes,1.2,94,6.2,96
2026-01-26 08:00:00,10364.5,Auvergne-Rhone-Alpes,2.0,93,5.0,90
2026-01-26 09:00:00,10594.0,Auvergne-Rhone-Alpes,2.2,92,4.7,68
2026-01-26 10:00:00,10659.5,Auvergne-Rhone-Alpes,3.2,92,5.4,46
2026-01-26 11:00:00,10656.0,Auvergne-Rhone-Alpes,4.7,88,5.2,54
2026-01-26 12:00:00,10460.0,Auvergne-Rhone-Alpes,5.8,80,9.0,100
2026-01-26 13:00:00,10134.0,Auvergne-Rhone-Alpes,6.3,78,6.6,57
2026-01-26 14:00:00,9758.5,Auvergne-Rhone-Alpes,7.2,71,3.2,84
2026-01-26 15:00:00,9338.0,Auvergne-Rhone-Alpes,7.9,65,0.6,84
2026-01-26 16:00:00,9075.5,Auvergne-Rhone-Alpes,8.1,61,1.5,96
2026-01-26 17:00:00,9682.5,Auvergne-Rhone-Alpes,8.0,60,3.7,60
2026-01-26 18:00:00,10391.5,Auvergne-Rhone-Alpes,6.7,71,3.6,100
2026-01-26 19:00:00,10140.0,Auvergne-Rhone-Alpes,4.9,76,5.5,99
2026-01-26 20:00:00,9620.0,Auvergne-Rhone-Alpes,3.4,85,5.0,100
2026-01-26 21:00:00,9344.5,Auvergne-Rhone-Alpes,2.8,87,4.3,100
2026-01-26 22:00:00,9621.5,Auvergne-Rhone-Alpes,2.0,90,4.0,100
2026-01-26 23:00:00,9351.0,Auvergne-Rhone-Alpes,1.0,94,3.6,100
2026-01-27 00:00:00,9103.5,Auvergne-Rhone-Alpes,0.6,96,3.5,100
2026-01-27 01:00:00,9137.0,Auvergne-Rhone-Alpes,0.6,96,4.5,100
2026-01-27 02:00:00,8851.0,Auvergne-Rhone-Alpes,1.1,95,9.7,95
2026-01-27 03:00:00,8692.0,Auvergne-Rhone-Alpes,1.5,90,12.0,100
2026-01-27 04:00:00,8825.5,Auvergne-Rhone-Alpes,1.7,88,13.7,100
2026-01-27 05:00:00,9134.5,Auvergne-Rhone-Alpes,2.3,83,17.5,100
2026-01-27 06:00:00,9490.5,Auvergne-Rhone-Alpes,3.5,74,19.6,100
2026-01-27 07:00:00,10167.5,Auvergne-Rhone-Alpes,4.7,66,22.6,100
2026-01-27 08:00:00,10329.0,Auvergne-Rhone-Alpes,4.4,70,21.2,100
2026-01-27 09:00:00,10500.5,Auvergne-Rhone-Alpes,5.1,68,18.5,100
2026-01-27 10:00:00,10537.0,Auvergne-Rhone-Alpes,6.2,70,21.3,100
2026-01-27 11:00:00,10455.5,Auvergne-Rhone-Alpes,6.9,74,22.7,100
2026-01-27 12:00:00,10506.0,Auvergne-Rhone-Alpes,7.4,71,21.9,100
2026-01-27 13:00:00,10271.0,Auvergne-Rhone-Alpes,7.7,72,20.2,100
2026-01-27 14:00:00,10170.5,Auvergne-Rhone-Alpes,6.5,90,13.6,100
2026-01-27 15:00:00,10005.5,Auvergne-Rhone-Alpes,6.4,92,12.3,100
2026-01-27 16:00:00,9748.5,Auvergne-Rhone-Alpes,6.3,94,12.9,100
2026-01-27 17:00:00,9947.5,Auvergne-Rhone-Alpes,5.7,96,13.1,100
2026-01-27 18:00:00,10352.5,Auvergne-Rhone-Alpes,5.8,96,12.8,100
2026-01-27 19:00:00,9984.5,Auvergne-Rhone-Alpes,5.3,98,12.3,100
2026-01-27 20:00:00,9445.5,Auvergne-Rhone-Alpes,6.8,96,5.1,100
2026-01-27 21:00:00,9177.0,Auvergne-Rhone-Alpes,6.2,97,7.1,100
2026-01-27 22:00:00,9215.5,Auvergne-Rhone-Alpes,6.8,93,9.1,100
2026-01-27 23:00:00,8966.5,Auvergne-Rhone-Alpes,6.4,92,2.3,100
2026-01-28 00:00:00,8586.5,Auvergne-Rhone-Alpes,6.1,93,5.8,100
2026-01-28 01:00:00,8746.5,Auvergne-Rhone-Alpes,6.0,91,11.7,100
2026-01-28 02:00:00,8429.0,Auvergne-Rhone-Alpes,6.1,89,10.0,100
2026-01-28 03:00:00,8348.0,Auvergne-Rhone-Alpes,5.8,92,14.3,100
2026-01-28 04:00:00,8426.0,Auvergne-Rhone-Alpes,5.5,93,15.3,100
2026-01-28 05:00:00,8771.5,Auvergne-Rhone-Alpes,5.2,93,13.0,100
2026-01-28 06:00:00,9387.0,Auvergne-Rhone-Alpes,5.2,94,12.0,100
2026-01-28 07:00:00,9925.0,Auvergne-Rhone-Alpes,5.1,94,14.4,100
2026-01-28 08:00:00,10343.5,Auvergne-Rhone-Alpes,5.5,94,10.6,100
2026-01-28 09:00:00,10586.0,Auvergne-Rhone-Alpes,5.5,93,12.4,100
2026-01-28 10:00:00,10752.5,Auvergne-Rhone-Alpes,5.3,93,12.6,100
2026-01-28 11:00:00,10822.0,Auvergne-Rhone-Alpes,5.2,94,10.8,100
2026-01-28 12:00:00,10713.5,Auvergne-Rhone-Alpes,5.7,91,11.7,100
2026-01-28 13:00:00,10484.0,Auvergne-Rhone-Alpes,6.0,88,11.7,100
2026-01-28 14:00:00,10330.0,Auvergne-Rhone-Alpes,6.2,86,10.6,100
2026-01-28 15:00:00,10026.5,Auvergne-Rhone-Alpes,7.0,85,8.5,100
2026-01-28 16:00:00,9807.5,Auvergne-Rhone-Alpes,6.4,86,12.4,100
2026-01-28 17:00:00,10133.0,Auvergne-Rhone-Alpes,6.3,85,11.8,100
2026-01-28 18:00:00,10433.5,Auvergne-Rhone-Alpes,5.9,89,11.1,100
2026-01-28 19:00:00,10234.0,Auvergne-Rhone-Alpes,5.3,91,9.3,100
2026-01-28 20:00:00,9738.5,Auvergne-Rhone-Alpes,5.0,94,9.4,100
2026-01-28 21:00:00,9273.0,Auvergne-Rhone-Alpes,4.8,93,10.6,100
2026-01-28 22:00:00,9426.0,Auvergne-Rhone-Alpes,4.6,92,11.4,100
2026-01-28 23:00:00,9180.5,Auvergne-Rhone-Alpes,4.3,92,11.0,100
2026-01-29 00:00:00,8857.5,Auvergne-Rhone-Alpes,4.2,93,9.6,100
2026-01-29 01:00:00,8805.5,Auvergne-Rhone-Alpes,4.0,93,6.1,100
2026-01-29 02:00:00,8679.5,Auvergne-Rhone-Alpes,4.1,92,6.4,99
2026-01-29 03:00:00,8561.0,Auvergne-Rhone-Alpes,4.7,89,7.4,100
2026-01-29 04:00:00,8670.5,Auvergne-Rhone-Alpes,4.8,89,5.6,100
2026-01-29 05:00:00,8992.0,Auvergne-Rhone-Alpes,4.4,91,4.7,98
2026-01-29 06:00:00,9622.0,Auvergne-Rhone-Alpes,4.0,89,2.4,70
2026-01-29 07:00:00,10244.0,Auvergne-Rhone-Alpes,3.3,90,0.5,46
2026-01-29 08:00:00,10604.0,Auvergne-Rhone-Alpes,3.2,93,3.3,26
2026-01-29 09:00:00,10691.0,Auvergne-Rhone-Alpes,1.6,95,4.2,10
2026-01-29 10:00:00,10592.0,Auvergne-Rhone-Alpes,2.6,96,6.4,13
2026-01-29 11:00:00,10464.5,Auvergne-Rhone-Alpes,4.1,93,4.8,15
2026-01-29 12:00:00,10284.5,Auvergne-Rhone-Alpes,5.2,90,3.5,15
2026-01-29 13:00:00,10024.5,Auvergne-Rhone-Alpes,6.2,81,2.4,6
2026-01-29 14:00:00,9765.0,Auvergne-Rhone-Alpes,7.2,73,1.1,59
2026-01-29 15:00:00,9306.5,Auvergne-Rhone-Alpes,8.1,67,1.0,77
2026-01-29 16:00:00,8980.5,Auvergne-Rhone-Alpes,8.4,65,2.1,45
2026-01-29 17:00:00,9551.5,Auvergne-Rhone-Alpes,8.2,65,5.4,0
2026-01-29 18:00:00,10167.0,Auvergne-Rhone-Alpes,7.1,73,5.6,0
2026-01-29 19:00:00,10001.0,Auvergne-Rhone-Alpes,4.9,80,2.8,0
2026-01-29 20:00:00,9449.5,Auvergne-Rhone-Alpes,4.1,83,2.4,27
2026-01-29 21:00:00,9181.5,Auvergne-Rhone-Alpes,3.2,86,4.7,0
2026-01-29 22:00:00,9386.0,Auvergne-Rhone-Alpes,2.0,91,4.3,10
2026-01-29 23:00:00,9112.0,Auvergne-Rhone-Alpes,2.0,92,4.6,100
2026-01-30 00:00:00,8837.5,Auvergne-Rhone-Alpes,2.8,91,6.3,100
2026-01-30 01:00:00,8755.5,Auvergne-Rhone-Alpes,3.2,89,8.7,97
2026-01-30 02:00:00,8535.5,Auvergne-Rhone-Alpes,4.2,91,11.3,100
2026-01-30 03:00:00,8397.0,Auvergne-Rhone-Alpes,4.3,92,12.2,94
2026-01-30 04:00:00,8423.0,Auvergne-Rhone-Alpes,4.2,93,12.6,100
2026-01-30 05:00:00,8844.5,Auvergne-Rhone-Alpes,4.3,92,11.6,83
2026-01-30 06:00:00,9358.0,Auvergne-Rhone-Alpes,3.6,93,11.0,92
2026-01-30 07:00:00,9722.0,Auvergne-Rhone-Alpes,3.1,94,11.9,100
2026-01-30 08:00:00,10405.0,Auvergne-Rhone-Alpes,4.2,95,8.6,100
2026-01-30 09:00:00,10532.5,Auvergne-Rhone-Alpes,4.2,97,7.9,100
2026-01-30 10:00:00,10652.0,Auvergne-Rhone-Alpes,4.2,98,8.5,100
2026-01-30 11:00:00,10642.5,Auvergne-Rhone-Alpes,4.9,97,9.0,100
2026-01-30 12:00:00,10444.5,Auvergne-Rhone-Alpes,6.2,96,8.8,100
2026-01-30 13:00:00,9981.0,Auvergne-Rhone-Alpes,7.7,90,10.0,53
2026-01-30 14:00:00,9734.5,Auvergne-Rhone-Alpes,8.6,87,7.2,54
2026-01-30 15:00:00,9326.5,Auvergne-Rhone-Alpes,9.9,80,8.4,27
2026-01-30 16:00:00,8931.5,Auvergne-Rhone-Alpes,10.6,73,5.5,91
2026-01-30 17:00:00,9350.0,Auvergne-Rhone-Alpes,10.6,70,7.4,28
2026-01-30 18:00:00,9696.5,Auvergne-Rhone-Alpes,9.4,75,9.0,23
2026-01-30 19:00:00,9477.5,Auvergne-Rhone-Alpes,7.8,79,11.4,43
2026-01-30 20:00:00,9080.0,Auvergne-Rhone-Alpes,6.6,86,9.3,52
2026-01-30 21:00:00,8848.0,Auvergne-Rhone-Alpes,6.7,85,9.8,95
2026-01-30 22:00:00,9109.5,Auvergne-Rhone-Alpes,6.9,83,13.6,99
2026-01-30 23:00:00,8914.5,Auvergne-Rhone-Alpes,6.7,82,14.5,88
2026-01-31 00:00:00,8525.5,Auvergne-Rhone-Alpes,5.8,85,11.1,99
2026-01-31 01:00:00,8424.0,Auvergne-Rhone-Alpes,5.0,88,8.3,100
2026-01-31 02:00:00,8185.5,Auvergne-Rhone-Alpes,4.7,92,6.9,100
2026-01-31 03:00:00,8006.0,Auvergne-Rhone-Alpes,4.3,94,6.0,100
2026-01-31 04:00:00,8028.5,Auvergne-Rhone-Alpes,3.7,96,3.9,100
2026-01-31 05:00:00,8080.5,Auvergne-Rhone-Alpes,4.0,96,5.3,100
2026-01-31 06:00:00,8094.5,Auvergne-Rhone-Alpes,3.9,96,3.1,100
2026-01-31 07:00:00,8320.5,Auvergne-Rhone-Alpes,3.5,96,2.9,100
2026-01-31 08:00:00,8832.0,Auvergne-Rhone-Alpes,4.1,96,4.9,100
2026-01-31 09:00:00,9193.0,Auvergne-Rhone-Alpes,3.7,97,2.9,100
2026-01-31 10:00:00,9284.0,Auvergne-Rhone-Alpes,3.9,97,3.0,72
2026-01-31 11:00:00,9427.0,Auvergne-Rhone-Alpes,5.4,94,2.5,80
2026-01-31 12:00:00,9383.0,Auvergne-Rhone-Alpes,7.1,89,3.5,98
2026-01-31 13:00:00,8931.5,Auvergne-Rhone-Alpes,8.2,85,3.6,96
2026-01-31 14:00:00,8616.5,Auvergne-Rhone-Alpes,8.8,76,2.3,100
2026-01-31 15:00:00,8347.0,Auvergne-Rhone-Alpes,9.4,73,3.7,99
2026-01-31 16:00:00,8029.5,Auvergne-Rhone-Alpes,9.4,73,4.0,100
2026-01-31 17:00:00,8376.5,Auvergne-Rhone-Alpes,8.9,73,6.0,100
2026-01-31 18:00:00,8968.5,Auvergne-Rhone-Alpes,8.1,81,5.5,100
2026-01-31 19:00:00,8824.5,Auvergne-Rhone-Alpes,7.2,85,1.5,100
2026-01-31 20:00:00,8425.5,Auvergne-Rhone-Alpes,7.1,87,1.4,100
2026-01-31 21:00:00,8284.0,Auvergne-Rhone-Alpes,5.9,89,0.8,100
2026-01-31 22:00:00,8491.5,Auvergne-Rhone-Alpes,5.5,92,0.9,100
2025-11-02 00:00:00,3119.5,Occitanie,13.6,97,9.1,100
2025-11-02 01:00:00,3060.0,Occitanie,13.4,94,8.7,100
2025-11-02 02:00:00,2935.0,Occitanie,13.1,89,9.3,100
2025-11-02 03:00:00,2682.0,Occitanie,12.6,94,7.4,100
2025-11-02 04:00:00,2632.0,Occitanie,12.4,95,6.9,100
2025-11-02 05:00:00,2655.5,Occitanie,12.3,96,7.6,100
2025-11-02 06:00:00,2784.5,Occitanie,12.4,96,5.1,100
2025-11-02 07:00:00,2865.0,Occitanie,12.1,97,5.2,100
2025-11-02 08:00:00,2767.0,Occitanie,11.6,96,7.7,100
2025-11-02 09:00:00,3506.5,Occitanie,11.6,96,6.1,100
2025-11-02 10:00:00,3662.0,Occitanie,11.9,94,8.8,100
2025-11-02 11:00:00,3959.5,Occitanie,13.0,87,9.3,80
2025-11-02 12:00:00,4070.5,Occitanie,14.4,81,10.0,100
2025-11-02 13:00:00,3806.5,Occitanie,15.1,75,15.3,100
2025-11-02 14:00:00,3617.5,Occitanie,15.0,69,18.9,100
2025-11-02 15:00:00,3345.0,Occitanie,15.6,65,20.2,100
2025-11-02 16:00:00,3563.0,Occitanie,15.6,66,17.3,87
2025-11-02 17:00:00,3655.0,Occitanie,15.4,65,17.8,94
2025-11-02 18:00:00,4023.5,Occitanie,14.8,71,13.5,91
2025-11-02 19:00:00,3996.0,Occitanie,13.9,77,16.6,74
2025-11-02 20:00:00,3654.5,Occitanie,13.1,87,15.3,97
2025-11-02 21:00:00,3553.5,Occitanie,13.2,84,15.8,63
2025-11-02 22:00:00,3681.0,Occitanie,12.8,84,16.4,100
2025-11-02 23:00:00,3633.0,Occitanie,12.7,86,16.0,31
2025-11-03 00:00:00,3252.5,Occitanie,12.1,90,15.4,32
2025-11-03 01:00:00,3156.0,Occitanie,11.6,93,15.4,50
2025-11-03 02:00:00,3059.0,Occitanie,11.7,93,14.3,50
2025-11-03 03:00:00,2876.0,Occitanie,11.8,93,12.5,99
2025-11-03 04:00:00,2921.5,Occitanie,11.3,95,9.7,85
2025-11-03 05:00:00,3254.0,Occitanie,10.8,96,8.3,86
2025-11-03 06:00:00,3624.5,Occitanie,10.6,97,7.5,84
2025-11-03 07:00:00,4031.0,Occitanie,10.3,97,6.7,64
2025-11-03 08:00:00,3910.5,Occitanie,9.9,96,5.9,16
2025-11-03 09:00:00,3963.5,Occitanie,9.6,97,5.1,4
2025-11-03 10:00:00,4004.0,Occitanie,10.7,95,4.0,6
2025-11-03 11:00:00,4024.5,Occitanie,12.4,90,2.5,24
2025-11-03 12:00:00,4209.0,Occitanie,13.9,82,0.5,37
2025-11-03 13:00:00,3986.5,Occitanie,15.0,74,1.3,28
2025-11-03 14:00:00,3943.5,Occitanie,15.8,70,3.3,11
2025-11-03 15:00:00,3787.5,Occitanie,16.3,65,4.6,3
2025-11-03 16:00:00,3655.0,Occitanie,16.5,62,6.2,0
2025-11-03 17:00:00,4076.5,Occitanie,16.2,63,7.9,0
2025-11-03 18:00:00,4489.5,Occitanie,15.1,70,6.8,0
2025-11-03 19:00:00,4232.0,Occitanie,13.4,77,7.9,0
2025-11-03 20:00:00,3966.0,Occitanie,12.4,80,8.1,0
2025-11-03 21:00:00,3785.5,Occitanie,11.5,83,7.4,0
2025-11-03 22:00:00,3933.5,Occitanie,11.1,83,7.8,0
2025-11-03 23:00:00,3816.5,Occitanie,10.8,82,7.7,0
2025-11-04 00:00:00,3473.5,Occitanie,10.0,86,8.0,0
2025-11-04 01:00:00,3391.0,Occitanie,9.4,87,7.6,0
2025-11-04 02:00:00,3198.0,Occitanie,9.1,85,10.2,0
2025-11-04 03:00:00,3236.5,Occitanie,8.8,83,11.2,0
2025-11-04 04:00:00,3183.5,Occitanie,9.1,80,10.5,0
2025-11-04 05:00:00,3470.5,Occitanie,9.8,77,13.1,0
2025-11-04 06:00:00,3927.5,Occitanie,10.6,75,15.8,0
2025-11-04 07:00:00,4156.5,Occitanie,11.2,73,18.0,0
2025-11-04 08:00:00,4116.0,Occitanie,11.1,73,16.3,0
2025-11-04 09:00:00,4017.0,Occitanie,10.6,73,16.2,0
2025-11-04 10:00:00,4154.5,Occitanie,11.6,68,17.9,2
2025-11-04 11:00:00,4107.5,Occitanie,13.5,65,18.3,13
2025-11-04 12:00:00,4269.5,Occitanie,14.5,68,20.1,17
2025-11-04 13:00:00,4087.5,Occitanie,15.8,72,21.2,16
2025-11-04 14:00:00,3997.0,Occitanie,17.2,68,19.7,23
2025-11-04 15:00:00,4104.0,Occitanie,17.8,68,17.3,29
2025-11-04 16:00:00,3807.0,Occitanie,18.4,64,17.7,9
2025-11-04 17:00:00,4162.5,Occitanie,18.5,66,15.7,61
2025-11-04 18:00:00,4462.0,Occitanie,17.5,70,15.6,100
2025-11-04 19:00:00,4316.0,Occitanie,16.1,78,14.6,89
2025-11-04 20:00:00,3994.0,Occitanie,15.6,81,17.4,98
2025-11-04 21:00:00,3771.5,Occitanie,15.2,84,17.9,100
2025-11-04 22:00:00,3911.5,Occitanie,15.1,86,18.9,100
2025-11-04 23:00:00,3700.0,Occitanie,14.9,86,17.7,23
2025-11-05 00:00:00,3348.0,Occitanie,14.4,87,17.0,20
2025-11-05 01:00:00,3314.0,Occitanie,14.2,87,17.6,12
2025-11-05 02:00:00,3124.0,Occitanie,14.1,88,18.1,41
2025-11-05 03:00:00,2982.0,Occitanie,14.0,87,18.0,23
2025-11-05 04:00:00,2996.0,Occitanie,14.2,85,19.7,24
2025-11-05 05:00:00,3334.0,Occitanie,14.4,84,21.5,34
2025-11-05 06:00:00,3748.0,Occitanie,14.4,84,22.3,24
2025-11-05 07:00:00,3854.0,Occitanie,14.3,84,21.1,32
2025-11-05 08:00:00,4084.5,Occitanie,14.2,85,21.0,69
2025-11-05 09:00:00,4102.5,Occitanie,14.3,85,21.7,43
2025-11-05 10:00:00,4182.0,Occitanie,15.4,80,22.2,74
2025-11-05 11:00:00,4154.5,Occitanie,16.5,77,17.6,92
2025-11-05 12:00:00,4431.5,Occitanie,17.9,71,21.7,72
2025-11-05 13:00:00,4241.0,Occitanie,19.3,64,21.6,29
2025-11-05 14:00:00,4173.5,Occitanie,19.7,64,23.4,63
2025-11-05 15:00:00,4055.5,Occitanie,19.6,64,23.9,52
2025-11-05 16:00:00,3838.0,Occitanie,19.4,65,23.9,89
2025-11-05 17:00:00,4198.0,Occitanie,18.9,68,20.7,100
2025-11-05 18:00:00,4543.0,Occitanie,18.0,71,22.3,100
2025-11-05 19:00:00,4225.5,Occitanie,17.1,75,23.5,100
2025-11-05 20:00:00,3888.5,Occitanie,16.7,80,22.8,95
2025-11-05 21:00:00,3691.0,Occitanie,16.5,83,24.3,100
2025-11-05 22:00:00,3823.5,Occitanie,16.5,82,24.9,100
2025-11-05 23:00:00,3585.5,Occitanie,16.1,84,25.7,100
2025-11-06 00:00:00,3247.5,Occitanie,16.0,84,26.1,100
2025-11-06 01:00:00,3175.0,Occitanie,16.1,83,24.5,100
2025-11-06 02:00:00,3011.0,Occitanie,16.0,84,30.5,100
2025-11-06 03:00:00,2996.0,Occitanie,16.2,82,28.0,100
2025-11-06 04:00:00,2835.5,Occitanie,16.1,82,23.1,100
2025-11-06 05:00:00,2924.5,Occitanie,16.0,83,22.5,100
2025-11-06 06:00:00,3644.5,Occitanie,15.9,81,24.6,99
2025-11-06 07:00:00,3874.5,Occitanie,15.8,81,27.5,100
2025-11-06 08:00:00,4166.5,Occitanie,15.6,86,10.3,100
2025-11-06 09:00:00,4282.5,Occitanie,14.7,93,11.8,100
2025-11-06 10:00:00,4325.5,Occitanie,14.1,97,13.5,100
2025-11-06 11:00:00,4502.5,Occitanie,14.4,95,7.7,100
2025-11-06 12:00:00,4551.5,Occitanie,14.6,96,5.4,100
2025-11-06 13:00:00,4446.5,Occitanie,14.4,97,5.4,100
2025-11-06 14:00:00,4334.5,Occitanie,14.9,80,6.5,100
2025-11-06 15:00:00,4145.0,Occitanie,13.9,86,9.4,100
2025-11-06 16:00:00,4026.0,Occitanie,13.1,94,8.6,100
2025-11-06 17:00:00,4351.5,Occitanie,12.6,96,9.4,100
2025-11-06 18:00:00,4601.5,Occitanie,12.1,95,6.5,100
2025-11-06 19:00:00,4476.5,Occitanie,11.4,96,12.9,100
2025-11-06 20:00:00,4007.5,Occitanie,11.5,95,8.0,100
2025-11-06 21:00:00,3750.0,Occitanie,11.6,95,7.9,100
2025-11-06 22:00:00,3988.0,Occitanie,11.3,96,9.7,100
2025-11-06 23:00:00,3854.0,Occitanie,11.2,95,10.9,100
2025-11-07 00:00:00,3375.5,Occitanie,11.1,91,13.5,100
2025-11-07 01:00:00,3354.5,Occitanie,10.7,92,11.2,100
2025-11-07 02:00:00,3162.5,Occitanie,11.7,93,14.1,100
2025-11-07 03:00:00,3107.5,Occitanie,11.9,92,14.4,100
2025-11-07 04:00:00,3091.0,Occitanie,11.8,95,16.5,100
2025-11-07 05:00:00,3358.5,Occitanie,11.8,95,17.6,100
2025-11-07 06:00:00,3835.5,Occitanie,11.8,95,19.0,100
2025-11-07 07:00:00,3904.0,Occitanie,11.8,95,19.7,100
2025-11-07 08:00:00,4169.0,Occitanie,11.8,93,14.7,100
2025-11-07 09:00:00,4254.0,Occitanie,11.8,91,13.4,100
2025-11-07 10:00:00,4203.5,Occitanie,12.2,88,12.7,85
2025-11-07 11:00:00,4309.5,Occitanie,13.1,85,8.8,95
2025-11-07 12:00:00,4319.0,Occitanie,14.4,77,8.5,38
2025-11-07 13:00:00,4123.0,Occitanie,15.5,71,7.6,66
2025-11-07 14:00:00,3971.5,Occitanie,16.2,69,4.1,30
2025-11-07 15:00:00,3644.0,Occitanie,16.6,66,1.9,22
2025-11-07 16:00:00,3680.0,Occitanie,17.0,64,0.7,46
2025-11-07 17:00:00,3903.5,Occitanie,16.8,63,1.2,2
2025-11-07 18:00:00,4375.0,Occitanie,15.4,77,2.7,22
2025-11-07 19:00:00,4169.0,Occitanie,13.6,82,1.5,2
2025-11-07 20:00:00,4062.0,Occitanie,13.1,81,5.2,87
2025-11-07 21:00:00,3734.5,Occitanie,11.9,87,7.7,66
2025-11-07 22:00:00,3868.0,Occitanie,11.3,89,6.1,98
2025-11-07 23:00:00,3960.0,Occitanie,11.2,90,4.5,100
2025-11-08 00:00:00,3428.5,Occitanie,11.1,92,3.6,100
2025-11-08 01:00:00,3223.0,Occitanie,11.4,91,4.5,100
2025-11-08 02:00:00,3135.0,Occitanie,11.8,94,4.4,100
2025-11-08 03:00:00,3012.5,Occitanie,11.6,95,3.1,100
2025-11-08 04:00:00,2944.0,Occitanie,11.6,94,2.0,100
2025-11-08 05:00:00,3110.5,Occitanie,11.6,95,2.8,100
2025-11-08 06:00:00,3280.5,Occitanie,11.4,96,2.3,100
2025-11-08 07:00:00,3273.5,Occitanie,11.5,96,6.1,100
2025-11-08 08:00:00,3615.5,Occitanie,11.3,95,15.9,100
2025-11-08 09:00:00,3863.0,Occitanie,11.1,94,14.9,100
2025-11-08 10:00:00,3935.0,Occitanie,11.0,96,14.9,100
2025-11-08 11:00:00,4087.5,Occitanie,11.1,96,15.2,100
2025-11-08 12:00:00,4366.0,Occitanie,11.2,96,15.0,100
2025-11-08 13:00:00,4180.5,Occitanie,11.2,95,16.6,100
2025-11-08 14:00:00,3973.0,Occitanie,11.8,94,16.9,100
2025-11-08 15:00:00,3732.0,Occitanie,12.7,92,15.2,100
2025-11-08 16:00:00,3703.5,Occitanie,12.8,91,14.2,100
2025-11-08 17:00:00,3884.0,Occitanie,12.9,89,13.0,100
2025-11-08 18:00:00,4240.0,Occitanie,12.9,89,12.4,95
2025-11-08 19:00:00,4227.0,Occitanie,12.6,88,12.3,98
2025-11-08 20:00:00,3921.0,Occitanie,12.1,90,12.1,72
2025-11-08 21:00:00,3683.5,Occitanie,12.0,88,12.7,84
2025-11-08 22:00:00,3886.5,Occitanie,11.2,90,11.0,18
2025-11-08 23:00:00,3727.5,Occitanie,10.6,93,10.0,12
2025-11-09 00:00:00,3537.0,Occitanie,10.0,95,9.9,16
2025-11-09 01:00:00,3392.0,Occitanie,9.6,96,9.4,11
2025-11-09 02:00:00,3254.0,Occitanie,9.4,97,9.4,15
2025-11-09 03:00:00,3060.0,Occitanie,9.0,97,8.7,26
2025-11-09 04:00:00,2964.5,Occitanie,8.8,97,8.5,30
2025-11-09 05:00:00,2997.5,Occitanie,8.4,98,8.0,43
2025-11-09 06:00:00,3140.5,Occitanie,8.2,98,6.7,88
2025-11-09 07:00:00,3241.5,Occitanie,8.2,99,5.2,95
2025-11-09 08:00:00,3231.0,Occitanie,9.0,100,6.5,100
2025-11-09 09:00:00,3711.0,Occitanie,8.9,100,5.4,100
2025-11-09 10:00:00,3876.5,Occitanie,9.2,98,4.7,100
2025-11-09 11:00:00,4146.0,Occitanie,9.8,97,4.5,100
2025-11-09 12:00:00,4193.5,Occitanie,10.9,93,4.6,100
2025-11-09 13:00:00,3897.0,Occitanie,11.8,86,4.3,98
2025-11-09 14:00:00,3606.0,Occitanie,13.2,76,4.6,26
2025-11-09 15:00:00,3409.0,Occitanie,13.9,72,4.8,22
2025-11-09 16:00:00,3414.0,Occitanie,14.1,69,5.1,13
2025-11-09 17:00:00,3909.0,Occitanie,13.7,68,6.2,95
2025-11-09 18:00:00,4177.5,Occitanie,12.4,77,6.0,99
2025-11-09 19:00:00,4226.5,Occitanie,10.7,84,6.4,84
2025-11-09 20:00:00,3979.5,Occitanie,9.5,89,3.1,73
2025-11-09 21:00:00,3809.0,Occitanie,8.9,89,2.0,84
2025-11-09 22:00:00,3960.5,Occitanie,8.0,92,3.1,93
2025-11-09 23:00:00,4035.5,Occitanie,7.6,93,5.1,98
2025-11-10 00:00:00,3636.5,Occitanie,7.1,93,5.6,99
2025-11-10 01:00:00,3561.0,Occitanie,6.7,93,4.8,100
2025-11-10 02:00:00,3428.0,Occitanie,6.8,92,1.4,100
2025-11-10 03:00:00,3367.5,Occitanie,6.4,93,4.0,100
2025-11-10 04:00:00,3313.0,Occitanie,6.4,93,5.6,100
2025-11-10 05:00:00,3569.5,Occitanie,6.2,94,5.5,100
2025-11-10 06:00:00,4107.0,Occitanie,5.8,94,5.8,100
2025-11-10 07:00:00,4304.5,Occitanie,5.8,92,5.6,100
2025-11-10 08:00:00,4298.5,Occitanie,5.6,94,7.1,29
2025-11-10 09:00:00,4381.5,Occitanie,5.8,90,10.0,57
2025-11-10 10:00:00,4119.0,Occitanie,7.7,83,9.8,100
2025-11-10 11:00:00,4291.5,Occitanie,9.7,79,7.2,91
2025-11-10 12:00:00,4453.5,Occitanie,11.8,76,4.9,95
2025-11-10 13:00:00,4250.0,Occitanie,14.1,69,4.8,100
2025-11-10 14:00:00,4013.5,Occitanie,15.4,62,4.0,23
2025-11-10 15:00:00,3841.0,Occitanie,16.1,58,2.2,1
2025-11-10 16:00:00,3811.0,Occitanie,16.4,56,2.2,13
2025-11-10 17:00:00,4222.0,Occitanie,16.0,59,3.5,0
2025-11-10 18:00:00,4677.5,Occitanie,14.4,72,1.3,0
2025-11-10 19:00:00,4464.0,Occitanie,12.7,72,0.5,2
2025-11-10 20:00:00,4298.0,Occitanie,11.9,74,1.0,9
2025-11-10 21:00:00,4069.0,Occitanie,11.2,77,2.9,44
2025-11-10 22:00:00,4235.5,Occitanie,10.9,79,6.0,100
2025-11-10 23:00:00,4115.5,Occitanie,9.7,85,8.6,39
2025-11-11 00:00:00,3822.0,Occitanie,8.9,87,7.7,15
2025-11-11 01:00:00,3683.5,Occitanie,8.5,88,5.5,99
2025-11-11 02:00:00,3608.5,Occitanie,7.7,91,6.1,2
2025-11-11 03:00:00,3474.5,Occitanie,7.2,93,7.2,0
2025-11-11 04:00:00,3383.0,Occitanie,6.8,93,8.5,95
2025-11-11 05:00:00,3493.0,Occitanie,7.1,90,7.6,58
2025-11-11 06:00:00,3688.5,Occitanie,7.1,89,8.0,97
2025-11-11 07:00:00,3819.0,Occitanie,7.1,88,7.6,100
2025-11-11 08:00:00,4001.5,Occitanie,6.6,89,6.4,100
2025-11-11 09:00:00,4005.0,Occitanie,6.4,89,7.3,97
2025-11-11 10:00:00,4143.0,Occitanie,7.9,84,8.8,93
2025-11-11 11:00:00,4352.0,Occitanie,10.9,78,10.4,61
2025-11-11 12:00:00,4510.5,Occitanie,13.7,68,7.0,0
2025-11-11 13:00:00,4138.0,Occitanie,15.6,60,11.3,12
2025-11-11 14:00:00,3845.5,Occitanie,16.7,56,14.1,66
2025-11-11 15:00:00,3813.0,Occitanie,16.9,57,14.8,75
2025-11-11 16:00:00,3669.5,Occitanie,16.2,63,15.2,99
2025-11-11 17:00:00,4290.0,Occitanie,15.2,72,16.3,98
2025-11-11 18:00:00,4585.0,Occitanie,14.0,79,18.6,98
2025-11-11 19:00:00,4381.5,Occitanie,13.1,84,20.2,41
2025-11-11 20:00:00,4208.5,Occitanie,12.9,87,20.0,45
2025-11-11 21:00:00,3869.0,Occitanie,12.9,89,20.5,67
2025-11-11 22:00:00,4005.5,Occitanie,13.0,89,20.3,64
2025-11-11 23:00:00,3904.5,Occitanie,12.8,91,19.6,81
2025-11-12 00:00:00,3602.5,Occitanie,12.8,92,18.5,73
2025-11-12 01:00:00,3432.0,Occitanie,12.8,93,17.8,61
2025-11-12 02:00:00,3477.0,Occitanie,12.6,92,16.8,28
2025-11-12 03:00:00,3191.5,Occitanie,12.5,90,15.2,13
2025-11-12 04:00:00,3274.0,Occitanie,11.9,90,12.8,43
2025-11-12 05:00:00,3533.0,Occitanie,12.0,89,13.5,41
2025-11-12 06:00:00,3937.0,Occitanie,12.2,90,12.8,98
2025-11-12 07:00:00,4126.5,Occitanie,12.4,91,12.0,92
2025-11-12 08:00:00,4356.5,Occitanie,12.8,92,16.5,90
2025-11-12 09:00:00,4452.5,Occitanie,12.9,92,18.6,95
2025-11-12 10:00:00,4354.0,Occitanie,13.6,89,19.6,97
2025-11-12 11:00:00,4471.5,Occitanie,15.2,83,20.1,96
2025-11-12 12:00:00,4612.5,Occitanie,17.1,77,18.0,67
2025-11-12 13:00:00,4493.0,Occitanie,18.7,70,20.3,28
2025-11-12 14:00:00,4273.0,Occitanie,19.0,69,20.2,38
2025-11-12 15:00:00,4081.0,Occitanie,19.5,65,21.0,23
2025-11-12 16:00:00,4002.5,Occitanie,19.0,63,20.3,40
2025-11-12 17:00:00,4387.5,Occitanie,18.2,70,23.8,43
2025-11-12 18:00:00,4686.0,Occitanie,17.0,73,26.5,87
2025-11-12 19:00:00,4525.0,Occitanie,16.0,79,29.2,62
2025-11-12 20:00:00,4107.0,Occitanie,16.4,83,31.5,86
2025-11-12 21:00:00,3789.5,Occitanie,16.4,82,33.1,91
2025-11-12 22:00:00,3876.0,Occitanie,16.2,82,35.3,84
2025-11-12 23:00:00,3860.5,Occitanie,16.0,83,34.5,94
2025-11-13 00:00:00,3540.5,Occitanie,16.0,82,32.2,92
2025-11-13 01:00:00,3367.5,Occitanie,16.3,78,29.8,73
2025-11-13 02:00:00,3132.0,Occitanie,16.0,80,29.4,57
2025-11-13 03:00:00,2961.0,Occitanie,16.0,77,28.4,73
2025-11-13 04:00:00,3042.0,Occitanie,16.2,78,28.0,59
2025-11-13 05:00:00,3303.0,Occitanie,16.2,80,28.9,92
2025-11-13 06:00:00,3597.5,Occitanie,16.4,80,31.1,88
2025-11-13 07:00:00,3971.0,Occitanie,16.1,84,32.3,94
2025-11-13 08:00:00,4145.0,Occitanie,15.9,89,30.6,100
2025-11-13 09:00:00,4102.5,Occitanie,16.0,90,32.3,100
2025-11-13 10:00:00,4141.5,Occitanie,16.5,87,33.0,100
2025-11-13 11:00:00,9805.0,Occitanie,17.2,82,26.6,93
2025-11-13 12:00:00,4410.0,Occitanie,18.5,74,23.4,89
2025-11-13 13:00:00,4121.5,Occitanie,19.5,69,26.7,94
2025-11-13 14:00:00,4160.0,Occitanie,19.7,67,27.7,100
2025-11-13 15:00:00,4014.5,Occitanie,19.9,66,26.9,99
2025-11-13 16:00:00,3947.0,Occitanie,19.0,70,31.2,100
2025-11-13 17:00:00,4227.0,Occitanie,18.0,74,38.6,100
2025-11-13 18:00:00,4557.0,Occitanie,17.2,81,39.9,100
2025-11-13 19:00:00,4347.0,Occitanie,17.0,84,36.5,100
2025-11-13 20:00:00,4051.0,Occitanie,17.4,83,38.0,100
2025-11-13 21:00:00,3680.5,Occitanie,17.0,87,38.9,100
2025-11-13 22:00:00,3828.5,Occitanie,17.0,89,38.6,100
2025-11-13 23:00:00,3766.5,Occitanie,17.2,88,39.3,100
2025-11-14 00:00:00,3308.0,Occitanie,17.4,87,40.8,100
2025-11-14 01:00:00,3210.5,Occitanie,17.4,85,39.5,100
2025-11-14 02:00:00,3148.5,Occitanie,17.5,82,39.0,100
2025-11-14 03:00:00,3034.0,Occitanie,17.4,84,38.5,99
2025-11-14 04:00:00,2917.5,Occitanie,17.6,80,40.6,98
2025-11-14 05:00:00,3254.5,Occitanie,17.7,79,36.7,97
2025-11-14 06:00:00,3818.0,Occitanie,17.7,78,31.2,98
2025-11-14 07:00:00,3979.0,Occitanie,17.5,79,30.2,100
2025-11-14 08:00:00,4004.5,Occitanie,17.1,85,31.2,99
2025-11-14 09:00:00,4057.5,Occitanie,17.2,87,31.7,99
2025-11-14 10:00:00,4082.5,Occitanie,17.6,84,30.5,99
2025-11-14 11:00:00,4269.0,Occitanie,18.5,78,21.0,98
2025-11-14 12:00:00,4404.5,Occitanie,19.2,79,11.9,96
2025-11-14 13:00:00,4222.0,Occitanie,20.3,74,10.4,99
2025-11-14 14:00:00,4092.0,Occitanie,19.9,73,8.1,100
2025-11-14 15:00:00,4030.0,Occitanie,20.7,62,17.7,95
2025-11-14 16:00:00,3747.5,Occitanie,20.2,63,17.3,100
2025-11-14 17:00:00,4115.5,Occitanie,19.6,64,16.6,100
2025-11-14 18:00:00,4261.0,Occitanie,18.9,69,14.7,96
2025-11-14 19:00:00,4163.0,Occitanie,17.0,82,3.2,98
2025-11-14 20:00:00,3845.0,Occitanie,16.2,85,3.3,22
2025-11-14 21:00:00,3635.0,Occitanie,15.1,88,2.2,1
2025-11-14 22:00:00,3686.0,Occitanie,14.1,92,3.1,3
2025-11-14 23:00:00,3593.5,Occitanie,13.1,96,2.1,22
2025-11-15 00:00:00,3242.0,Occitanie,13.4,95,7.8,77
2025-11-15 01:00:00,3166.0,Occitanie,14.4,91,13.2,69
2025-11-15 02:00:00,3064.0,Occitanie,15.1,85,13.2,18
2025-11-15 03:00:00,2867.5,Occitanie,14.4,87,11.5,42
2025-11-15 04:00:00,2721.5,Occitanie,13.9,91,12.4,100
2025-11-15 05:00:00,2837.0,Occitanie,13.1,93,8.2,27
2025-11-15 06:00:00,2973.5,Occitanie,11.8,93,3.8,13
2025-11-15 07:00:00,3015.5,Occitanie,11.7,93,6.7,3
2025-11-15 08:00:00,3340.5,Occitanie,11.0,100,0.6,2
2025-11-15 09:00:00,3459.0,Occitanie,10.5,100,3.1,84
2025-11-15 10:00:00,3601.0,Occitanie,11.4,98,4.7,100
2025-11-15 11:00:00,3800.5,Occitanie,13.8,93,5.1,51
2025-11-15 12:00:00,4116.0,Occitanie,15.8,86,7.1,1
2025-11-15 13:00:00,3784.0,Occitanie,17.5,78,6.9,0
2025-11-15 14:00:00,3510.0,Occitanie,19.3,66,4.7,0
2025-11-15 15:00:00,3219.5,Occitanie,19.2,61,6.5,32
2025-11-15 16:00:00,3202.0,Occitanie,19.2,60,9.1,100
2025-11-15 17:00:00,3575.5,Occitanie,18.5,63,9.3,100
2025-11-15 18:00:00,3813.0,Occitanie,16.9,68,8.5,100
2025-11-15 19:00:00,3795.0,Occitanie,15.9,68,10.1,100
2025-11-15 20:00:00,3484.0,Occitanie,15.7,69,11.2,100
2025-11-15 21:00:00,3305.5,Occitanie,15.6,72,13.1,100
2025-11-15 22:00:00,3465.5,Occitanie,15.6,73,14.8,100
2025-11-15 23:00:00,3405.5,Occitanie,15.6,69,16.8,100
2025-11-16 00:00:00,3057.0,Occitanie,15.2,74,13.7,100
2025-11-16 01:00:00,3106.5,Occitanie,14.1,82,10.0,100
2025-11-16 02:00:00,2919.5,Occitanie,13.6,87,7.4,96
2025-11-16 03:00:00,2777.5,Occitanie,12.2,90,0.2,100
2025-11-16 04:00:00,2648.5,Occitanie,12.4,96,17.0,100
2025-11-16 05:00:00,2720.0,Occitanie,12.8,93,12.2,100
2025-11-16 06:00:00,2821.0,Occitanie,12.6,89,9.1,95
2025-11-16 07:00:00,2877.5,Occitanie,11.9,86,6.0,41
2025-11-16 08:00:00,3115.0,Occitanie,11.8,94,1.5,83
2025-11-16 09:00:00,3419.5,Occitanie,11.4,95,1.9,100
2025-11-16 10:00:00,3646.0,Occitanie,12.3,95,6.3,1
2025-11-16 11:00:00,3792.0,Occitanie,13.5,88,7.2,10
2025-11-16 12:00:00,3928.5,Occitanie,14.8,80,4.9,12
2025-11-16 13:00:00,3564.0,Occitanie,16.1,71,2.4,62
2025-11-16 14:00:00,3460.0,Occitanie,16.9,57,1.8,52
2025-11-16 15:00:00,3223.0,Occitanie,17.2,58,5.6,91
2025-11-16 16:00:00,3132.0,Occitanie,17.0,60,6.9,90
2025-11-16 17:00:00,3657.0,Occitanie,16.9,60,8.1,89
2025-11-16 18:00:00,3937.5,Occitanie,15.6,66,7.2,100
2025-11-16 19:00:00,3802.5,Occitanie,14.4,71,7.3,100
2025-11-16 20:00:00,3538.5,Occitanie,14.0,71,9.3,76
2025-11-16 21:00:00,3416.0,Occitanie,12.6,80,9.5,33
2025-11-16 22:00:00,3616.0,Occitanie,11.3,86,1.9,36
2025-11-16 23:00:00,3556.0,Occitanie,10.6,90,3.2,0
2025-11-17 00:00:00,3263.5,Occitanie,10.1,91,3.6,9
2025-11-17 01:00:00,3194.5,Occitanie,10.1,90,2.2,1
2025-11-17 02:00:00,3050.5,Occitanie,9.9,91,4.8,21
2025-11-17 03:00:00,2953.5,Occitanie,9.5,92,3.2,75
2025-11-17 04:00:00,2949.0,Occitanie,9.6,92,1.2,8
2025-11-17 05:00:00,3211.0,Occitanie,8.8,94,3.1,31
2025-11-17 06:00:00,3774.0,Occitanie,8.6,94,3.8,41
2025-11-17 07:00:00,4037.5,Occitanie,9.0,92,6.1,77
2025-11-17 08:00:00,4106.0,Occitanie,8.2,96,4.6,23
2025-11-17 09:00:00,4101.5,Occitanie,9.1,93,4.7,37
2025-11-17 10:00:00,4066.5,Occitanie,10.4,90,6.3,13
2025-11-17 11:00:00,4282.0,Occitanie,11.9,88,5.6,30
2025-11-17 12:00:00,4291.5,Occitanie,13.1,83,7.0,13
2025-11-17 13:00:00,4095.0,Occitanie,14.2,78,9.2,5
2025-11-17 14:00:00,4085.0,Occitanie,14.1,79,10.3,36
2025-11-17 15:00:00,3832.0,Occitanie,14.4,76,13.3,84
2025-11-17 16:00:00,3814.0,Occitanie,13.9,75,13.1,57
2025-11-17 17:00:00,4210.5,Occitanie,13.4,76,11.6,20
2025-11-17 18:00:00,4636.5,Occitanie,12.9,79,9.3,22
2025-11-17 19:00:00,4480.5,Occitanie,11.6,84,9.9,29
2025-11-17 20:00:00,4189.0,Occitanie,11.6,86,14.2,40
2025-11-17 21:00:00,3934.5,Occitanie,10.1,81,14.3,13
2025-11-17 22:00:00,4064.0,Occitanie,8.6,81,12.5,1
2025-11-17 23:00:00,4070.0,Occitanie,7.3,75,11.7,0
2025-11-18 00:00:00,3709.0,Occitanie,6.3,74,10.8,0
2025-11-18 01:00:00,3615.5,Occitanie,5.6,76,9.3,0
2025-11-18 02:00:00,3618.5,Occitanie,4.9,79,10.0,0
2025-11-18 03:00:00,3488.5,Occitanie,4.3,81,9.8,0
2025-11-18 04:00:00,3468.5,Occitanie,3.8,83,9.6,0
2025-11-18 05:00:00,3926.5,Occitanie,3.3,86,10.1,0
2025-11-18 06:00:00,4476.0,Occitanie,3.0,90,9.5,0
2025-11-18 07:00:00,4817.5,Occitanie,2.7,92,9.8,0
2025-11-18 08:00:00,4970.5,Occitanie,2.5,92,10.4,0
2025-11-18 09:00:00,4868.5,Occitanie,2.1,94,10.1,0
2025-11-18 10:00:00,4751.5,Occitanie,2.8,91,9.2,0
2025-11-18 11:00:00,4804.0,Occitanie,4.2,85,9.4,0
2025-11-18 12:00:00,4776.0,Occitanie,5.8,79,8.5,0
2025-11-18 13:00:00,4709.5,Occitanie,7.2,73,9.4,0
2025-11-18 14:00:00,4439.5,Occitanie,7.8,68,11.9,41
2025-11-18 15:00:00,4379.5,Occitanie,8.4,64,11.2,69
2025-11-18 16:00:00,4330.5,Occitanie,8.5,61,10.7,37
2025-11-18 17:00:00,5090.0,Occitanie,8.4,60,10.2,25
2025-11-18 18:00:00,5512.5,Occitanie,7.2,68,6.2,27
2025-11-18 19:00:00,5282.5,Occitanie,5.6,76,4.5,9
2025-11-18 20:00:00,4951.5,Occitanie,4.6,78,5.0,17
2025-11-18 21:00:00,4788.5,Occitanie,4.1,79,5.0,13
2025-11-18 22:00:00,4883.5,Occitanie,3.2,83,4.8,49
2025-11-18 23:00:00,4698.0,Occitanie,2.9,83,2.4,27
2025-11-19 00:00:00,4479.5,Occitanie,2.3,85,3.2,44
2025-11-19 01:00:00,4417.0,Occitanie,1.9,87,3.6,16
2025-11-19 02:00:00,4298.5,Occitanie,1.4,89,3.2,92
2025-11-19 03:00:00,4193.5,Occitanie,1.3,90,4.6,88
2025-11-19 04:00:00,4308.0,Occitanie,0.9,91,5.2,92
2025-11-19 05:00:00,4669.5,Occitanie,0.6,91,5.0,100
2025-11-19 06:00:00,5217.5,Occitanie,0.2,92,4.8,100
2025-11-19 07:00:00,5601.0,Occitanie,-0.1,92,4.4,37
2025-11-19 08:00:00,5535.0,Occitanie,-0.4,93,5.7,94
2025-11-19 09:00:00,5464.0,Occitanie,-1.0,93,3.9,29
2025-11-19 10:00:00,5310.0,Occitanie,0.9,91,3.9,94
2025-11-19 11:00:00,5310.5,Occitanie,3.0,86,0.6,100
2025-11-19 12:00:00,5380.0,Occitanie,4.8,79,1.9,100
2025-11-19 13:00:00,5149.0,Occitanie,5.9,74,2.8,92
2025-11-19 14:00:00,5081.0,Occitanie,7.4,75,4.1,10
2025-11-19 15:00:00,4970.5,Occitanie,8.2,72,5.1,61
2025-11-19 16:00:00,5041.0,Occitanie,9.1,68,4.1,99
2025-11-19 17:00:00,5422.5,Occitanie,9.4,67,1.0,100
2025-11-19 18:00:00,5792.5,Occitanie,8.8,75,4.2,100
2025-11-19 19:00:00,5659.5,Occitanie,8.2,75,7.8,22
2025-11-19 20:00:00,5219.0,Occitanie,6.9,81,6.1,68
2025-11-19 21:00:00,4898.0,Occitanie,7.3,82,8.3,98
2025-11-19 22:00:00,5000.5,Occitanie,7.7,91,16.9,88
2025-11-19 23:00:00,4811.5,Occitanie,7.6,93,17.6,100
2025-11-20 00:00:00,4482.0,Occitanie,6.8,91,17.6,15
2025-11-20 01:00:00,4465.0,Occitanie,5.5,93,13.5,15
2025-11-20 02:00:00,4285.5,Occitanie,4.8,95,11.2,29
2025-11-20 03:00:00,4161.0,Occitanie,4.2,96,10.9,30
2025-11-20 04:00:00,4243.0,Occitanie,3.8,96,12.3,31
2025-11-20 05:00:00,4648.0,Occitanie,3.1,97,11.3,29
2025-11-20 06:00:00,5112.5,Occitanie,2.8,97,11.0,95
2025-11-20 07:00:00,5526.0,Occitanie,2.6,96,10.2,99
2025-11-20 08:00:00,5590.0,Occitanie,2.5,96,8.7,100
2025-11-20 09:00:00,5654.0,Occitanie,2.2,96,7.0,100
2025-11-20 10:00:00,5503.0,Occitanie,2.5,95,7.3,46
2025-11-20 11:00:00,5625.0,Occitanie,3.7,88,10.3,41
2025-11-20 12:00:00,5634.0,Occitanie,4.9,79,11.2,56
2025-11-20 13:00:00,5383.5,Occitanie,6.2,70,11.0,34
2025-11-20 14:00:00,5206.0,Occitanie,6.8,66,10.6,9
2025-11-20 15:00:00,5212.0,Occitanie,7.3,60,11.3,27
2025-11-20 16:00:00,5212.5,Occitanie,7.3,58,11.0,100
2025-11-20 17:00:00,5787.0,Occitanie,6.8,60,9.5,89
2025-11-20 18:00:00,6139.5,Occitanie,5.9,68,4.9,99
2025-11-20 19:00:00,5908.0,Occitanie,4.9,73,4.8,100
2025-11-20 20:00:00,5662.5,Occitanie,4.1,81,4.3,100
2025-11-20 21:00:00,5254.0,Occitanie,4.3,82,3.2,100
2025-11-20 22:00:00,5419.5,Occitanie,3.5,86,4.6,100
2025-11-20 23:00:00,5253.5,Occitanie,3.5,91,7.7,74
2025-11-21 00:00:00,4888.0,Occitanie,3.0,93,4.8,96
2025-11-21 01:00:00,4910.0,Occitanie,2.8,92,7.7,100
2025-11-21 02:00:00,4782.5,Occitanie,2.5,97,10.9,54
2025-11-21 03:00:00,4659.0,Occitanie,2.0,97,11.1,33
2025-11-21 04:00:00,4689.0,Occitanie,1.8,97,12.4,36
2025-11-21 05:00:00,5115.5,Occitanie,1.5,97,12.3,16
2025-11-21 06:00:00,5685.5,Occitanie,1.0,96,13.1,28
2025-11-21 07:00:00,6053.0,Occitanie,0.8,96,11.0,98
2025-11-21 08:00:00,6096.0,Occitanie,0.9,96,13.2,76
2025-11-21 09:00:00,6154.0,Occitanie,0.9,97,12.7,96
2025-11-21 10:00:00,6126.5,Occitanie,1.3,95,13.1,100
2025-11-21 11:00:00,6128.0,Occitanie,1.9,90,15.1,32
2025-11-21 12:00:00,6275.0,Occitanie,2.8,79,18.1,37
2025-11-21 13:00:00,5981.0,Occitanie,3.8,66,20.5,87
2025-11-21 14:00:00,5881.5,Occitanie,3.8,62,21.7,78
2025-11-21 15:00:00,5766.0,Occitanie,4.0,58,22.5,39
2025-11-21 16:00:00,5825.5,Occitanie,4.1,60,23.5,98
2025-11-21 17:00:00,6363.0,Occitanie,3.8,63,23.6,100
2025-11-21 18:00:00,6565.0,Occitanie,3.8,66,20.4,91
2025-11-21 19:00:00,6316.0,Occitanie,3.2,73,17.5,28
2025-11-21 20:00:00,6079.5,Occitanie,3.2,77,18.3,2
2025-11-21 21:00:00,5745.5,Occitanie,2.8,77,17.1,7
2025-11-21 22:00:00,5818.0,Occitanie,2.2,77,15.6,77
2025-11-21 23:00:00,5571.5,Occitanie,2.3,79,19.6,77
2025-11-22 00:00:00,5308.5,Occitanie,2.4,81,21.1,50
2025-11-22 01:00:00,5280.5,Occitanie,2.0,85,17.2,39
2025-11-22 02:00:00,5036.5,Occitanie,2.2,89,16.1,16
2025-11-22 03:00:00,4920.5,Occitanie,1.6,92,15.1,32
2025-11-22 04:00:00,4911.0,Occitanie,1.3,93,14.0,29
2025-11-22 05:00:00,5160.5,Occitanie,0.9,94,13.7,16
2025-11-22 06:00:00,5354.5,Occitanie,0.5,94,11.7,20
2025-11-22 07:00:00,5562.5,Occitanie,0.0,94,11.4,23
2025-11-22 08:00:00,5885.5,Occitanie,-0.5,95,9.3,20
2025-11-22 09:00:00,5822.0,Occitanie,-0.9,95,6.7,35
2025-11-22 10:00:00,5746.0,Occitanie,-0.6,94,8.0,35
2025-11-22 11:00:00,5932.0,Occitanie,0.6,88,9.8,40
2025-11-22 12:00:00,6053.5,Occitanie,2.0,78,10.1,58
2025-11-22 13:00:00,5549.5,Occitanie,3.3,73,7.8,4
2025-11-22 14:00:00,5376.0,Occitanie,5.1,67,9.4,2
2025-11-22 15:00:00,5117.0,Occitanie,5.8,62,9.0,91
2025-11-22 16:00:00,5201.0,Occitanie,5.9,59,7.7,94
2025-11-22 17:00:00,5840.0,Occitanie,5.8,59,7.2,78
2025-11-22 18:00:00,6189.0,Occitanie,4.4,69,4.5,37
2025-11-22 19:00:00,6193.0,Occitanie,2.9,74,4.4,98
2025-11-22 20:00:00,5882.0,Occitanie,2.3,75,2.9,100
2025-11-22 21:00:00,5573.0,Occitanie,1.6,79,2.5,100
2025-11-22 22:00:00,5826.5,Occitanie,1.4,83,4.2,100
2025-11-22 23:00:00,5756.5,Occitanie,0.9,86,6.4,100
2025-11-23 00:00:00,5337.5,Occitanie,0.6,85,6.6,100
2025-11-23 01:00:00,5257.5,Occitanie,1.0,82,7.7,100
2025-11-23 02:00:00,5098.5,Occitanie,1.4,84,8.1,100
2025-11-23 03:00:00,4884.0,Occitanie,1.5,88,10.8,100
2025-11-23 04:00:00,4733.0,Occitanie,1.8,89,9.4,100
2025-11-23 05:00:00,4845.5,Occitanie,1.9,88,11.0,100
2025-11-23 06:00:00,4969.5,Occitanie,2.3,86,10.1,100
2025-11-23 07:00:00,5071.0,Occitanie,2.5,88,8.5,100
2025-11-23 08:00:00,5363.5,Occitanie,2.3,92,6.3,100
2025-11-23 09:00:00,5471.0,Occitanie,3.2,92,5.6,100
2025-11-23 10:00:00,5643.0,Occitanie,4.2,95,6.4,100
2025-11-23 11:00:00,5674.5,Occitanie,5.9,94,5.3,100
2025-11-23 12:00:00,5654.5,Occitanie,8.4,91,4.0,100
2025-11-23 13:00:00,5294.0,Occitanie,10.9,87,10.9,100
2025-11-23 14:00:00,5067.0,Occitanie,11.8,90,13.2,100
2025-11-23 15:00:00,4943.0,Occitanie,11.4,92,13.5,100
2025-11-23 16:00:00,4946.0,Occitanie,11.1,91,14.7,100
2025-11-23 17:00:00,5337.0,Occitanie,11.2,90,15.4,100
2025-11-23 18:00:00,5599.0,Occitanie,11.7,86,17.0,100
2025-11-23 19:00:00,5398.5,Occitanie,11.8,81,16.1,99
2025-11-23 20:00:00,5176.0,Occitanie,11.8,81,12.7,100
2025-11-23 21:00:00,4833.0,Occitanie,11.9,76,12.7,100
2025-11-23 22:00:00,4972.0,Occitanie,11.8,74,10.7,100
2025-11-23 23:00:00,4857.5,Occitanie,11.2,76,8.7,100
2025-11-24 00:00:00,4642.0,Occitanie,11.0,76,7.3,100
2025-11-24 01:00:00,4411.5,Occitanie,10.0,78,4.8,100
2025-11-24 02:00:00,4291.5,Occitanie,11.6,76,7.6,100
2025-11-24 03:00:00,4127.0,Occitanie,11.1,78,8.8,100
2025-11-24 04:00:00,4085.5,Occitanie,10.5,81,5.2,100
2025-11-24 05:00:00,4452.0,Occitanie,11.0,75,9.0,100
2025-11-24 06:00:00,4978.0,Occitanie,11.2,76,14.5,100
2025-11-24 07:00:00,5254.5,Occitanie,10.6,80,11.0,100
2025-11-24 08:00:00,5354.5,Occitanie,10.2,90,10.5,100
2025-11-24 09:00:00,5522.5,Occitanie,9.6,94,11.7,100
2025-11-24 10:00:00,5419.0,Occitanie,9.6,90,12.0,100
2025-11-24 11:00:00,5612.0,Occitanie,10.1,87,12.3,100
2025-11-24 12:00:00,5666.5,Occitanie,11.5,81,12.2,100
2025-11-24 13:00:00,5548.0,Occitanie,11.4,87,8.8,100
2025-11-24 14:00:00,5379.5,Occitanie,11.1,90,10.1,100
2025-11-24 15:00:00,5291.0,Occitanie,11.1,93,12.0,100
2025-11-24 16:00:00,5091.0,Occitanie,12.1,88,19.3,88
2025-11-24 17:00:00,5414.5,Occitanie,12.4,84,16.2,96
2025-11-24 18:00:00,5766.5,Occitanie,11.4,89,18.9,100
2025-11-24 19:00:00,5627.5,Occitanie,11.1,96,20.1,99
2025-11-24 20:00:00,5283.0,Occitanie,10.2,93,19.3,100
2025-11-24 21:00:00,4933.0,Occitanie,9.7,85,20.1,27
2025-11-24 22:00:00,5115.5,Occitanie,8.9,86,18.9,96
2025-11-24 23:00:00,4981.0,Occitanie,8.2,86,16.7,95
2025-11-25 00:00:00,4654.0,Occitanie,7.9,87,16.6,17
2025-11-25 01:00:00,4584.0,Occitanie,7.2,87,16.9,22
2025-11-25 02:00:00,4439.0,Occitanie,7.6,89,15.9,61
2025-11-25 03:00:00,4307.5,Occitanie,7.2,91,18.4,88
2025-11-25 04:00:00,4319.0,Occitanie,7.2,91,17.3,70
2025-11-25 05:00:00,4542.0,Occitanie,7.3,91,18.3,80
2025-11-25 06:00:00,5283.5,Occitanie,7.4,89,18.2,72
2025-11-25 07:00:00,5406.0,Occitanie,7.1,87,17.9,86
2025-11-25 08:00:00,5573.5,Occitanie,6.9,95,16.6,70
2025-11-25 09:00:00,5439.5,Occitanie,7.1,97,16.1,76
2025-11-25 10:00:00,5404.0,Occitanie,7.2,94,15.6,88
2025-11-25 11:00:00,5555.5,Occitanie,7.8,83,18.4,53
2025-11-25 12:00:00,5696.0,Occitanie,8.2,83,16.2,98
2025-11-25 13:00:00,5518.5,Occitanie,8.6,79,18.0,94
2025-11-25 14:00:00,5360.5,Occitanie,8.6,78,18.2,72
2025-11-25 15:00:00,5247.5,Occitanie,9.2,66,19.1,79
2025-11-25 16:00:00,5216.0,Occitanie,8.9,74,17.3,93
2025-11-25 17:00:00,5822.0,Occitanie,8.6,71,17.5,83
2025-11-25 18:00:00,6185.0,Occitanie,6.8,82,18.5,48
2025-11-25 19:00:00,5984.0,Occitanie,6.4,84,15.5,22
2025-11-25 20:00:00,5630.5,Occitanie,6.2,89,15.7,14
2025-11-25 21:00:00,5191.0,Occitanie,5.9,86,15.4,39
2025-11-25 22:00:00,5389.0,Occitanie,5.8,84,15.1,43
2025-11-25 23:00:00,5220.5,Occitanie,5.3,82,14.1,9
2025-11-26 00:00:00,4909.0,Occitanie,4.7,83,13.0,6
2025-11-26 01:00:00,4765.0,Occitanie,4.1,87,12.6,13
2025-11-26 02:00:00,4707.0,Occitanie,4.4,87,13.2,11
2025-11-26 03:00:00,4572.0,Occitanie,4.2,88,13.0,5
2025-11-26 04:00:00,4539.0,Occitanie,3.7,89,13.0,5
2025-11-26 05:00:00,4870.5,Occitanie,3.3,89,11.8,22
2025-11-26 06:00:00,5530.0,Occitanie,2.9,90,11.5,13
2025-11-26 07:00:00,5901.5,Occitanie,2.5,92,11.9,6
2025-11-26 08:00:00,5960.5,Occitanie,2.5,91,12.6,0
2025-11-26 09:00:00,5976.0,Occitanie,2.0,93,12.6,0
2025-11-26 10:00:00,5927.0,Occitanie,2.4,91,12.3,0
2025-11-26 11:00:00,5992.5,Occitanie,3.5,87,13.3,7
2025-11-26 12:00:00,6058.5,Occitanie,4.9,79,16.9,30
2025-11-26 13:00:00,5849.0,Occitanie,6.2,73,18.2,30
2025-11-26 14:00:00,5668.0,Occitanie,6.3,76,19.6,58
2025-11-26 15:00:00,5627.5,Occitanie,6.8,70,20.7,69
2025-11-26 16:00:00,5677.0,Occitanie,6.8,68,20.3,54
2025-11-26 17:00:00,6182.0,Occitanie,6.8,67,17.2,59
2025-11-26 18:00:00,6455.0,Occitanie,6.2,71,13.9,30
2025-11-26 19:00:00,6284.0,Occitanie,5.2,77,12.8,2
2025-11-26 20:00:00,5889.5,Occitanie,4.8,83,12.3,2
2025-11-26 21:00:00,5618.0,Occitanie,4.1,86,11.3,0
2025-11-26 22:00:00,5660.5,Occitanie,3.7,88,10.7,0
2025-11-26 23:00:00,5543.5,Occitanie,3.3,89,10.4,0
2025-11-27 00:00:00,5216.5,Occitanie,3.0,89,9.6,0
2025-11-27 01:00:00,5149.0,Occitanie,2.7,90,9.1,11
2025-11-27 02:00:00,5126.5,Occitanie,2.7,91,8.5,1
2025-11-27 03:00:00,4991.0,Occitanie,2.0,93,6.6,63
2025-11-27 04:00:00,5043.5,Occitanie,1.5,94,6.2,20
2025-11-27 05:00:00,5276.5,Occitanie,1.2,94,7.7,20
2025-11-27 06:00:00,5935.5,Occitanie,0.9,95,6.4,27
2025-11-27 07:00:00,6369.0,Occitanie,0.1,96,4.7,0
2025-11-27 08:00:00,6241.0,Occitanie,0.2,97,5.4,0
2025-11-27 09:00:00,6149.0,Occitanie,-1.0,99,3.3,24
2025-11-27 10:00:00,5999.5,Occitanie,0.3,100,3.9,98
2025-11-27 11:00:00,5995.5,Occitanie,2.2,95,3.9,49
2025-11-27 12:00:00,6051.0,Occitanie,4.2,90,2.7,20
2025-11-27 13:00:00,5418.0,Occitanie,5.8,80,4.4,93
2025-11-27 14:00:00,4851.5,Occitanie,6.7,73,9.5,88
2025-11-27 15:00:00,5032.5,Occitanie,7.0,70,9.7,34
2025-11-27 16:00:00,5535.5,Occitanie,6.9,69,9.2,26
2025-11-27 17:00:00,6288.5,Occitanie,6.5,70,6.4,23
2025-11-27 18:00:00,6796.5,Occitanie,5.1,79,4.3,2
2025-11-27 19:00:00,6733.5,Occitanie,4.0,80,5.7,0
2025-11-27 20:00:00,6395.5,Occitanie,3.2,84,5.9,12
2025-11-27 21:00:00,6203.0,Occitanie,2.3,87,5.0,2
2025-11-27 22:00:00,6294.0,Occitanie,1.9,88,3.5,1
2025-11-27 23:00:00,5968.5,Occitanie,1.5,88,2.6,3
2025-11-28 00:00:00,5583.5,Occitanie,1.0,90,2.9,4
2025-11-28 01:00:00,5472.5,Occitanie,0.8,90,2.6,2
2025-11-28 02:00:00,5310.0,Occitanie,0.3,92,3.2,59
2025-11-28 03:00:00,5171.5,Occitanie,0.3,92,1.5,87
2025-11-28 04:00:00,5170.5,Occitanie,0.2,92,1.3,81
2025-11-28 05:00:00,5540.0,Occitanie,0.1,93,1.7,58
2025-11-28 06:00:00,6149.0,Occitanie,-0.2,94,2.3,27
2025-11-28 07:00:00,6390.5,Occitanie,0.1,93,3.8,5
2025-11-28 08:00:00,6295.5,Occitanie,-0.5,99,3.9,96
2025-11-28 09:00:00,6402.0,Occitanie,-0.4,99,4.5,79
2025-11-28 10:00:00,6079.5,Occitanie,0.0,99,5.0,98
2025-11-28 11:00:00,5944.5,Occitanie,1.6,98,3.3,99
2025-11-28 12:00:00,5898.5,Occitanie,4.1,89,1.4,34
2025-11-28 13:00:00,5624.0,Occitanie,5.9,83,0.7,9
2025-11-28 14:00:00,5517.5,Occitanie,7.7,73,0.5,63
2025-11-28 15:00:00,5430.5,Occitanie,8.6,72,1.3,92
2025-11-28 16:00:00,5380.0,Occitanie,8.9,72,1.8,84
2025-11-28 17:00:00,5943.5,Occitanie,8.5,75,2.7,100
2025-11-28 18:00:00,6092.0,Occitanie,7.7,83,1.9,100
2025-11-28 19:00:00,5915.5,Occitanie,7.1,84,1.1,39
2025-11-28 20:00:00,5658.5,Occitanie,6.7,86,1.7,76
2025-11-28 21:00:00,5422.5,Occitanie,6.6,88,2.7,78
2025-11-28 22:00:00,5600.0,Occitanie,5.8,90,2.3,37
2025-11-28 23:00:00,5461.0,Occitanie,5.1,92,2.5,37
2025-11-29 00:00:00,5045.0,Occitanie,4.6,93,3.1,91
2025-11-29 01:00:00,4923.0,Occitanie,4.0,95,3.3,32
2025-11-29 02:00:00,4749.0,Occitanie,3.6,96,0.4,3
2025-11-29 03:00:00,4603.5,Occitanie,3.3,97,4.7,1
2025-11-29 04:00:00,4620.0,Occitanie,2.8,97,7.0,1
2025-11-29 05:00:00,4770.0,Occitanie,2.5,98,6.9,0
2025-11-29 06:00:00,5065.0,Occitanie,1.8,98,4.7,0
2025-11-29 07:00:00,5236.0,Occitanie,1.2,96,2.9,1
2025-11-29 08:00:00,5293.5,Occitanie,1.4,100,3.2,100
2025-11-29 09:00:00,5245.0,Occitanie,1.6,100,4.3,100
2025-11-29 10:00:00,5275.0,Occitanie,2.2,99,3.5,100
2025-11-29 11:00:00,5194.5,Occitanie,3.5,98,2.7,100
2025-11-29 12:00:00,5289.5,Occitanie,4.9,96,1.0,100
2025-11-29 13:00:00,4978.0,Occitanie,6.8,93,0.6,98
2025-11-29 14:00:00,4774.5,Occitanie,9.0,86,1.7,80
2025-11-29 15:00:00,4715.5,Occitanie,10.4,83,3.4,58
2025-11-29 16:00:00,4861.0,Occitanie,11.1,81,2.7,100
2025-11-29 17:00:00,5324.5,Occitanie,10.9,83,1.1,100
2025-11-29 18:00:00,5546.5,Occitanie,9.3,89,1.2,100
2025-11-29 19:00:00,5418.5,Occitanie,8.1,93,2.2,100
2025-11-29 20:00:00,5073.5,Occitanie,8.1,93,0.7,100
2025-11-29 21:00:00,4980.0,Occitanie,7.3,95,1.9,100
2025-11-29 22:00:00,5190.0,Occitanie,7.2,95,5.0,100
2025-11-29 23:00:00,5091.5,Occitanie,6.9,96,4.4,100
2025-11-30 00:00:00,4688.0,Occitanie,6.3,97,4.9,99
2025-11-30 01:00:00,4592.5,Occitanie,5.7,97,6.3,100
2025-11-30 02:00:00,4326.0,Occitanie,5.1,99,6.0,100
2025-11-30 03:00:00,4091.0,Occitanie,4.8,100,6.1,100
2025-11-30 04:00:00,4028.5,Occitanie,4.8,99,5.7,100
2025-11-30 05:00:00,4156.0,Occitanie,5.2,98,5.4,100
2025-11-30 06:00:00,4198.5,Occitanie,5.6,94,5.7,99
2025-11-30 07:00:00,4279.5,Occitanie,6.7,93,8.7,100
2025-11-30 08:00:00,4491.0,Occitanie,7.3,97,11.3,100
2025-11-30 09:00:00,4864.5,Occitanie,7.6,97,12.1,100
2025-11-30 10:00:00,5007.5,Occitanie,7.5,97,13.0,100
2025-11-30 11:00:00,5090.5,Occitanie,7.8,96,13.2,100
2025-11-30 12:00:00,5115.5,Occitanie,8.2,91,13.7,90
2025-11-30 13:00:00,4903.0,Occitanie,9.4,82,13.3,44
2025-11-30 14:00:00,4662.0,Occitanie,10.3,71,12.6,21
2025-11-30 15:00:00,4388.5,Occitanie,10.9,66,12.5,48
2025-11-30 16:00:00,4621.0,Occitanie,10.8,66,11.2,54
2025-11-30 17:00:00,5051.0,Occitanie,10.5,69,8.1,73
2025-11-30 18:00:00,5467.0,Occitanie,9.5,76,6.9,86
2025-11-30 19:00:00,5426.5,Occitanie,8.4,82,5.9,19
2025-11-30 20:00:00,5184.5,Occitanie,7.4,86,5.5,37
2025-11-30 21:00:00,5073.0,Occitanie,7.1,88,7.4,98
2025-11-30 22:00:00,5194.0,Occitanie,6.4,91,8.4,30
2025-11-30 23:00:00,5142.5,Occitanie,5.7,93,6.3,13
2025-12-01 00:00:00,4877.0,Occitanie,4.6,95,5.1,13
2025-12-01 01:00:00,4936.0,Occitanie,3.8,97,4.7,16
2025-12-01 02:00:00,4695.0,Occitanie,2.8,97,4.1,26
2025-12-01 03:00:00,4656.5,Occitanie,2.2,99,2.2,20
2025-12-01 04:00:00,4698.5,Occitanie,1.9,100,1.7,98
2025-12-01 05:00:00,5151.5,Occitanie,1.2,100,1.9,98
2025-12-01 06:00:00,5742.5,Occitanie,0.9,100,0.8,99
2025-12-01 07:00:00,6143.5,Occitanie,0.5,100,3.1,100
2025-12-01 08:00:00,6065.5,Occitanie,0.4,99,2.8,100
2025-12-01 09:00:00,5905.5,Occitanie,0.4,100,3.9,100
2025-12-01 10:00:00,5843.5,Occitanie,0.6,99,4.8,100
2025-12-01 11:00:00,5716.5,Occitanie,1.9,97,5.6,100
2025-12-01 12:00:00,5735.5,Occitanie,3.0,95,6.8,100
2025-12-01 13:00:00,5349.5,Occitanie,5.0,91,6.0,93
2025-12-01 14:00:00,5268.0,Occitanie,6.8,84,5.1,95
2025-12-01 15:00:00,4990.5,Occitanie,8.4,75,5.4,84
2025-12-01 16:00:00,5374.5,Occitanie,9.4,66,6.8,89
2025-12-01 17:00:00,5889.5,Occitanie,9.1,68,5.8,100
2025-12-01 18:00:00,6322.0,Occitanie,7.9,70,6.6,90
2025-12-01 19:00:00,6249.5,Occitanie,6.3,70,8.6,99
2025-12-01 20:00:00,5769.5,Occitanie,5.9,69,11.2,100
2025-12-01 21:00:00,5522.5,Occitanie,6.4,62,16.3,100
2025-12-01 22:00:00,5509.0,Occitanie,7.3,51,17.2,100
2025-12-01 23:00:00,5425.5,Occitanie,7.6,46,18.0,100
2025-12-02 00:00:00,5103.5,Occitanie,6.9,42,16.6,100
2025-12-02 01:00:00,4966.5,Occitanie,6.8,45,17.7,100
2025-12-02 02:00:00,4817.0,Occitanie,7.3,61,21.0,100
2025-12-02 03:00:00,4582.5,Occitanie,7.7,66,21.1,100
2025-12-02 04:00:00,4666.0,Occitanie,7.8,72,19.6,100
2025-12-02 05:00:00,5119.5,Occitanie,7.7,77,17.0,100
2025-12-02 06:00:00,5569.5,Occitanie,7.2,80,14.7,100
2025-12-02 07:00:00,5885.5,Occitanie,6.7,84,14.7,94
2025-12-02 08:00:00,5888.0,Occitanie,6.3,89,16.2,30
2025-12-02 09:00:00,5746.0,Occitanie,6.4,90,17.3,96
2025-12-02 10:00:00,5564.5,Occitanie,6.8,90,15.0,99
2025-12-02 11:00:00,5673.0,Occitanie,8.1,87,11.8,98
2025-12-02 12:00:00,5828.0,Occitanie,9.9,80,13.8,9
2025-12-02 13:00:00,5683.0,Occitanie,11.2,76,10.1,2
2025-12-02 14:00:00,5547.5,Occitanie,11.6,72,8.1,60
2025-12-02 15:00:00,5580.0,Occitanie,10.6,73,11.3,100
2025-12-02 16:00:00,5493.5,Occitanie,9.4,72,11.2,100
2025-12-02 17:00:00,5824.5,Occitanie,8.9,78,8.7,100
2025-12-02 18:00:00,6107.0,Occitanie,7.8,83,9.9,100
2025-12-02 19:00:00,5849.5,Occitanie,7.3,90,7.8,100
2025-12-02 20:00:00,5542.5,Occitanie,7.4,94,5.2,100
2025-12-02 21:00:00,5180.0,Occitanie,7.2,96,4.2,100
2025-12-02 22:00:00,5463.5,Occitanie,7.1,96,4.6,100
2025-12-02 23:00:00,4992.5,Occitanie,6.8,95,5.5,100
2025-12-03 00:00:00,4775.0,Occitanie,6.6,95,4.5,100
2025-12-03 01:00:00,4664.0,Occitanie,6.6,95,4.7,88
2025-12-03 02:00:00,4518.5,Occitanie,6.3,94,1.1,98
2025-12-03 03:00:00,4378.0,Occitanie,6.2,95,2.3,71
2025-12-03 04:00:00,4362.5,Occitanie,6.0,95,1.7,80
2025-12-03 05:00:00,4722.5,Occitanie,5.2,97,4.0,97
2025-12-03 06:00:00,5243.0,Occitanie,4.7,98,4.8,94
2025-12-03 07:00:00,5609.5,Occitanie,4.5,96,6.3,34
2025-12-03 08:00:00,5732.0,Occitanie,4.2,96,6.9,17
2025-12-03 09:00:00,5763.5,Occitanie,3.5,96,5.3,38
2025-12-03 10:00:00,5655.5,Occitanie,4.2,96,6.6,39
2025-12-03 11:00:00,5776.5,Occitanie,5.7,91,6.1,34
2025-12-03 12:00:00,5709.5,Occitanie,6.9,88,5.0,50
2025-12-03 13:00:00,5512.5,Occitanie,8.7,80,16.0,73
2025-12-03 14:00:00,5405.5,Occitanie,9.9,75,14.6,44
2025-12-03 15:00:00,5210.0,Occitanie,10.4,68,13.3,8
2025-12-03 16:00:00,5209.5,Occitanie,10.5,67,12.1,13
2025-12-03 17:00:00,5800.5,Occitanie,10.2,69,8.4,15
2025-12-03 18:00:00,6100.0,Occitanie,8.8,77,5.5,15
2025-12-03 19:00:00,5875.0,Occitanie,7.5,82,5.9,11
2025-12-03 20:00:00,5613.5,Occitanie,7.0,84,6.6,11
2025-12-03 21:00:00,5227.5,Occitanie,6.4,88,8.2,23
2025-12-03 22:00:00,5377.5,Occitanie,6.6,89,9.3,98
2025-12-03 23:00:00,5199.0,Occitanie,7.3,86,10.7,100
2025-12-04 00:00:00,4952.0,Occitanie,7.2,88,8.9,99
2025-12-04 01:00:00,4866.5,Occitanie,6.7,92,5.5,100
2025-12-04 02:00:00,4764.0,Occitanie,5.8,92,5.5,100
2025-12-04 03:00:00,4624.0,Occitanie,5.3,90,3.3,100
2025-12-04 04:00:00,4566.0,Occitanie,5.3,90,2.9,100
2025-12-04 05:00:00,4970.0,Occitanie,5.3,91,4.6,100
2025-12-04 06:00:00,5463.5,Occitanie,4.9,93,9.0,100
2025-12-04 07:00:00,5933.0,Occitanie,4.3,95,8.7,45
2025-12-04 08:00:00,5929.0,Occitanie,3.9,94,8.0,67
2025-12-04 09:00:00,5954.5,Occitanie,3.8,93,6.9,100
2025-12-04 10:00:00,5831.0,Occitanie,4.8,91,7.6,100
2025-12-04 11:00:00,5991.0,Occitanie,5.8,89,9.4,100
2025-12-04 12:00:00,6066.0,Occitanie,6.4,90,11.7,100
2025-12-04 13:00:00,5918.0,Occitanie,8.1,91,16.1,100
2025-12-04 14:00:00,5775.5,Occitanie,8.6,90,18.7,100
2025-12-04 15:00:00,5662.5,Occitanie,8.5,90,18.2,100
2025-12-04 16:00:00,5577.0,Occitanie,9.2,87,15.5,51
2025-12-04 17:00:00,6016.5,Occitanie,9.3,84,18.1,91
2025-12-04 18:00:00,6263.5,Occitanie,8.4,87,18.3,60
2025-12-04 19:00:00,6068.5,Occitanie,7.8,91,15.4,82
2025-12-04 20:00:00,5632.0,Occitanie,7.1,90,16.0,93
2025-12-04 21:00:00,5359.5,Occitanie,6.8,88,14.1,99
2025-12-04 22:00:00,5482.5,Occitanie,6.7,88,15.5,98
2025-12-04 23:00:00,5284.0,Occitanie,6.3,93,14.4,100
2025-12-05 00:00:00,5003.0,Occitanie,6.4,94,13.9,100
2025-12-05 01:00:00,4905.0,Occitanie,6.2,93,14.4,100
2025-12-05 02:00:00,4697.0,Occitanie,6.7,91,15.5,81
2025-12-05 03:00:00,4587.0,Occitanie,6.4,93,15.2,100
2025-12-05 04:00:00,4604.5,Occitanie,6.6,92,17.6,91
2025-12-05 05:00:00,4978.5,Occitanie,5.9,91,16.7,92
2025-12-05 06:00:00,5539.5,Occitanie,5.6,93,12.5,100
2025-12-05 07:00:00,5915.5,Occitanie,5.8,94,11.8,100
2025-12-05 08:00:00,5959.0,Occitanie,5.8,95,11.9,58
2025-12-05 09:00:00,5774.5,Occitanie,5.7,95,11.1,61
2025-12-05 10:00:00,5565.5,Occitanie,5.6,95,10.4,23
2025-12-05 11:00:00,5512.0,Occitanie,6.9,88,11.8,11
2025-12-05 12:00:00,5622.0,Occitanie,8.1,85,9.7,23
2025-12-05 13:00:00,5344.5,Occitanie,9.1,77,10.5,30
2025-12-05 14:00:00,5261.0,Occitanie,10.4,70,9.9,45
2025-12-05 15:00:00,5142.0,Occitanie,11.1,62,10.5,55
2025-12-05 16:00:00,5225.0,Occitanie,11.3,57,9.8,71
2025-12-05 17:00:00,5777.5,Occitanie,11.0,64,5.3,41
2025-12-05 18:00:00,6005.5,Occitanie,9.2,75,2.3,100
2025-12-05 19:00:00,5937.0,Occitanie,9.1,77,6.0,100
2025-12-05 20:00:00,5621.5,Occitanie,8.7,79,8.7,100
2025-12-05 21:00:00,5353.0,Occitanie,8.1,79,11.3,40
2025-12-05 22:00:00,5431.0,Occitanie,7.4,80,11.3,100
2025-12-05 23:00:00,5178.5,Occitanie,6.9,82,10.4,100
2025-12-06 00:00:00,4815.0,Occitanie,7.6,79,10.3,100
2025-12-06 01:00:00,4745.5,Occitanie,8.0,76,10.8,98
2025-12-06 02:00:00,4499.5,Occitanie,8.4,79,10.5,97
2025-12-06 03:00:00,4405.5,Occitanie,8.4,80,10.0,100
2025-12-06 04:00:00,4371.5,Occitanie,8.6,82,9.0,27
2025-12-06 05:00:00,4460.0,Occitanie,8.1,87,9.3,38
2025-12-06 06:00:00,4699.5,Occitanie,8.1,90,7.6,13
2025-12-06 07:00:00,4823.0,Occitanie,7.3,92,7.2,99
2025-12-06 08:00:00,5111.0,Occitanie,7.0,93,1.7,100
2025-12-06 09:00:00,5206.5,Occitanie,8.2,89,1.5,99
2025-12-06 10:00:00,5211.0,Occitanie,9.1,88,6.8,100
2025-12-06 11:00:00,5351.5,Occitanie,10.3,89,8.8,100
2025-12-06 12:00:00,5555.0,Occitanie,11.8,88,10.6,100
2025-12-06 13:00:00,5263.5,Occitanie,12.2,88,8.1,100
2025-12-06 14:00:00,5038.0,Occitanie,12.3,93,10.1,100
2025-12-06 15:00:00,4830.5,Occitanie,12.1,92,10.1,100
2025-12-06 16:00:00,4829.5,Occitanie,12.1,91,11.8,100
2025-12-06 17:00:00,5064.5,Occitanie,12.1,88,9.9,100
2025-12-06 18:00:00,5389.0,Occitanie,11.8,88,10.7,100
2025-12-06 19:00:00,5262.5,Occitanie,11.5,89,10.0,100
2025-12-06 20:00:00,4994.5,Occitanie,11.7,92,7.2,100
2025-12-06 21:00:00,4751.5,Occitanie,10.6,93,7.3,100
2025-12-06 22:00:00,5080.0,Occitanie,10.3,94,8.0,100
2025-12-06 23:00:00,4936.5,Occitanie,10.4,93,7.7,98
2025-12-07 00:00:00,4597.5,Occitanie,9.8,94,7.6,100
2025-12-07 01:00:00,4320.0,Occitanie,8.8,96,5.1,100
2025-12-07 02:00:00,4190.5,Occitanie,9.6,97,5.8,100
2025-12-07 03:00:00,3990.0,Occitanie,9.4,98,6.3,100
2025-12-07 04:00:00,3931.0,Occitanie,9.8,96,8.7,100
2025-12-07 05:00:00,4014.0,Occitanie,10.1,95,9.3,100
2025-12-07 06:00:00,4118.5,Occitanie,9.8,95,9.2,100
2025-12-07 07:00:00,4264.5,Occitanie,10.0,94,6.8,100
2025-12-07 08:00:00,4468.5,Occitanie,9.4,97,6.7,98
2025-12-07 09:00:00,4600.0,Occitanie,9.0,95,7.7,95
2025-12-07 10:00:00,4515.5,Occitanie,9.1,92,7.0,83
2025-12-07 11:00:00,4676.5,Occitanie,10.6,87,4.0,100
2025-12-07 12:00:00,4797.5,Occitanie,13.1,87,2.7,99
2025-12-07 13:00:00,4449.0,Occitanie,14.6,80,2.0,100
2025-12-07 14:00:00,4407.0,Occitanie,15.4,75,0.2,100
2025-12-07 15:00:00,4298.5,Occitanie,16.2,75,2.8,100
2025-12-07 16:00:00,4381.0,Occitanie,15.9,78,3.9,100
2025-12-07 17:00:00,4767.0,Occitanie,15.4,85,2.3,99
2025-12-07 18:00:00,5069.0,Occitanie,13.6,89,1.4,100
2025-12-07 19:00:00,4957.0,Occitanie,12.4,93,0.2,100
2025-12-07 20:00:00,4810.5,Occitanie,11.4,95,4.3,100
2025-12-07 21:00:00,4487.0,Occitanie,11.0,95,6.3,15
2025-12-07 22:00:00,4819.0,Occitanie,10.4,95,7.3,4
2025-12-07 23:00:00,4677.5,Occitanie,9.5,96,6.0,23
2025-12-08 00:00:00,4400.5,Occitanie,9.0,96,5.9,0
2025-12-08 01:00:00,4242.5,Occitanie,8.8,97,6.4,99
2025-12-08 02:00:00,4151.5,Occitanie,8.4,97,6.1,13
2025-12-08 03:00:00,4026.5,Occitanie,7.3,99,5.4,35
2025-12-08 04:00:00,4126.0,Occitanie,6.9,99,5.6,89
2025-12-08 05:00:00,4478.0,Occitanie,6.7,100,6.0,95
2025-12-08 06:00:00,4942.5,Occitanie,6.8,100,7.5,96
2025-12-08 07:00:00,5446.0,Occitanie,7.0,100,7.6,95
2025-12-08 08:00:00,5526.5,Occitanie,6.2,99,6.0,98
2025-12-08 09:00:00,5168.0,Occitanie,6.3,99,8.5,87
2025-12-08 10:00:00,4957.5,Occitanie,6.6,99,8.0,98
2025-12-08 11:00:00,4932.0,Occitanie,7.4,98,5.2,99
2025-12-08 12:00:00,4935.0,Occitanie,8.8,94,3.5,99
2025-12-08 13:00:00,4689.5,Occitanie,11.0,92,2.2,0
2025-12-08 14:00:00,4463.0,Occitanie,13.4,84,2.6,1
2025-12-08 15:00:00,4452.0,Occitanie,15.5,77,4.6,3
2025-12-08 16:00:00,4536.5,Occitanie,16.3,74,5.4,5
2025-12-08 17:00:00,5028.5,Occitanie,16.1,72,10.4,16
2025-12-08 18:00:00,5447.0,Occitanie,14.7,72,12.7,100
2025-12-08 19:00:00,5302.5,Occitanie,13.1,78,14.0,27
2025-12-08 20:00:00,5006.5,Occitanie,12.4,80,11.4,0
2025-12-08 21:00:00,4706.5,Occitanie,10.6,86,4.8,0
2025-12-08 22:00:00,4746.0,Occitanie,10.5,88,6.8,0
2025-12-08 23:00:00,4668.0,Occitanie,9.8,90,6.2,0
2025-12-09 00:00:00,4261.0,Occitanie,10.3,89,8.3,23
2025-12-09 01:00:00,4204.5,Occitanie,10.8,91,13.9,4
2025-12-09 02:00:00,4070.0,Occitanie,11.1,94,14.2,66
2025-12-09 03:00:00,3920.0,Occitanie,10.9,95,13.7,98
2025-12-09 04:00:00,3915.5,Occitanie,10.1,97,12.2,100
2025-12-09 05:00:00,4337.5,Occitanie,9.6,98,10.7,100
2025-12-09 06:00:00,4864.0,Occitanie,9.4,97,9.1,98
2025-12-09 07:00:00,5162.0,Occitanie,9.4,96,9.6,84
2025-12-09 08:00:00,5203.0,Occitanie,9.4,95,10.5,77
2025-12-09 09:00:00,5112.0,Occitanie,9.9,96,13.0,50
2025-12-09 10:00:00,5094.5,Occitanie,10.8,94,15.0,34
2025-12-09 11:00:00,5093.5,Occitanie,12.1,89,16.1,24
2025-12-09 12:00:00,5149.5,Occitanie,13.6,81,14.2,4
2025-12-09 13:00:00,4953.5,Occitanie,15.0,74,12.4,5
2025-12-09 14:00:00,4724.5,Occitanie,16.0,69,15.9,17
2025-12-09 15:00:00,4701.0,Occitanie,16.3,68,14.4,34
2025-12-09 16:00:00,4736.5,Occitanie,16.0,69,11.6,35
2025-12-09 17:00:00,5071.0,Occitanie,15.4,73,10.0,41
2025-12-09 18:00:00,5413.5,Occitanie,14.1,79,11.8,30
2025-12-09 19:00:00,5150.5,Occitanie,12.7,86,15.2,34
2025-12-09 20:00:00,4811.0,Occitanie,12.6,88,15.2,93
2025-12-09 21:00:00,4649.0,Occitanie,12.4,89,12.4,77
2025-12-09 22:00:00,4664.5,Occitanie,12.1,91,10.7,76
2025-12-09 23:00:00,4497.0,Occitanie,11.9,91,11.4,100
2025-12-10 00:00:00,4181.5,Occitanie,11.8,93,10.9,95
2025-12-10 01:00:00,4128.0,Occitanie,11.5,94,9.9,89
2025-12-10 02:00:00,3844.0,Occitanie,11.6,95,9.2,100
2025-12-10 03:00:00,3731.5,Occitanie,11.6,95,8.0,100
2025-12-10 04:00:00,3752.0,Occitanie,11.2,95,2.8,100
2025-12-10 05:00:00,4044.5,Occitanie,10.6,97,3.8,100
2025-12-10 06:00:00,4530.5,Occitanie,10.4,97,3.7,100
2025-12-10 07:00:00,4792.0,Occitanie,10.7,96,1.8,100
2025-12-10 08:00:00,5002.5,Occitanie,10.6,97,3.9,100
2025-12-10 09:00:00,4976.5,Occitanie,10.1,98,3.2,100
2025-12-10 10:00:00,5012.5,Occitanie,10.1,99,3.0,100
2025-12-10 11:00:00,5142.0,Occitanie,11.2,96,0.2,100
2025-12-10 12:00:00,5245.5,Occitanie,12.1,92,1.6,100
2025-12-10 13:00:00,4994.5,Occitanie,12.9,90,3.9,100
2025-12-10 14:00:00,4944.5,Occitanie,13.4,91,4.8,100
2025-12-10 15:00:00,4707.0,Occitanie,12.9,94,6.8,100
2025-12-10 16:00:00,4803.5,Occitanie,12.7,94,5.5,100
2025-12-10 17:00:00,5078.5,Occitanie,12.2,95,7.2,100
2025-12-10 18:00:00,5374.0,Occitanie,11.6,97,6.0,99
2025-12-10 19:00:00,5130.5,Occitanie,11.1,98,6.3,100
2025-12-10 20:00:00,4771.5,Occitanie,11.4,98,8.1,100
2025-12-10 21:00:00,4531.0,Occitanie,11.3,97,5.0,100
2025-12-10 22:00:00,4761.5,Occitanie,10.8,98,3.0,100
2025-12-10 23:00:00,4520.5,Occitanie,10.4,98,2.9,100
2025-12-11 00:00:00,4170.5,Occitanie,9.8,99,3.7,100
2025-12-11 01:00:00,4070.5,Occitanie,9.7,99,4.1,100
2025-12-11 02:00:00,3924.0,Occitanie,10.8,100,3.4,100
2025-12-11 03:00:00,3704.0,Occitanie,11.0,100,1.0,100
2025-12-11 04:00:00,3719.0,Occitanie,10.9,100,2.7,100
2025-12-11 05:00:00,4068.0,Occitanie,10.8,100,5.6,100
2025-12-11 06:00:00,4562.0,Occitanie,10.6,100,8.2,100
2025-12-11 07:00:00,4931.5,Occitanie,10.2,100,9.4,100
2025-12-11 08:00:00,4987.0,Occitanie,10.3,99,10.8,100
2025-12-11 09:00:00,4990.5,Occitanie,10.1,100,9.4,100
2025-12-11 10:00:00,4930.5,Occitanie,9.9,99,9.2,100
2025-12-11 11:00:00,4948.0,Occitanie,10.1,98,6.9,100
2025-12-11 12:00:00,5001.5,Occitanie,11.6,90,10.2,80
2025-12-11 13:00:00,4864.5,Occitanie,12.9,81,12.1,37
2025-12-11 14:00:00,4766.0,Occitanie,13.8,78,12.1,98
2025-12-11 15:00:00,4618.0,Occitanie,14.2,76,11.6,98
2025-12-11 16:00:00,4635.5,Occitanie,14.1,77,12.6,97
2025-12-11 17:00:00,5069.0,Occitanie,13.4,80,12.7,95
2025-12-11 18:00:00,5327.5,Occitanie,12.1,85,16.2,99
2025-12-11 19:00:00,5125.5,Occitanie,11.1,88,16.1,84
2025-12-11 20:00:00,4813.5,Occitanie,10.8,89,13.5,80
2025-12-11 21:00:00,4622.0,Occitanie,10.2,89,11.0,9
2025-12-11 22:00:00,4737.5,Occitanie,9.9,90,7.1,52
2025-12-11 23:00:00,4597.0,Occitanie,10.1,91,8.5,77
2025-12-12 00:00:00,4241.5,Occitanie,10.2,92,9.8,55
2025-12-12 01:00:00,4171.0,Occitanie,10.2,94,10.6,39
2025-12-12 02:00:00,4075.0,Occitanie,9.9,93,10.1,22
2025-12-12 03:00:00,3883.0,Occitanie,9.4,94,9.4,11
2025-12-12 04:00:00,3846.0,Occitanie,8.7,95,6.3,5
2025-12-12 05:00:00,4161.0,Occitanie,7.2,98,2.3,4
2025-12-12 06:00:00,4673.0,Occitanie,6.2,99,3.2,33
2025-12-12 07:00:00,5068.0,Occitanie,5.7,99,3.1,100
2025-12-12 08:00:00,5126.0,Occitanie,5.0,99,4.7,99
2025-12-12 09:00:00,5044.5,Occitanie,6.2,99,11.0,16
2025-12-12 10:00:00,4918.0,Occitanie,7.8,97,11.2,46
2025-12-12 11:00:00,4930.0,Occitanie,9.6,94,10.2,47
2025-12-12 12:00:00,4923.0,Occitanie,12.1,86,12.6,24
2025-12-12 13:00:00,4744.5,Occitanie,13.9,79,9.0,21
2025-12-12 14:00:00,4592.5,Occitanie,15.1,71,10.3,17
2025-12-12 15:00:00,4485.0,Occitanie,15.6,66,13.5,23
2025-12-12 16:00:00,4454.5,Occitanie,15.5,67,13.7,8
2025-12-12 17:00:00,4862.5,Occitanie,14.9,71,12.6,4
2025-12-12 18:00:00,5125.0,Occitanie,13.6,76,10.9,2
2025-12-12 19:00:00,4959.0,Occitanie,12.3,82,9.4,1
2025-12-12 20:00:00,4718.0,Occitanie,11.2,85,9.6,1
2025-12-12 21:00:00,4574.5,Occitanie,10.1,89,9.0,0
2025-12-12 22:00:00,4795.0,Occitanie,9.4,91,8.7,0
2025-12-12 23:00:00,4595.0,Occitanie,9.1,92,7.6,1
2025-12-13 00:00:00,4260.0,Occitanie,8.6,93,5.3,5
2025-12-13 01:00:00,4302.5,Occitanie,8.2,95,6.4,8
2025-12-13 02:00:00,3949.0,Occitanie,8.1,92,6.7,5
2025-12-13 03:00:00,3862.0,Occitanie,6.6,96,5.6,39
2025-12-13 04:00:00,3794.0,Occitanie,6.9,96,4.7,86
2025-12-13 05:00:00,3871.0,Occitanie,6.9,97,3.9,66
2025-12-13 06:00:00,4098.5,Occitanie,7.2,97,3.7,98
2025-12-13 07:00:00,4225.0,Occitanie,8.0,97,3.8,100
2025-12-13 08:00:00,4561.0,Occitanie,7.2,93,2.3,100
2025-12-13 09:00:00,4649.5,Occitanie,6.7,95,4.8,100
2025-12-13 10:00:00,4586.0,Occitanie,6.9,95,6.0,100
2025-12-13 11:00:00,4541.5,Occitanie,8.5,94,4.8,100
2025-12-13 12:00:00,4698.5,Occitanie,10.6,93,8.4,98
2025-12-13 13:00:00,4310.0,Occitanie,11.9,84,10.4,93
2025-12-13 14:00:00,4270.5,Occitanie,13.4,75,6.9,19
2025-12-13 15:00:00,3876.0,Occitanie,13.8,75,4.7,12
2025-12-13 16:00:00,4248.5,Occitanie,13.8,76,5.4,13
2025-12-13 17:00:00,4520.5,Occitanie,13.2,77,4.7,1
2025-12-13 18:00:00,4950.5,Occitanie,11.8,85,5.0,2
2025-12-13 19:00:00,4893.0,Occitanie,10.6,87,7.3,8
2025-12-13 20:00:00,4756.0,Occitanie,9.9,87,6.0,0
2025-12-13 21:00:00,4567.5,Occitanie,8.8,91,5.2,0
2025-12-13 22:00:00,4835.5,Occitanie,7.9,92,4.3,0
2025-12-13 23:00:00,4732.0,Occitanie,7.2,94,3.8,0
2025-12-14 00:00:00,4501.0,Occitanie,6.2,98,2.1,0
2025-12-14 01:00:00,4325.0,Occitanie,5.4,100,2.0,95
2025-12-14 02:00:00,4243.0,Occitanie,4.8,100,3.4,93
2025-12-14 03:00:00,4100.5,Occitanie,4.8,100,4.5,98
2025-12-14 04:00:00,4067.0,Occitanie,4.8,99,5.6,100
2025-12-14 05:00:00,4150.5,Occitanie,4.6,100,4.4,96
2025-12-14 06:00:00,4333.5,Occitanie,4.1,100,3.1,97
2025-12-14 07:00:00,4568.5,Occitanie,4.3,100,3.0,97
2025-12-14 08:00:00,4717.0,Occitanie,4.4,100,4.2,100
2025-12-14 09:00:00,4879.0,Occitanie,3.8,100,1.8,100
2025-12-14 10:00:00,4774.5,Occitanie,4.2,100,1.5,100
2025-12-14 11:00:00,4883.0,Occitanie,5.3,99,1.0,100
2025-12-14 12:00:00,4985.0,Occitanie,7.4,96,4.4,55
2025-12-14 13:00:00,4635.5,Occitanie,9.9,88,12.6,52
2025-12-14 14:00:00,4439.5,Occitanie,11.2,81,14.6,30
2025-12-14 15:00:00,4256.5,Occitanie,11.9,77,14.5,14
2025-12-14 16:00:00,4425.0,Occitanie,12.1,75,14.6,11
2025-12-14 17:00:00,4853.5,Occitanie,11.5,76,14.1,3
2025-12-14 18:00:00,5266.5,Occitanie,10.1,81,14.8,7
2025-12-14 19:00:00,5150.0,Occitanie,9.4,85,14.2,19
2025-12-14 20:00:00,4870.5,Occitanie,9.1,87,12.7,52
2025-12-14 21:00:00,4652.5,Occitanie,8.9,90,12.9,50
2025-12-14 22:00:00,4817.5,Occitanie,9.1,91,13.1,59
2025-12-14 23:00:00,4774.0,Occitanie,9.8,93,14.0,87
2025-12-15 00:00:00,4445.0,Occitanie,10.3,93,16.1,93
2025-12-15 01:00:00,4278.5,Occitanie,10.4,93,17.3,54
2025-12-15 02:00:00,4181.0,Occitanie,10.1,93,17.3,57
2025-12-15 03:00:00,3983.5,Occitanie,10.4,93,18.2,69
2025-12-15 04:00:00,4051.0,Occitanie,10.8,94,19.3,88
2025-12-15 05:00:00,4244.5,Occitanie,10.9,94,18.4,88
2025-12-15 06:00:00,4866.0,Occitanie,11.0,93,19.6,90
2025-12-15 07:00:00,5203.5,Occitanie,11.0,92,20.6,65
2025-12-15 08:00:00,5337.0,Occitanie,11.1,93,24.1,95
2025-12-15 09:00:00,5282.0,Occitanie,11.6,90,28.0,100
2025-12-15 10:00:00,5333.5,Occitanie,12.1,87,30.9,99
2025-12-15 11:00:00,5234.5,Occitanie,12.8,85,32.7,100
2025-12-15 12:00:00,5256.0,Occitanie,13.4,86,26.1,93
2025-12-15 13:00:00,5075.0,Occitanie,14.4,80,30.2,60
2025-12-15 14:00:00,4975.5,Occitanie,15.5,75,28.3,12
2025-12-15 15:00:00,4777.5,Occitanie,15.4,75,27.1,100
2025-12-15 16:00:00,4802.0,Occitanie,14.9,79,22.2,93
2025-12-15 17:00:00,5130.5,Occitanie,14.1,81,27.9,86
2025-12-15 18:00:00,5366.0,Occitanie,13.1,81,23.8,97
2025-12-15 19:00:00,5104.5,Occitanie,12.4,82,28.4,66
2025-12-15 20:00:00,4821.5,Occitanie,12.9,81,26.0,100
2025-12-15 21:00:00,4589.0,Occitanie,12.8,81,23.5,99
2025-12-15 22:00:00,4763.0,Occitanie,12.1,87,20.5,98
2025-12-15 23:00:00,4570.0,Occitanie,11.6,91,24.1,59
2025-12-16 00:00:00,4194.0,Occitanie,11.5,91,24.7,69
2025-12-16 01:00:00,4058.0,Occitanie,11.6,90,25.5,100
2025-12-16 02:00:00,3975.0,Occitanie,11.6,90,26.7,61
2025-12-16 03:00:00,3789.5,Occitanie,12.2,90,24.9,65
2025-12-16 04:00:00,3828.5,Occitanie,11.6,93,22.3,34
2025-12-16 05:00:00,4157.5,Occitanie,11.2,91,19.6,28
2025-12-16 06:00:00,4762.5,Occitanie,11.1,88,18.3,48
2025-12-16 07:00:00,5030.5,Occitanie,11.0,87,16.7,91
2025-12-16 08:00:00,5100.0,Occitanie,11.4,87,12.9,97
2025-12-16 09:00:00,5010.5,Occitanie,11.8,87,18.3,64
2025-12-16 10:00:00,4931.5,Occitanie,11.5,87,19.7,85
2025-12-16 11:00:00,4933.5,Occitanie,12.1,86,19.7,63
2025-12-16 12:00:00,5001.0,Occitanie,13.1,81,17.3,30
2025-12-16 13:00:00,4790.5,Occitanie,13.9,77,16.4,5
2025-12-16 14:00:00,4721.5,Occitanie,15.4,72,13.5,9
2025-12-16 15:00:00,4567.5,Occitanie,15.8,69,11.3,7
2025-12-16 16:00:00,4499.5,Occitanie,15.8,68,10.6,19
2025-12-16 17:00:00,4815.5,Occitanie,15.1,71,9.1,52
2025-12-16 18:00:00,5090.0,Occitanie,13.5,80,9.9,100
2025-12-16 19:00:00,5090.0,Occitanie,12.1,87,11.7,100
2025-12-16 20:00:00,4835.5,Occitanie,10.8,93,3.7,100
2025-12-16 21:00:00,4535.0,Occitanie,10.7,97,6.3,100
2025-12-16 22:00:00,4668.5,Occitanie,10.8,96,5.4,88
2025-12-16 23:00:00,4556.5,Occitanie,10.9,95,8.3,91
2025-12-17 00:00:00,4138.5,Occitanie,10.8,96,7.4,99
2025-12-17 01:00:00,4081.0,Occitanie,10.7,97,5.9,100
2025-12-17 02:00:00,3994.5,Occitanie,10.0,97,3.0,100
2025-12-17 03:00:00,3751.0,Occitanie,9.6,99,6.9,100
2025-12-17 04:00:00,3817.5,Occitanie,8.9,98,8.0,100
2025-12-17 05:00:00,4070.5,Occitanie,8.7,98,6.7,100
2025-12-17 06:00:00,4508.5,Occitanie,8.6,98,5.3,99
2025-12-17 07:00:00,4835.5,Occitanie,8.2,99,4.1,98
2025-12-17 08:00:00,4889.0,Occitanie,8.6,98,3.8,27
2025-12-17 09:00:00,5041.5,Occitanie,8.8,98,5.1,44
2025-12-17 10:00:00,4780.5,Occitanie,9.0,98,6.2,84
2025-12-17 11:00:00,4865.5,Occitanie,9.9,98,7.3,100
2025-12-17 12:00:00,4881.0,Occitanie,10.4,98,7.4,100
2025-12-17 13:00:00,4708.0,Occitanie,10.8,95,6.1,100
2025-12-17 14:00:00,4572.5,Occitanie,12.6,84,5.2,46
2025-12-17 15:00:00,4430.5,Occitanie,13.1,79,5.6,40
2025-12-17 16:00:00,4514.5,Occitanie,13.4,76,5.1,23
2025-12-17 17:00:00,4952.5,Occitanie,13.3,75,4.0,7
2025-12-17 18:00:00,5291.0,Occitanie,11.6,85,3.3,5
2025-12-17 19:00:00,5090.0,Occitanie,10.7,88,7.5,16
2025-12-17 20:00:00,4750.0,Occitanie,9.9,91,8.3,8
2025-12-17 21:00:00,4634.0,Occitanie,9.2,93,8.8,2
2025-12-17 22:00:00,4758.0,Occitanie,8.9,93,8.2,0
2025-12-17 23:00:00,4705.0,Occitanie,8.6,94,10.0,2
2025-12-18 00:00:00,4421.0,Occitanie,8.4,94,8.6,77
2025-12-18 01:00:00,4337.5,Occitanie,7.7,94,7.1,1
2025-12-18 02:00:00,4166.5,Occitanie,7.7,93,9.0,100
2025-12-18 03:00:00,4021.0,Occitanie,7.7,92,10.4,100
2025-12-18 04:00:00,3994.0,Occitanie,8.1,91,10.7,100
2025-12-18 05:00:00,4313.0,Occitanie,8.5,92,13.2,96
2025-12-18 06:00:00,4893.5,Occitanie,8.8,94,15.6,39
2025-12-18 07:00:00,5143.5,Occitanie,8.6,95,15.0,100
2025-12-18 08:00:00,5135.0,Occitanie,9.1,96,14.4,86
2025-12-18 09:00:00,5096.0,Occitanie,9.2,96,16.1,69
2025-12-18 10:00:00,5033.0,Occitanie,9.6,95,15.9,69
2025-12-18 11:00:00,5040.5,Occitanie,10.6,92,15.1,79
2025-12-18 12:00:00,5071.0,Occitanie,11.8,87,16.4,97
2025-12-18 13:00:00,4817.0,Occitanie,12.9,81,17.8,86
2025-12-18 14:00:00,4700.0,Occitanie,14.8,70,21.4,86
2025-12-18 15:00:00,4647.5,Occitanie,14.8,69,20.9,96
2025-12-18 16:00:00,4694.5,Occitanie,14.6,70,18.3,91
2025-12-18 17:00:00,5174.0,Occitanie,14.3,72,20.1,94
2025-12-18 18:00:00,5225.5,Occitanie,13.2,76,19.0,93
2025-12-18 19:00:00,5090.5,Occitanie,12.2,82,17.3,91
2025-12-18 20:00:00,4802.0,Occitanie,12.2,83,17.7,71
2025-12-18 21:00:00,4544.5,Occitanie,11.9,85,18.5,97
2025-12-18 22:00:00,4707.5,Occitanie,11.6,87,17.7,98
2025-12-18 23:00:00,4503.0,Occitanie,11.5,87,16.6,100
2025-12-19 00:00:00,4209.5,Occitanie,11.5,85,15.3,100
2025-12-19 01:00:00,4073.0,Occitanie,11.3,86,14.7,100
2025-12-19 02:00:00,3898.0,Occitanie,11.4,86,12.1,97
2025-12-19 03:00:00,3724.0,Occitanie,10.6,90,6.8,37
2025-12-19 04:00:00,3766.5,Occitanie,10.1,91,7.3,82
2025-12-19 05:00:00,4031.0,Occitanie,10.2,92,7.0,87
2025-12-19 06:00:00,4442.5,Occitanie,9.9,94,4.0,91
2025-12-19 07:00:00,4714.0,Occitanie,9.3,94,3.6,88
2025-12-19 08:00:00,4990.5,Occitanie,8.4,98,4.2,81
2025-12-19 09:00:00,4937.0,Occitanie,8.9,97,5.5,78
2025-12-19 10:00:00,4949.0,Occitanie,9.2,97,2.7,52
2025-12-19 11:00:00,5004.5,Occitanie,10.8,93,1.6,94
2025-12-19 12:00:00,5113.5,Occitanie,11.8,91,2.7,100
2025-12-19 13:00:00,4881.5,Occitanie,12.4,88,2.0,100
2025-12-19 14:00:00,4839.5,Occitanie,12.6,87,7.0,100
2025-12-19 15:00:00,4702.0,Occitanie,12.9,86,10.3,100
2025-12-19 16:00:00,4610.0,Occitanie,13.1,85,9.4,100
2025-12-19 17:00:00,4891.5,Occitanie,12.9,85,7.8,100
2025-12-19 18:00:00,5087.5,Occitanie,11.9,89,7.7,100
2025-12-19 19:00:00,4895.0,Occitanie,11.1,91,8.0,100
2025-12-19 20:00:00,4631.5,Occitanie,10.9,93,6.8,100
2025-12-19 21:00:00,4420.5,Occitanie,10.3,95,6.5,100
2025-12-19 22:00:00,4594.0,Occitanie,9.8,97,6.0,100
2025-12-19 23:00:00,4403.5,Occitanie,9.1,98,4.3,100
2025-12-20 00:00:00,4135.5,Occitanie,8.6,99,4.0,100
2025-12-20 01:00:00,3937.0,Occitanie,8.2,100,4.1,100
2025-12-20 02:00:00,3845.5,Occitanie,9.2,100,2.2,100
2025-12-20 03:00:00,3637.0,Occitanie,9.2,100,1.6,100
2025-12-20 04:00:00,3593.0,Occitanie,9.1,100,1.8,100
2025-12-20 05:00:00,3714.0,Occitanie,9.0,100,0.6,100
2025-12-20 06:00:00,3857.0,Occitanie,8.9,100,1.3,100
2025-12-20 07:00:00,3935.0,Occitanie,8.8,100,3.3,100
2025-12-20 08:00:00,4242.5,Occitanie,8.9,99,3.6,100
2025-12-20 09:00:00,4293.0,Occitanie,8.9,100,3.9,100
2025-12-20 10:00:00,4430.5,Occitanie,8.9,100,3.7,100
2025-12-20 11:00:00,4611.5,Occitanie,9.2,99,2.6,100
2025-12-20 12:00:00,4759.5,Occitanie,9.6,99,3.1,100
2025-12-20 13:00:00,4606.5,Occitanie,10.8,94,6.0,100
2025-12-20 14:00:00,4453.5,Occitanie,12.1,90,6.3,93
2025-12-20 15:00:00,4325.0,Occitanie,13.4,84,4.0,100
2025-12-20 16:00:00,4276.5,Occitanie,14.4,79,8.2,100
2025-12-20 17:00:00,4501.0,Occitanie,14.1,80,11.1,100
2025-12-20 18:00:00,4672.0,Occitanie,13.2,84,11.3,100
2025-12-20 19:00:00,4689.0,Occitanie,12.1,90,10.2,100
2025-12-20 20:00:00,4422.0,Occitanie,11.7,93,7.9,100
2025-12-20 21:00:00,4200.0,Occitanie,10.9,94,7.0,99
2025-12-20 22:00:00,4415.5,Occitanie,10.8,94,10.7,98
2025-12-20 23:00:00,4336.0,Occitanie,11.1,95,11.8,95
2025-12-21 00:00:00,3974.5,Occitanie,10.9,94,11.5,90
2025-12-21 01:00:00,3879.5,Occitanie,11.0,94,12.6,77
2025-12-21 02:00:00,3642.0,Occitanie,10.8,94,11.2,99
2025-12-21 03:00:00,3529.0,Occitanie,11.2,95,12.9,100
2025-12-21 04:00:00,3431.5,Occitanie,11.5,93,17.7,100
2025-12-21 05:00:00,3493.5,Occitanie,11.5,92,17.6,98
2025-12-21 06:00:00,3675.0,Occitanie,11.4,93,16.0,83
2025-12-21 07:00:00,3857.0,Occitanie,11.2,94,16.6,75
2025-12-21 08:00:00,4046.5,Occitanie,11.4,90,21.5,45
2025-12-21 09:00:00,4266.5,Occitanie,10.9,90,22.0,38
2025-12-21 10:00:00,4335.0,Occitanie,11.1,88,23.8,76
2025-12-21 11:00:00,4581.5,Occitanie,12.1,84,24.4,79
2025-12-21 12:00:00,4702.5,Occitanie,13.4,84,26.8,96
2025-12-21 13:00:00,4446.5,Occitanie,14.1,79,21.5,89
2025-12-21 14:00:00,4311.5,Occitanie,14.9,74,23.2,91
2025-12-21 15:00:00,4180.5,Occitanie,15.1,73,19.1,100
2025-12-21 16:00:00,4183.0,Occitanie,14.8,74,18.0,100
2025-12-21 17:00:00,4557.0,Occitanie,14.4,77,17.6,94
2025-12-21 18:00:00,4783.5,Occitanie,11.8,87,14.9,100
2025-12-21 19:00:00,4689.0,Occitanie,8.7,88,18.4,100
2025-12-21 20:00:00,4576.5,Occitanie,8.4,90,17.7,100
2025-12-21 21:00:00,4338.0,Occitanie,7.2,84,18.3,100
2025-12-21 22:00:00,4600.5,Occitanie,5.7,91,7.4,100
2025-12-21 23:00:00,4540.5,Occitanie,6.3,89,4.8,100
2025-12-22 00:00:00,4221.0,Occitanie,6.2,91,0.0,100
2025-12-22 01:00:00,4117.5,Occitanie,6.5,89,1.9,100
2025-12-22 02:00:00,3916.5,Occitanie,6.5,87,1.7,100
2025-12-22 03:00:00,3819.5,Occitanie,6.4,88,0.9,100
2025-12-22 04:00:00,3769.5,Occitanie,6.4,93,3.7,100
2025-12-22 05:00:00,4027.5,Occitanie,6.4,94,7.1,100
2025-12-22 06:00:00,4393.5,Occitanie,5.8,90,7.4,100
2025-12-22 07:00:00,4759.5,Occitanie,5.4,93,8.0,100
2025-12-22 08:00:00,4998.5,Occitanie,4.8,94,6.0,100
2025-12-22 09:00:00,5377.5,Occitanie,4.1,97,5.6,100
2025-12-22 10:00:00,5543.0,Occitanie,3.8,96,3.8,100
2025-12-22 11:00:00,5739.0,Occitanie,3.3,98,0.8,100
2025-12-22 12:00:00,5849.0,Occitanie,3.0,97,3.1,100
2025-12-22 13:00:00,5768.5,Occitanie,3.2,96,3.6,100
2025-12-22 14:00:00,5534.0,Occitanie,4.4,88,1.9,100
2025-12-22 15:00:00,5366.5,Occitanie,4.7,87,3.6,100
2025-12-22 16:00:00,5370.5,Occitanie,4.9,85,2.8,100
2025-12-22 17:00:00,5551.0,Occitanie,5.0,85,5.2,100
2025-12-22 18:00:00,5825.0,Occitanie,5.1,84,3.1,100
2025-12-22 19:00:00,5659.5,Occitanie,4.6,89,4.0,100
2025-12-22 20:00:00,5343.5,Occitanie,4.3,93,5.6,100
2025-12-22 21:00:00,4969.0,Occitanie,4.2,92,5.2,100
2025-12-22 22:00:00,5158.5,Occitanie,4.2,93,4.6,100
2025-12-22 23:00:00,5005.5,Occitanie,4.3,94,3.4,100
2025-12-23 00:00:00,4658.0,Occitanie,4.1,95,5.2,100
2025-12-23 01:00:00,4591.5,Occitanie,4.2,96,5.2,100
2025-12-23 02:00:00,4381.0,Occitanie,4.5,98,4.2,100
2025-12-23 03:00:00,4339.5,Occitanie,4.5,98,3.9,100
2025-12-23 04:00:00,4164.5,Occitanie,4.4,98,5.7,100
2025-12-23 05:00:00,4419.5,Occitanie,4.2,98,3.2,100
2025-12-23 06:00:00,4811.5,Occitanie,3.8,98,3.4,100
2025-12-23 07:00:00,5101.5,Occitanie,3.8,99,5.5,100
2025-12-23 08:00:00,5411.5,Occitanie,4.4,97,7.5,100
2025-12-23 09:00:00,5599.0,Occitanie,4.3,98,6.9,100
2025-12-23 10:00:00,5642.0,Occitanie,4.2,98,5.8,100
2025-12-23 11:00:00,5854.0,Occitanie,4.8,97,4.0,100
2025-12-23 12:00:00,5872.0,Occitanie,5.6,94,2.9,100
2025-12-23 13:00:00,5815.0,Occitanie,6.1,92,4.5,100
2025-12-23 14:00:00,5679.0,Occitanie,5.9,92,6.8,100
2025-12-23 15:00:00,5531.0,Occitanie,5.6,96,2.2,100
2025-12-23 16:00:00,5485.0,Occitanie,5.6,94,1.1,100
2025-12-23 17:00:00,5641.5,Occitanie,5.8,92,3.0,100
2025-12-23 18:00:00,5837.5,Occitanie,5.7,93,2.7,100
2025-12-23 19:00:00,5677.5,Occitanie,5.4,96,2.1,100
2025-12-23 20:00:00,5436.0,Occitanie,5.3,98,4.9,100
2025-12-23 21:00:00,5113.5,Occitanie,4.7,99,2.7,67
2025-12-23 22:00:00,5271.5,Occitanie,4.1,99,3.3,95
2025-12-23 23:00:00,5205.5,Occitanie,4.1,99,4.7,99
2025-12-24 00:00:00,4884.5,Occitanie,4.3,98,5.7,97
2025-12-24 01:00:00,4753.0,Occitanie,4.1,98,6.9,98
2025-12-24 02:00:00,4552.0,Occitanie,5.1,100,5.5,100
2025-12-24 03:00:00,4416.0,Occitanie,5.4,99,1.8,100
2025-12-24 04:00:00,4332.0,Occitanie,5.3,99,0.3,100
2025-12-24 05:00:00,4629.5,Occitanie,4.7,100,0.3,100
2025-12-24 06:00:00,4971.5,Occitanie,4.8,100,0.7,100
2025-12-24 07:00:00,5236.5,Occitanie,4.8,100,3.3,100
2025-12-24 08:00:00,5366.5,Occitanie,4.8,100,8.1,100
2025-12-24 09:00:00,5535.0,Occitanie,4.6,100,7.6,100
2025-12-24 10:00:00,5480.0,Occitanie,4.7,100,7.6,100
2025-12-24 11:00:00,5663.5,Occitanie,5.3,99,8.7,100
2025-12-24 12:00:00,5811.0,Occitanie,6.4,95,11.5,100
2025-12-24 13:00:00,5644.5,Occitanie,6.8,93,13.4,100
2025-12-24 14:00:00,5494.0,Occitanie,5.6,98,12.7,100
2025-12-24 15:00:00,5595.0,Occitanie,4.9,99,13.1,100
2025-12-24 16:00:00,5583.0,Occitanie,4.8,94,13.4,100
2025-12-24 17:00:00,5894.0,Occitanie,4.6,92,13.1,100
2025-12-24 18:00:00,5772.0,Occitanie,4.5,86,10.5,100
2025-12-24 19:00:00,5501.5,Occitanie,4.4,85,8.4,100
2025-12-24 20:00:00,5172.0,Occitanie,4.2,85,9.0,100
2025-12-24 21:00:00,4986.0,Occitanie,4.2,83,7.8,98
2025-12-24 22:00:00,5262.5,Occitanie,4.0,82,8.6,100
2025-12-24 23:00:00,5445.0,Occitanie,3.8,81,9.2,100
2025-12-25 00:00:00,5142.0,Occitanie,3.5,82,8.4,98
2025-12-25 01:00:00,5020.0,Occitanie,3.4,82,7.3,100
2025-12-25 02:00:00,4822.5,Occitanie,3.5,83,8.1,100
2025-12-25 03:00:00,4606.5,Occitanie,3.5,84,7.3,100
2025-12-25 04:00:00,4523.5,Occitanie,3.5,86,5.8,100
2025-12-25 05:00:00,4578.0,Occitanie,3.5,88,4.2,100
2025-12-25 06:00:00,4656.5,Occitanie,3.4,89,0.7,99
2025-12-25 07:00:00,4875.5,Occitanie,3.0,93,1.5,100
2025-12-25 08:00:00,4910.5,Occitanie,2.7,94,1.8,100
2025-12-25 09:00:00,5200.0,Occitanie,3.0,92,1.9,97
2025-12-25 10:00:00,5353.0,Occitanie,3.0,90,3.2,99
2025-12-25 11:00:00,5389.5,Occitanie,3.2,90,1.9,100
2025-12-25 12:00:00,5385.5,Occitanie,3.5,90,1.9,100
2025-12-25 13:00:00,4935.0,Occitanie,4.0,85,2.8,98
2025-12-25 14:00:00,4894.0,Occitanie,4.5,80,3.5,100
2025-12-25 15:00:00,4853.5,Occitanie,4.9,77,3.8,100
2025-12-25 16:00:00,4930.0,Occitanie,5.2,76,2.2,100
2025-12-25 17:00:00,5318.0,Occitanie,5.4,77,1.8,100
2025-12-25 18:00:00,5505.0,Occitanie,5.2,80,4.7,100
2025-12-25 19:00:00,5473.0,Occitanie,4.8,82,5.8,100
2025-12-25 20:00:00,5315.5,Occitanie,4.4,88,6.7,100
2025-12-25 21:00:00,5150.0,Occitanie,4.2,89,5.1,100
2025-12-25 22:00:00,5354.5,Occitanie,3.8,91,3.8,86
2025-12-25 23:00:00,5216.0,Occitanie,3.0,93,3.5,20
2025-12-26 00:00:00,4919.0,Occitanie,2.3,94,2.2,20
2025-12-26 01:00:00,4793.0,Occitanie,2.0,95,1.5,63
2025-12-26 02:00:00,4679.0,Occitanie,1.9,95,3.6,98
2025-12-26 03:00:00,4518.5,Occitanie,2.2,97,2.7,97
2025-12-26 04:00:00,4454.5,Occitanie,2.2,98,3.6,90
2025-12-26 05:00:00,4605.5,Occitanie,2.0,99,6.1,96
2025-12-26 06:00:00,4866.5,Occitanie,2.2,98,3.0,100
2025-12-26 07:00:00,4950.0,Occitanie,2.6,96,1.8,99
2025-12-26 08:00:00,5289.0,Occitanie,3.0,94,4.0,100
2025-12-26 09:00:00,5605.5,Occitanie,3.5,90,5.8,100
2025-12-26 10:00:00,5520.0,Occitanie,5.4,88,13.2,99
2025-12-26 11:00:00,5696.5,Occitanie,7.0,84,11.7,72
2025-12-26 12:00:00,5825.0,Occitanie,8.9,81,9.5,91
2025-12-26 13:00:00,5566.5,Occitanie,10.8,75,14.7,100
2025-12-26 14:00:00,5439.5,Occitanie,10.5,81,7.1,100
2025-12-26 15:00:00,5296.5,Occitanie,10.9,80,4.8,100
2025-12-26 16:00:00,5214.5,Occitanie,11.6,75,14.3,100
2025-12-26 17:00:00,5575.0,Occitanie,10.6,77,17.3,100
2025-12-26 18:00:00,5736.0,Occitanie,10.4,75,19.8,100
2025-12-26 19:00:00,5559.0,Occitanie,10.4,75,21.0,99
2025-12-26 20:00:00,5261.0,Occitanie,10.0,81,18.0,95
2025-12-26 21:00:00,5071.0,Occitanie,9.9,82,18.1,99
2025-12-26 22:00:00,5248.0,Occitanie,9.9,80,16.9,99
2025-12-26 23:00:00,5119.0,Occitanie,10.1,79,18.8,98
2025-12-27 00:00:00,4638.0,Occitanie,9.9,80,18.6,91
2025-12-27 01:00:00,4664.5,Occitanie,9.9,80,18.3,37
2025-12-27 02:00:00,4484.0,Occitanie,10.0,78,18.7,28
2025-12-27 03:00:00,4302.0,Occitanie,9.6,78,15.7,100
2025-12-27 04:00:00,4253.5,Occitanie,9.1,78,12.5,95
2025-12-27 05:00:00,4384.0,Occitanie,8.9,77,10.5,91
2025-12-27 06:00:00,4498.0,Occitanie,8.9,74,11.2,95
2025-12-27 07:00:00,4633.5,Occitanie,8.8,76,12.2,100
2025-12-27 08:00:00,4878.0,Occitanie,9.2,78,14.3,97
2025-12-27 09:00:00,5060.5,Occitanie,8.8,80,13.1,91
2025-12-27 10:00:00,5085.0,Occitanie,8.8,81,14.1,74
2025-12-27 11:00:00,5193.5,Occitanie,10.1,76,18.8,95
2025-12-27 12:00:00,5136.0,Occitanie,10.9,75,15.5,98
2025-12-27 13:00:00,4956.5,Occitanie,11.4,74,17.2,97
2025-12-27 14:00:00,4753.0,Occitanie,12.7,68,21.3,98
2025-12-27 15:00:00,4653.0,Occitanie,12.9,67,24.7,98
2025-12-27 16:00:00,4741.0,Occitanie,12.9,65,24.6,91
2025-12-27 17:00:00,5059.5,Occitanie,12.6,65,21.5,39
2025-12-27 18:00:00,5348.0,Occitanie,11.8,69,19.8,77
2025-12-27 19:00:00,5301.0,Occitanie,11.0,69,16.8,83
2025-12-27 20:00:00,5084.5,Occitanie,10.6,71,13.7,17
2025-12-27 21:00:00,4788.0,Occitanie,9.5,75,10.9,65
2025-12-27 22:00:00,5073.5,Occitanie,8.8,76,11.0,11
2025-12-27 23:00:00,5013.0,Occitanie,8.7,73,12.1,10
2025-12-28 00:00:00,4709.5,Occitanie,8.2,71,11.9,16
2025-12-28 01:00:00,4552.0,Occitanie,7.9,70,12.3,38
2025-12-28 02:00:00,4480.5,Occitanie,8.5,73,13.9,35
2025-12-28 03:00:00,4267.0,Occitanie,8.1,78,13.2,96
2025-12-28 04:00:00,4216.5,Occitanie,8.0,81,13.3,38
2025-12-28 05:00:00,4311.5,Occitanie,8.1,84,14.1,60
2025-12-28 06:00:00,4428.5,Occitanie,8.1,85,13.2,63
2025-12-28 07:00:00,4593.5,Occitanie,7.8,86,9.5,33
2025-12-28 08:00:00,4724.0,Occitanie,6.9,89,5.0,19
2025-12-28 09:00:00,4902.0,Occitanie,6.6,86,5.6,16
2025-12-28 10:00:00,4873.5,Occitanie,6.8,81,6.7,8
2025-12-28 11:00:00,4996.5,Occitanie,8.2,76,6.9,6
2025-12-28 12:00:00,5053.0,Occitanie,10.1,71,5.7,4
2025-12-28 13:00:00,4704.5,Occitanie,11.6,65,5.1,2
2025-12-28 14:00:00,4379.0,Occitanie,12.6,63,4.7,0
2025-12-28 15:00:00,4265.0,Occitanie,13.3,61,5.3,0
2025-12-28 16:00:00,4447.0,Occitanie,13.5,61,4.0,1
2025-12-28 17:00:00,4909.5,Occitanie,13.2,66,2.7,1
2025-12-28 18:00:00,5202.0,Occitanie,11.6,72,1.2,0
2025-12-28 19:00:00,5294.0,Occitanie,9.7,75,3.7,0
2025-12-28 20:00:00,5158.5,Occitanie,8.8,75,6.3,0
2025-12-28 21:00:00,5046.0,Occitanie,7.9,75,7.1,0
2025-12-28 22:00:00,5257.5,Occitanie,7.3,77,8.2,1
2025-12-28 23:00:00,5305.0,Occitanie,6.8,80,8.2,0
2025-12-29 00:00:00,4949.5,Occitanie,6.4,82,8.6,0
2025-12-29 01:00:00,4989.0,Occitanie,5.8,85,7.7,0
2025-12-29 02:00:00,4810.0,Occitanie,4.8,89,4.6,0
2025-12-29 03:00:00,4687.5,Occitanie,4.1,92,5.1,0
2025-12-29 04:00:00,4678.0,Occitanie,3.8,93,5.5,2
2025-12-29 05:00:00,4817.5,Occitanie,3.5,94,6.0,10
2025-12-29 06:00:00,5109.0,Occitanie,3.5,95,6.5,10
2025-12-29 07:00:00,5442.5,Occitanie,3.7,94,8.4,17
2025-12-29 08:00:00,5700.0,Occitanie,2.8,98,7.9,63
2025-12-29 09:00:00,5656.0,Occitanie,2.7,98,7.8,62
2025-12-29 10:00:00,5486.5,Occitanie,3.5,98,9.0,66
2025-12-29 11:00:00,5401.0,Occitanie,5.4,94,8.5,55
2025-12-29 12:00:00,5353.5,Occitanie,7.3,92,7.6,26
2025-12-29 13:00:00,5022.5,Occitanie,9.2,86,6.0,6
2025-12-29 14:00:00,4831.0,Occitanie,10.2,82,3.8,9
2025-12-29 15:00:00,4703.5,Occitanie,11.1,78,2.2,7
2025-12-29 16:00:00,4960.5,Occitanie,11.4,75,0.0,18
2025-12-29 17:00:00,5490.0,Occitanie,11.2,76,1.8,40
2025-12-29 18:00:00,5865.0,Occitanie,9.4,85,1.9,2
2025-12-29 19:00:00,5748.5,Occitanie,7.6,91,3.2,2
2025-12-29 20:00:00,5449.5,Occitanie,6.9,92,3.4,11
2025-12-29 21:00:00,5270.0,Occitanie,6.1,95,2.1,0
2025-12-29 22:00:00,5466.5,Occitanie,5.5,97,0.4,0
2025-12-29 23:00:00,5431.0,Occitanie,4.5,100,3.0,95
2025-12-30 00:00:00,5144.0,Occitanie,3.8,100,4.6,70
2025-12-30 01:00:00,5007.5,Occitanie,3.4,100,5.2,2
2025-12-30 02:00:00,4849.5,Occitanie,2.8,100,4.5,97
2025-12-30 03:00:00,4705.5,Occitanie,2.3,100,4.2,97
2025-12-30 04:00:00,4688.0,Occitanie,2.4,100,3.2,100
2025-12-30 05:00:00,4876.0,Occitanie,2.8,100,4.9,100
2025-12-30 06:00:00,5170.0,Occitanie,3.2,100,6.2,100
2025-12-30 07:00:00,5504.5,Occitanie,3.5,100,6.3,100
2025-12-30 08:00:00,5662.0,Occitanie,4.3,99,7.6,100
2025-12-30 09:00:00,5857.0,Occitanie,4.5,99,8.1,100
2025-12-30 10:00:00,5785.5,Occitanie,4.6,99,9.3,100
2025-12-30 11:00:00,5700.5,Occitanie,4.8,99,11.0,100
2025-12-30 12:00:00,5819.5,Occitanie,5.1,99,9.4,100
2025-12-30 13:00:00,5680.0,Occitanie,5.4,95,13.9,100
2025-12-30 14:00:00,5529.5,Occitanie,5.2,96,11.8,100
2025-12-30 15:00:00,5515.5,Occitanie,5.3,94,10.8,100
2025-12-30 16:00:00,5609.0,Occitanie,5.5,92,10.3,100
2025-12-30 17:00:00,5969.0,Occitanie,5.6,90,10.8,100
2025-12-30 18:00:00,6303.5,Occitanie,5.1,92,9.2,100
2025-12-30 19:00:00,6198.0,Occitanie,4.4,93,9.3,100
2025-12-30 20:00:00,5892.0,Occitanie,3.7,95,11.7,100
2025-12-30 21:00:00,5754.5,Occitanie,3.5,94,9.1,100
2025-12-30 22:00:00,5797.0,Occitanie,3.3,93,7.5,100
2025-12-30 23:00:00,5772.5,Occitanie,3.2,92,6.9,100
2025-12-31 00:00:00,5492.5,Occitanie,3.0,92,7.1,100
2025-12-31 01:00:00,5398.5,Occitanie,2.7,93,7.7,100
2025-12-31 02:00:00,5267.5,Occitanie,2.2,92,6.3,100
2025-12-31 03:00:00,5063.0,Occitanie,2.0,92,5.4,100
2025-12-31 04:00:00,5076.0,Occitanie,1.7,93,4.4,96
2025-12-31 05:00:00,5409.5,Occitanie,1.2,95,4.5,90
2025-12-31 06:00:00,5644.5,Occitanie,0.4,98,5.4,80
2025-12-31 07:00:00,5938.5,Occitanie,0.1,100,4.7,100
2025-12-31 08:00:00,6156.5,Occitanie,0.8,99,3.2,100
2025-12-31 09:00:00,6260.5,Occitanie,0.6,99,2.9,100
2025-12-31 10:00:00,6212.5,Occitanie,0.6,100,4.8,100
2025-12-31 11:00:00,6263.0,Occitanie,0.9,99,5.1,100
2025-12-31 12:00:00,6286.5,Occitanie,2.3,89,5.6,53
2025-12-31 13:00:00,6112.5,Occitanie,3.3,79,4.4,18
2025-12-31 14:00:00,5917.0,Occitanie,2.2,86,6.3,100
2025-12-31 15:00:00,5814.0,Occitanie,2.7,84,5.1,80
2025-12-31 16:00:00,5954.5,Occitanie,3.0,80,4.3,74
2025-12-31 17:00:00,6452.5,Occitanie,3.0,79,3.9,66
2025-12-31 18:00:00,6625.5,Occitanie,2.5,81,3.1,58
2025-12-31 19:00:00,6391.0,Occitanie,1.5,88,4.1,28
2025-12-31 20:00:00,6121.0,Occitanie,0.6,91,4.5,3
2025-12-31 21:00:00,6028.0,Occitanie,-0.1,91,3.9,3
2025-12-31 22:00:00,6274.5,Occitanie,-0.6,90,3.5,3
2025-12-31 23:00:00,6353.5,Occitanie,-0.9,90,1.7,2
2026-01-01 00:00:00,6078.0,Occitanie,-1.5,93,2.6,2
2026-01-01 01:00:00,6079.5,Occitanie,-1.9,95,3.6,1
2026-01-01 02:00:00,5886.5,Occitanie,-2.1,98,3.3,37
2026-01-01 03:00:00,5633.5,Occitanie,-2.0,100,4.2,100
2026-01-01 04:00:00,5529.0,Occitanie,-2.0,99,4.2,100
2026-01-01 05:00:00,5693.0,Occitanie,-2.0,99,3.9,100
2026-01-01 06:00:00,5745.5,Occitanie,-2.0,99,4.2,100
2026-01-01 07:00:00,5804.5,Occitanie,-2.2,100,3.9,100
2026-01-01 08:00:00,5946.0,Occitanie,-1.9,98,4.9,100
2026-01-01 09:00:00,6254.0,Occitanie,-1.9,99,5.2,100
2026-01-01 10:00:00,6532.5,Occitanie,-1.9,99,4.2,100
2026-01-01 11:00:00,6835.0,Occitanie,-0.9,98,6.3,100
2026-01-01 12:00:00,6902.0,Occitanie,1.0,91,6.8,100
2026-01-01 13:00:00,6541.0,Occitanie,3.2,83,5.4,99
2026-01-01 14:00:00,6259.0,Occitanie,4.0,79,7.1,99
2026-01-01 15:00:00,5881.5,Occitanie,4.7,79,2.3,99
2026-01-01 16:00:00,5800.5,Occitanie,5.2,79,1.2,60
2026-01-01 17:00:00,6303.0,Occitanie,5.2,79,0.7,99
2026-01-01 18:00:00,6507.0,Occitanie,3.9,87,3.1,64
2026-01-01 19:00:00,6506.5,Occitanie,1.9,91,4.2,68
2026-01-01 20:00:00,6360.0,Occitanie,1.0,94,3.9,84
2026-01-01 21:00:00,6180.5,Occitanie,0.4,95,5.4,70
2026-01-01 22:00:00,6293.5,Occitanie,-0.2,95,4.3,17
2026-01-01 23:00:00,6226.5,Occitanie,-1.1,97,2.8,100
2026-01-02 00:00:00,5909.0,Occitanie,-1.3,100,4.5,100
2026-01-02 01:00:00,5839.5,Occitanie,-1.0,100,3.0,100
2026-01-02 02:00:00,5696.0,Occitanie,-0.9,100,2.9,100
2026-01-02 03:00:00,5575.5,Occitanie,-1.0,99,3.9,100
2026-01-02 04:00:00,5618.0,Occitanie,-1.5,99,5.8,100
2026-01-02 05:00:00,5889.0,Occitanie,-1.6,99,3.6,100
2026-01-02 06:00:00,6160.5,Occitanie,-1.6,99,1.3,100
2026-01-02 07:00:00,6486.5,Occitanie,-1.7,99,1.5,100
2026-01-02 08:00:00,6623.0,Occitanie,-1.7,97,1.5,100
2026-01-02 09:00:00,7003.5,Occitanie,-2.0,96,1.9,100
2026-01-02 10:00:00,7165.5,Occitanie,-1.8,95,2.3,100
2026-01-02 11:00:00,7427.5,Occitanie,-1.5,97,2.7,100
2026-01-02 12:00:00,7542.0,Occitanie,-0.9,97,1.4,100
2026-01-02 13:00:00,7122.0,Occitanie,-0.1,97,1.3,100
2026-01-02 14:00:00,6702.5,Occitanie,0.6,98,2.8,100
2026-01-02 15:00:00,6368.0,Occitanie,1.1,96,2.4,100
2026-01-02 16:00:00,6213.0,Occitanie,1.1,96,2.8,100
2026-01-02 17:00:00,6652.0,Occitanie,1.1,98,3.8,100
2026-01-02 18:00:00,7103.5,Occitanie,0.8,99,4.3,100
2026-01-02 19:00:00,6906.0,Occitanie,0.6,99,4.2,100
2026-01-02 20:00:00,6601.5,Occitanie,0.6,100,2.9,100
2026-01-02 21:00:00,6370.5,Occitanie,1.0,100,5.1,100
2026-01-02 22:00:00,6570.0,Occitanie,1.1,99,4.5,100
2026-01-02 23:00:00,6309.5,Occitanie,1.2,99,5.5,100
2026-01-03 00:00:00,5926.0,Occitanie,1.1,99,5.6,100
2026-01-03 01:00:00,5867.0,Occitanie,1.0,98,4.4,100
2026-01-03 02:00:00,5651.5,Occitanie,1.4,95,5.1,100
2026-01-03 03:00:00,5454.5,Occitanie,1.0,95,3.9,100
2026-01-03 04:00:00,5381.0,Occitanie,0.5,93,6.0,100
2026-01-03 05:00:00,5638.0,Occitanie,-0.2,91,4.8,100
2026-01-03 06:00:00,5759.0,Occitanie,-0.5,92,2.7,100
2026-01-03 07:00:00,5917.5,Occitanie,-0.8,92,3.0,100
2026-01-03 08:00:00,6272.5,Occitanie,-1.2,96,2.3,100
2026-01-03 09:00:00,6684.5,Occitanie,-1.3,96,2.2,100
2026-01-03 10:00:00,6970.5,Occitanie,-1.4,97,3.0,100
2026-01-03 11:00:00,7128.5,Occitanie,-0.4,91,3.6,72
2026-01-03 12:00:00,7386.0,Occitanie,0.7,85,3.3,98
2026-01-03 13:00:00,6932.0,Occitanie,2.0,80,3.4,100
2026-01-03 14:00:00,6520.0,Occitanie,2.7,81,5.3,100
2026-01-03 15:00:00,6127.0,Occitanie,3.2,80,5.4,100
2026-01-03 16:00:00,6069.0,Occitanie,3.5,80,5.9,98
2026-01-03 17:00:00,6492.0,Occitanie,3.7,80,6.1,99
2026-01-03 18:00:00,6792.0,Occitanie,3.2,83,5.2,100
2026-01-03 19:00:00,6795.0,Occitanie,2.9,85,6.4,100
2026-01-03 20:00:00,6477.5,Occitanie,2.4,85,8.9,100
2026-01-03 21:00:00,6269.5,Occitanie,1.5,85,9.7,91
2026-01-03 22:00:00,6420.5,Occitanie,0.6,89,8.0,77
2026-01-03 23:00:00,6385.5,Occitanie,-0.1,91,7.1,55
2026-01-04 00:00:00,6073.5,Occitanie,-0.8,92,7.5,71
2026-01-04 01:00:00,5878.0,Occitanie,-1.4,91,6.8,52
2026-01-04 02:00:00,5832.5,Occitanie,-1.4,92,7.3,7
2026-01-04 03:00:00,5587.5,Occitanie,-2.2,91,6.5,33
2026-01-04 04:00:00,5586.0,Occitanie,-2.8,90,6.3,70
2026-01-04 05:00:00,5668.0,Occitanie,-3.1,87,6.1,82
2026-01-04 06:00:00,5908.0,Occitanie,-3.2,84,6.3,47
2026-01-04 07:00:00,6052.5,Occitanie,-3.3,83,6.0,12
2026-01-04 08:00:00,6430.5,Occitanie,-3.5,85,6.8,0
2026-01-04 09:00:00,6906.5,Occitanie,-3.6,85,6.4,0
2026-01-04 10:00:00,7244.5,Occitanie,-3.5,85,6.1,0
2026-01-04 11:00:00,7572.0,Occitanie,-2.5,81,5.3,0
2026-01-04 12:00:00,7592.5,Occitanie,-1.2,76,5.2,0
2026-01-04 13:00:00,7150.5,Occitanie,-0.1,71,5.9,0
2026-01-04 14:00:00,6814.5,Occitanie,1.4,71,9.5,32
2026-01-04 15:00:00,6301.0,Occitanie,1.9,66,8.9,0
2026-01-04 16:00:00,6191.5,Occitanie,2.1,63,9.3,0
2026-01-04 17:00:00,6743.5,Occitanie,1.8,65,9.3,0
2026-01-04 18:00:00,7233.5,Occitanie,0.5,72,6.7,0
2026-01-04 19:00:00,7101.0,Occitanie,-0.6,75,8.8,1
2026-01-04 20:00:00,6850.0,Occitanie,-0.7,77,8.6,0
2026-01-04 21:00:00,6533.5,Occitanie,-1.0,79,8.3,0
2026-01-04 22:00:00,6760.5,Occitanie,-1.5,82,8.4,10
2026-01-04 23:00:00,6626.5,Occitanie,-2.0,85,8.8,20
2026-01-05 00:00:00,6376.5,Occitanie,-2.4,86,7.7,100
2026-01-05 01:00:00,6336.0,Occitanie,-2.5,88,8.0,100
2026-01-05 02:00:00,6305.5,Occitanie,-2.8,87,8.2,100
2026-01-05 03:00:00,6119.0,Occitanie,-3.2,88,8.1,28
2026-01-05 04:00:00,6161.5,Occitanie,-3.8,90,8.3,0
2026-01-05 05:00:00,6588.0,Occitanie,-4.2,90,8.5,0
2026-01-05 06:00:00,7186.5,Occitanie,-4.6,91,9.0,0
2026-01-05 07:00:00,7648.5,Occitanie,-4.8,91,8.6,0
2026-01-05 08:00:00,7948.5,Occitanie,-4.8,93,8.6,20
2026-01-05 09:00:00,8154.0,Occitanie,-5.0,92,7.9,22
2026-01-05 10:00:00,8352.0,Occitanie,-4.9,92,8.8,62
2026-01-05 11:00:00,8538.0,Occitanie,-4.2,89,8.3,87
2026-01-05 12:00:00,8622.0,Occitanie,-3.3,85,9.4,71
2026-01-05 13:00:00,8367.5,Occitanie,-1.9,76,10.4,55
2026-01-05 14:00:00,8016.5,Occitanie,-1.9,74,10.9,80
2026-01-05 15:00:00,7626.5,Occitanie,-1.0,62,10.1,44
2026-01-05 16:00:00,7488.0,Occitanie,-0.4,58,8.6,15
2026-01-05 17:00:00,7944.0,Occitanie,-0.4,57,8.7,2
2026-01-05 18:00:00,8395.5,Occitanie,-1.4,61,5.7,1
2026-01-05 19:00:00,8231.0,Occitanie,-2.8,68,4.8,0
2026-01-05 20:00:00,7820.0,Occitanie,-3.9,79,3.1,0
2026-01-05 21:00:00,7570.5,Occitanie,-4.4,81,1.4,0
2026-01-05 22:00:00,7597.5,Occitanie,-5.0,83,3.5,0
2026-01-05 23:00:00,7487.0,Occitanie,-5.2,84,4.4,0
2026-01-06 00:00:00,7222.5,Occitanie,-5.3,84,3.9,0
2026-01-06 01:00:00,7203.5,Occitanie,-5.4,83,2.7,0
2026-01-06 02:00:00,7047.0,Occitanie,-5.6,85,0.8,0
2026-01-06 03:00:00,6909.0,Occitanie,-6.2,87,0.4,0
2026-01-06 04:00:00,6872.0,Occitanie,-6.7,89,1.9,0
2026-01-06 05:00:00,7254.0,Occitanie,-6.9,91,1.7,0
2026-01-06 06:00:00,7763.5,Occitanie,-7.0,91,1.7,0
2026-01-06 07:00:00,8313.5,Occitanie,-7.2,92,0.6,0
2026-01-06 08:00:00,8428.0,Occitanie,-7.8,95,1.9,98
2026-01-06 09:00:00,8709.0,Occitanie,-7.9,95,1.5,98
2026-01-06 10:00:00,8707.5,Occitanie,-8.1,95,4.0,100
2026-01-06 11:00:00,8753.0,Occitanie,-6.3,93,5.0,100
2026-01-06 12:00:00,8731.0,Occitanie,-3.1,76,4.7,77
2026-01-06 13:00:00,8406.0,Occitanie,-0.5,64,6.9,4
2026-01-06 14:00:00,8026.5,Occitanie,0.9,60,10.7,100
2026-01-06 15:00:00,7674.5,Occitanie,1.2,60,11.8,89
2026-01-06 16:00:00,7563.5,Occitanie,1.6,61,12.7,48
2026-01-06 17:00:00,8043.0,Occitanie,1.8,62,13.9,0
2026-01-06 18:00:00,8498.5,Occitanie,0.6,70,13.1,0
2026-01-06 19:00:00,8305.0,Occitanie,-0.6,79,13.5,0
2026-01-06 20:00:00,7869.5,Occitanie,-1.2,88,13.0,0
2026-01-06 21:00:00,7671.5,Occitanie,-1.6,87,11.8,10
2026-01-06 22:00:00,7752.5,Occitanie,-1.9,87,10.7,50
2026-01-06 23:00:00,7608.0,Occitanie,-2.2,88,9.8,26
2026-01-07 00:00:00,7322.0,Occitanie,-2.6,89,9.2,16
2026-01-07 01:00:00,7267.5,Occitanie,-2.7,90,9.6,21
2026-01-07 02:00:00,7082.0,Occitanie,-3.2,88,9.4,0
2026-01-07 03:00:00,6926.5,Occitanie,-3.6,89,7.8,0
2026-01-07 04:00:00,7019.5,Occitanie,-4.0,90,5.9,0
2026-01-07 05:00:00,7383.5,Occitanie,-4.8,91,4.5,0
2026-01-07 06:00:00,7950.5,Occitanie,-5.2,91,4.1,0
2026-01-07 07:00:00,8199.0,Occitanie,-5.2,90,2.3,0
2026-01-07 08:00:00,8546.0,Occitanie,-5.3,92,0.7,1
2026-01-07 09:00:00,8592.0,Occitanie,-5.8,93,0.6,12
2026-01-07 10:00:00,8690.5,Occitanie,-5.9,96,1.7,0
2026-01-07 11:00:00,8802.0,Occitanie,-4.0,90,2.3,2
2026-01-07 12:00:00,8596.0,Occitanie,-1.2,74,2.6,0
2026-01-07 13:00:00,8212.0,Occitanie,1.6,56,3.3,1
2026-01-07 14:00:00,7681.5,Occitanie,3.5,52,2.3,52
2026-01-07 15:00:00,7273.5,Occitanie,5.2,47,3.7,65
2026-01-07 16:00:00,7306.0,Occitanie,6.7,43,5.7,100
2026-01-07 17:00:00,7780.0,Occitanie,6.1,48,8.2,100
2026-01-07 18:00:00,7964.5,Occitanie,5.6,60,17.0,100
2026-01-07 19:00:00,7812.0,Occitanie,5.6,70,20.2,95
2026-01-07 20:00:00,7416.0,Occitanie,5.7,82,20.5,62
2026-01-07 21:00:00,6934.0,Occitanie,4.5,92,17.2,100
2026-01-07 22:00:00,6984.5,Occitanie,4.1,95,12.2,100
2026-01-07 23:00:00,6673.5,Occitanie,3.6,96,8.9,100
2026-01-08 00:00:00,6320.5,Occitanie,2.8,97,8.1,100
2026-01-08 01:00:00,6320.0,Occitanie,3.7,97,11.4,100
2026-01-08 02:00:00,6058.0,Occitanie,5.4,95,17.5,100
2026-01-08 03:00:00,5918.0,Occitanie,6.2,95,18.0,100
2026-01-08 04:00:00,5804.5,Occitanie,6.8,95,20.0,100
2026-01-08 05:00:00,6101.0,Occitanie,6.2,96,15.1,100
2026-01-08 06:00:00,6541.0,Occitanie,7.0,95,21.4,100
2026-01-08 07:00:00,6792.5,Occitanie,7.7,96,21.9,100
2026-01-08 08:00:00,6872.0,Occitanie,8.9,95,23.3,100
2026-01-08 09:00:00,6865.0,Occitanie,9.2,95,23.2,100
2026-01-08 10:00:00,6879.5,Occitanie,9.4,95,22.7,100
2026-01-08 11:00:00,6868.5,Occitanie,9.9,93,22.4,99
2026-01-08 12:00:00,7016.5,Occitanie,10.4,90,22.0,100
2026-01-08 13:00:00,6649.5,Occitanie,10.8,88,20.2,95
2026-01-08 14:00:00,6459.5,Occitanie,11.5,87,21.4,100
2026-01-08 15:00:00,6066.0,Occitanie,12.6,80,20.9,98
2026-01-08 16:00:00,5883.5,Occitanie,12.8,74,21.4,99
2026-01-08 17:00:00,6344.5,Occitanie,12.8,73,18.0,100
2026-01-08 18:00:00,6629.5,Occitanie,12.1,74,15.0,100
2026-01-08 19:00:00,6470.0,Occitanie,10.9,78,10.6,100
2026-01-08 20:00:00,6016.0,Occitanie,9.4,84,5.2,100
2026-01-08 21:00:00,5807.5,Occitanie,7.9,87,4.7,96
2026-01-08 22:00:00,5843.0,Occitanie,7.6,88,6.9,95
2026-01-08 23:00:00,5636.5,Occitanie,6.8,91,10.5,99
2026-01-09 00:00:00,5407.0,Occitanie,6.5,92,9.4,100
2026-01-09 01:00:00,5367.5,Occitanie,6.9,90,7.0,100
2026-01-09 02:00:00,5224.0,Occitanie,6.9,92,11.1,100
2026-01-09 03:00:00,4949.5,Occitanie,9.6,84,24.0,100
2026-01-09 04:00:00,4869.0,Occitanie,9.4,84,23.2,100
2026-01-09 05:00:00,5315.5,Occitanie,9.1,83,23.2,86
2026-01-09 06:00:00,5817.0,Occitanie,8.8,88,23.1,100
2026-01-09 07:00:00,6155.0,Occitanie,8.9,89,24.9,100
2026-01-09 08:00:00,6295.5,Occitanie,8.4,86,24.5,59
2026-01-09 09:00:00,6314.5,Occitanie,7.8,86,25.0,100
2026-01-09 10:00:00,6356.0,Occitanie,7.8,87,24.2,100
2026-01-09 11:00:00,6528.0,Occitanie,8.1,87,21.9,97
2026-01-09 12:00:00,6564.5,Occitanie,8.4,86,24.7,96
2026-01-09 13:00:00,6502.0,Occitanie,8.2,82,24.5,91
2026-01-09 14:00:00,6431.0,Occitanie,7.4,84,23.0,100
2026-01-09 15:00:00,6330.5,Occitanie,7.2,88,33.9,100
2026-01-09 16:00:00,6140.0,Occitanie,6.8,88,31.2,98
2026-01-09 17:00:00,6548.0,Occitanie,6.4,85,35.5,80
2026-01-09 18:00:00,6789.5,Occitanie,6.1,85,28.7,100
2026-01-09 19:00:00,6766.5,Occitanie,5.7,75,25.8,90
2026-01-09 20:00:00,6258.0,Occitanie,5.8,75,29.2,97
2026-01-09 21:00:00,5988.0,Occitanie,5.4,78,24.3,100
2026-01-09 22:00:00,6221.0,Occitanie,4.6,84,22.8,100
2026-01-09 23:00:00,6092.0,Occitanie,4.6,81,22.9,100
2026-01-10 00:00:00,5694.0,Occitanie,4.2,87,20.4,100
2026-01-10 01:00:00,5672.5,Occitanie,3.7,89,20.0,100
2026-01-10 02:00:00,5465.5,Occitanie,3.3,93,14.5,100
2026-01-10 03:00:00,5262.0,Occitanie,4.0,94,20.3,100
2026-01-10 04:00:00,5216.5,Occitanie,4.0,93,23.6,100
2026-01-10 05:00:00,5224.5,Occitanie,3.5,95,20.2,100
2026-01-10 06:00:00,5505.5,Occitanie,3.9,92,20.4,38
2026-01-10 07:00:00,5678.5,Occitanie,3.6,93,18.8,99
2026-01-10 08:00:00,5784.5,Occitanie,3.4,93,18.4,70
2026-01-10 09:00:00,6122.5,Occitanie,3.2,89,17.7,63
2026-01-10 10:00:00,6228.0,Occitanie,3.7,91,18.0,89
2026-01-10 11:00:00,6468.0,Occitanie,4.8,89,19.1,100
2026-01-10 12:00:00,6644.5,Occitanie,5.6,86,22.2,100
2026-01-10 13:00:00,6239.5,Occitanie,6.1,83,21.8,99
2026-01-10 14:00:00,6102.5,Occitanie,7.3,79,21.6,81
2026-01-10 15:00:00,5828.0,Occitanie,8.1,74,19.1,24
2026-01-10 16:00:00,5649.5,Occitanie,8.4,69,22.2,100
2026-01-10 17:00:00,6073.0,Occitanie,7.3,77,18.9,82
2026-01-10 18:00:00,6408.5,Occitanie,6.8,84,18.6,3
2026-01-10 19:00:00,6287.5,Occitanie,6.3,85,17.7,9
2026-01-10 20:00:00,6001.0,Occitanie,6.8,83,18.9,38
2026-01-10 21:00:00,5730.0,Occitanie,6.3,84,17.2,27
2026-01-10 22:00:00,5911.0,Occitanie,5.7,87,14.5,36
2026-01-10 23:00:00,5878.0,Occitanie,5.1,90,13.2,15
2026-01-11 00:00:00,5590.5,Occitanie,4.4,93,11.4,26
2026-01-11 01:00:00,5500.5,Occitanie,3.9,95,10.4,34
2026-01-11 02:00:00,5348.5,Occitanie,3.8,93,10.3,23
2026-01-11 03:00:00,5138.5,Occitanie,3.6,95,9.0,38
2026-01-11 04:00:00,5098.0,Occitanie,3.0,97,7.8,39
2026-01-11 05:00:00,5215.5,Occitanie,1.7,98,5.3,13
2026-01-11 06:00:00,5423.0,Occitanie,1.0,99,4.3,54
2026-01-11 07:00:00,5594.5,Occitanie,1.2,100,3.0,100
2026-01-11 08:00:00,5928.5,Occitanie,2.3,100,3.6,100
2026-01-11 09:00:00,6252.0,Occitanie,2.2,100,3.3,100
2026-01-11 10:00:00,6591.0,Occitanie,2.4,99,5.4,100
2026-01-11 11:00:00,6746.0,Occitanie,2.7,98,6.5,100
2026-01-11 12:00:00,6785.0,Occitanie,3.0,97,6.1,100
2026-01-11 13:00:00,6353.0,Occitanie,4.2,94,5.7,100
2026-01-11 14:00:00,5987.0,Occitanie,5.8,88,5.4,99
2026-01-11 15:00:00,5559.0,Occitanie,7.2,82,3.8,8
2026-01-11 16:00:00,5354.0,Occitanie,8.2,76,3.2,91
2026-01-11 17:00:00,5808.5,Occitanie,8.4,73,5.9,2
2026-01-11 18:00:00,6378.0,Occitanie,7.2,76,5.0,57
2026-01-11 19:00:00,6546.0,Occitanie,5.3,77,5.7,58
2026-01-11 20:00:00,6179.5,Occitanie,4.7,77,6.5,87
2026-01-11 21:00:00,5924.0,Occitanie,4.3,74,7.9,98
2026-01-11 22:00:00,6121.0,Occitanie,4.0,77,8.3,100
2026-01-11 23:00:00,5860.0,Occitanie,4.1,83,9.5,100
2026-01-12 00:00:00,5659.5,Occitanie,4.4,81,10.7,100
2026-01-12 01:00:00,5611.5,Occitanie,4.6,74,12.0,100
2026-01-12 02:00:00,5371.0,Occitanie,5.1,75,12.0,100
2026-01-12 03:00:00,5306.0,Occitanie,5.3,78,10.2,100
2026-01-12 04:00:00,5168.5,Occitanie,5.6,78,12.5,100
2026-01-12 05:00:00,5542.5,Occitanie,5.7,76,14.3,100
2026-01-12 06:00:00,6099.5,Occitanie,5.3,74,13.8,100
2026-01-12 07:00:00,6564.5,Occitanie,5.1,76,12.4,100
2026-01-12 08:00:00,6687.0,Occitanie,5.2,78,14.7,100
2026-01-12 09:00:00,6821.0,Occitanie,5.5,79,15.1,100
2026-01-12 10:00:00,6970.5,Occitanie,6.0,80,15.7,100
2026-01-12 11:00:00,7094.5,Occitanie,6.8,78,16.4,100
2026-01-12 12:00:00,7046.5,Occitanie,7.8,76,14.1,99
2026-01-12 13:00:00,6869.0,Occitanie,9.2,72,14.5,98
2026-01-12 14:00:00,6494.5,Occitanie,9.8,69,13.6,98
2026-01-12 15:00:00,6241.5,Occitanie,10.4,68,15.0,99
2026-01-12 16:00:00,6080.5,Occitanie,10.5,69,15.6,100
2026-01-12 17:00:00,6435.0,Occitanie,9.9,72,15.3,93
2026-01-12 18:00:00,6830.0,Occitanie,8.9,76,16.9,100
2026-01-12 19:00:00,6642.0,Occitanie,7.7,81,16.5,100
2026-01-12 20:00:00,6249.0,Occitanie,7.1,85,15.7,98
2026-01-12 21:00:00,5888.0,Occitanie,6.8,89,18.3,99
2026-01-12 22:00:00,5954.5,Occitanie,7.0,90,19.5,99
2026-01-12 23:00:00,5647.5,Occitanie,7.2,92,18.6,95
2026-01-13 00:00:00,5266.0,Occitanie,7.0,96,14.2,95
2026-01-13 01:00:00,5288.5,Occitanie,6.6,97,12.2,99
2026-01-13 02:00:00,5053.0,Occitanie,6.9,96,11.8,98
2026-01-13 03:00:00,4846.0,Occitanie,6.4,97,11.0,96
2026-01-13 04:00:00,4876.0,Occitanie,6.8,98,13.9,96
2026-01-13 05:00:00,5139.5,Occitanie,6.8,97,14.0,89
2026-01-13 06:00:00,5645.5,Occitanie,6.4,95,14.0,87
2026-01-13 07:00:00,6002.0,Occitanie,6.2,95,14.9,89
2026-01-13 08:00:00,6116.0,Occitanie,6.8,94,15.7,86
2026-01-13 09:00:00,6241.0,Occitanie,6.8,95,16.1,82
2026-01-13 10:00:00,6336.5,Occitanie,7.2,96,16.5,84
2026-01-13 11:00:00,6575.5,Occitanie,8.3,93,17.6,84
2026-01-13 12:00:00,6615.0,Occitanie,10.1,86,14.8,93
2026-01-13 13:00:00,6209.0,Occitanie,11.6,84,13.3,70
2026-01-13 14:00:00,5907.5,Occitanie,12.8,77,15.8,73
2026-01-13 15:00:00,5761.0,Occitanie,13.8,73,15.2,79
2026-01-13 16:00:00,5554.0,Occitanie,14.1,71,16.0,95
2026-01-13 17:00:00,5894.0,Occitanie,13.2,73,19.5,92
2026-01-13 18:00:00,6204.0,Occitanie,11.9,77,21.0,96
2026-01-13 19:00:00,6099.5,Occitanie,10.9,83,22.2,98
2026-01-13 20:00:00,5633.5,Occitanie,10.9,88,19.6,100
2026-01-13 21:00:00,5380.0,Occitanie,10.9,89,16.8,100
2026-01-13 22:00:00,5472.0,Occitanie,10.9,88,15.4,100
2026-01-13 23:00:00,5415.0,Occitanie,10.8,87,14.3,100
2026-01-14 00:00:00,4979.0,Occitanie,10.4,87,15.0,100
2026-01-14 01:00:00,4866.5,Occitanie,10.2,88,14.8,99
2026-01-14 02:00:00,4675.5,Occitanie,9.4,89,9.8,99
2026-01-14 03:00:00,4547.5,Occitanie,8.8,92,9.8,98
2026-01-14 04:00:00,4539.0,Occitanie,8.4,94,9.7,99
2026-01-14 05:00:00,4807.0,Occitanie,7.9,95,8.2,93
2026-01-14 06:00:00,5357.0,Occitanie,7.2,96,6.0,84
2026-01-14 07:00:00,5698.0,Occitanie,7.0,96,5.7,82
2026-01-14 08:00:00,5860.5,Occitanie,6.2,96,4.3,97
2026-01-14 09:00:00,5960.0,Occitanie,6.2,97,5.1,90
2026-01-14 10:00:00,6137.0,Occitanie,6.4,96,4.6,100
2026-01-14 11:00:00,6276.0,Occitanie,8.1,95,5.7,100
2026-01-14 12:00:00,6206.0,Occitanie,10.6,91,2.1,100
2026-01-14 13:00:00,5889.5,Occitanie,11.9,90,2.3,100
2026-01-14 14:00:00,5632.0,Occitanie,12.9,83,5.6,100
2026-01-14 15:00:00,5433.5,Occitanie,13.4,79,6.6,100
2026-01-14 16:00:00,5311.5,Occitanie,13.6,78,3.8,100
2026-01-14 17:00:00,5726.0,Occitanie,13.4,80,2.2,100
2026-01-14 18:00:00,6051.5,Occitanie,12.4,86,1.4,100
2026-01-14 19:00:00,5896.5,Occitanie,11.1,89,1.0,100
2026-01-14 20:00:00,5483.5,Occitanie,10.6,89,6.8,95
2026-01-14 21:00:00,5174.5,Occitanie,10.1,92,10.7,18
2026-01-14 22:00:00,5235.5,Occitanie,10.1,95,12.4,34
2026-01-14 23:00:00,5207.0,Occitanie,9.8,96,7.7,30
2026-01-15 00:00:00,4973.5,Occitanie,9.6,96,7.3,41
2026-01-15 01:00:00,4779.0,Occitanie,8.5,97,3.1,14
2026-01-15 02:00:00,4670.0,Occitanie,7.6,100,4.7,97
2026-01-15 03:00:00,4585.5,Occitanie,6.4,100,2.7,100
2026-01-15 04:00:00,4623.5,Occitanie,5.7,100,2.7,100
2026-01-15 05:00:00,4909.0,Occitanie,5.6,100,3.9,100
2026-01-15 06:00:00,5425.0,Occitanie,4.9,100,5.1,100
2026-01-15 07:00:00,5898.0,Occitanie,4.8,98,6.7,100
2026-01-15 08:00:00,5899.5,Occitanie,4.8,97,7.0,58
2026-01-15 09:00:00,5978.5,Occitanie,4.8,96,10.4,27
2026-01-15 10:00:00,6099.5,Occitanie,6.4,97,15.8,42
2026-01-15 11:00:00,6163.0,Occitanie,8.6,95,18.6,93
2026-01-15 12:00:00,6345.5,Occitanie,10.1,92,23.1,89
2026-01-15 13:00:00,5980.5,Occitanie,11.1,83,22.8,95
2026-01-15 14:00:00,5710.5,Occitanie,13.1,70,22.7,100
2026-01-15 15:00:00,5309.5,Occitanie,13.8,67,21.1,98
2026-01-15 16:00:00,5095.5,Occitanie,13.4,69,19.6,98
2026-01-15 17:00:00,5517.5,Occitanie,12.9,72,16.3,91
2026-01-15 18:00:00,5938.0,Occitanie,11.7,76,14.3,98
2026-01-15 19:00:00,5732.0,Occitanie,10.4,81,12.0,98
2026-01-15 20:00:00,5421.5,Occitanie,9.7,85,9.3,99
2026-01-15 21:00:00,5157.0,Occitanie,8.6,90,1.9,100
2026-01-15 22:00:00,5265.0,Occitanie,7.8,92,0.7,99
2026-01-15 23:00:00,5177.0,Occitanie,6.8,95,1.9,98
2026-01-16 00:00:00,4879.0,Occitanie,6.2,96,2.3,98
2026-01-16 01:00:00,4766.5,Occitanie,5.7,98,2.1,100
2026-01-16 02:00:00,4515.0,Occitanie,5.6,98,1.5,100
2026-01-16 03:00:00,4391.5,Occitanie,5.3,98,5.5,100
2026-01-16 04:00:00,4418.0,Occitanie,5.3,97,3.3,99
2026-01-16 05:00:00,4650.0,Occitanie,5.2,98,0.3,100
2026-01-16 06:00:00,5346.5,Occitanie,5.4,99,2.2,100
2026-01-16 07:00:00,5637.0,Occitanie,5.6,100,0.7,100
2026-01-16 08:00:00,5812.0,Occitanie,6.1,100,1.1,100
2026-01-16 09:00:00,5921.0,Occitanie,6.2,98,3.5,100
2026-01-16 10:00:00,5990.0,Occitanie,6.3,97,2.5,98
2026-01-16 11:00:00,6051.0,Occitanie,7.2,97,2.7,95
2026-01-16 12:00:00,6014.0,Occitanie,9.0,90,2.1,79
2026-01-16 13:00:00,5752.5,Occitanie,10.2,85,4.3,32
2026-01-16 14:00:00,5406.0,Occitanie,11.2,78,12.8,95
2026-01-16 15:00:00,5284.5,Occitanie,11.4,75,12.4,99
2026-01-16 16:00:00,5055.0,Occitanie,11.8,73,9.3,100
2026-01-16 17:00:00,5454.5,Occitanie,11.6,73,7.8,98
2026-01-16 18:00:00,5760.5,Occitanie,10.9,77,6.0,70
2026-01-16 19:00:00,5579.0,Occitanie,8.9,85,4.9,95
2026-01-16 20:00:00,5318.0,Occitanie,8.7,87,0.4,95
2026-01-16 21:00:00,5086.5,Occitanie,8.6,88,3.5,100
2026-01-16 22:00:00,5191.0,Occitanie,8.0,92,7.9,100
2026-01-16 23:00:00,5084.5,Occitanie,7.4,94,5.3,100
2026-01-17 00:00:00,4744.5,Occitanie,7.1,94,5.9,100
2026-01-17 01:00:00,4654.0,Occitanie,6.6,96,7.1,100
2026-01-17 02:00:00,4387.5,Occitanie,6.8,97,6.9,100
2026-01-17 03:00:00,4189.0,Occitanie,7.2,96,7.1,100
2026-01-17 04:00:00,4145.5,Occitanie,7.2,97,6.5,100
2026-01-17 05:00:00,4202.5,Occitanie,7.1,97,4.1,100
2026-01-17 06:00:00,4384.0,Occitanie,7.2,97,4.9,100
2026-01-17 07:00:00,4572.0,Occitanie,7.4,97,4.6,100
2026-01-17 08:00:00,4943.5,Occitanie,7.3,100,2.6,100
2026-01-17 09:00:00,5132.0,Occitanie,7.4,100,6.2,100
2026-01-17 10:00:00,5317.5,Occitanie,7.7,98,4.5,100
2026-01-17 11:00:00,5499.0,Occitanie,8.4,96,3.9,100
2026-01-17 12:00:00,5790.0,Occitanie,9.6,90,5.8,100
2026-01-17 13:00:00,5417.0,Occitanie,10.1,88,7.3,100
2026-01-17 14:00:00,5200.5,Occitanie,10.6,90,4.6,100
2026-01-17 15:00:00,5014.0,Occitanie,12.3,81,7.5,100
2026-01-17 16:00:00,4936.5,Occitanie,13.1,74,11.0,100
2026-01-17 17:00:00,5284.5,Occitanie,13.2,73,19.2,100
2026-01-17 18:00:00,5528.0,Occitanie,12.6,76,20.3,100
2026-01-17 19:00:00,5392.5,Occitanie,11.6,82,18.2,100
2026-01-17 20:00:00,4990.0,Occitanie,11.6,83,15.7,100
2026-01-17 21:00:00,4854.5,Occitanie,11.2,85,19.2,100
2026-01-17 22:00:00,5088.5,Occitanie,10.6,90,17.0,100
2026-01-17 23:00:00,4943.0,Occitanie,10.1,94,14.2,100
2026-01-18 00:00:00,4625.5,Occitanie,10.2,93,18.2,100
2026-01-18 01:00:00,4556.0,Occitanie,10.9,89,23.3,100
2026-01-18 02:00:00,4294.0,Occitanie,11.1,88,19.7,100
2026-01-18 03:00:00,4083.5,Occitanie,11.1,85,15.2,100
2026-01-18 04:00:00,3971.0,Occitanie,10.5,89,9.6,100
2026-01-18 05:00:00,4055.0,Occitanie,9.7,95,6.1,100
2026-01-18 06:00:00,4120.5,Occitanie,9.1,98,2.5,100
2026-01-18 07:00:00,4290.5,Occitanie,8.6,99,8.0,100
2026-01-18 08:00:00,4579.0,Occitanie,8.6,99,8.7,100
2026-01-18 09:00:00,4862.5,Occitanie,8.4,98,7.9,100
2026-01-18 10:00:00,5152.0,Occitanie,8.4,96,5.2,100
2026-01-18 11:00:00,5552.5,Occitanie,8.9,93,3.3,100
2026-01-18 12:00:00,5653.0,Occitanie,9.6,90,1.2,100
2026-01-18 13:00:00,5230.5,Occitanie,9.5,92,1.8,100
2026-01-18 14:00:00,4973.0,Occitanie,9.1,93,2.0,100
2026-01-18 15:00:00,4889.0,Occitanie,9.6,93,3.3,100
2026-01-18 16:00:00,4830.0,Occitanie,10.0,93,3.1,100
2026-01-18 17:00:00,5204.0,Occitanie,10.3,89,3.0,100
2026-01-18 18:00:00,5477.5,Occitanie,10.2,89,1.0,100
2026-01-18 19:00:00,5448.0,Occitanie,9.1,95,0.9,79
2026-01-18 20:00:00,5064.0,Occitanie,8.9,100,2.5,100
2026-01-18 21:00:00,4864.0,Occitanie,9.1,99,3.1,100
2026-01-18 22:00:00,4965.5,Occitanie,9.4,98,8.9,99
2026-01-18 23:00:00,4911.5,Occitanie,9.3,96,9.7,100
2026-01-19 00:00:00,4649.5,Occitanie,8.9,96,5.5,100
2026-01-19 01:00:00,4642.0,Occitanie,8.7,97,2.8,100
2026-01-19 02:00:00,4327.5,Occitanie,8.8,100,0.8,100
2026-01-19 03:00:00,4149.0,Occitanie,8.7,100,5.0,100
2026-01-19 04:00:00,4172.0,Occitanie,8.3,98,7.6,100
2026-01-19 05:00:00,4304.0,Occitanie,8.1,98,9.1,100
2026-01-19 06:00:00,4859.0,Occitanie,7.8,98,6.5,100
2026-01-19 07:00:00,5289.5,Occitanie,7.7,97,4.7,100
2026-01-19 08:00:00,5485.0,Occitanie,7.9,98,2.9,100
2026-01-19 09:00:00,5719.0,Occitanie,7.6,98,3.3,100
2026-01-19 10:00:00,5877.5,Occitanie,7.5,98,4.6,100
2026-01-19 11:00:00,6078.5,Occitanie,7.9,98,4.3,100
2026-01-19 12:00:00,6114.0,Occitanie,8.4,98,3.9,100
2026-01-19 13:00:00,5805.0,Occitanie,8.5,98,5.5,100
2026-01-19 14:00:00,5698.5,Occitanie,9.5,91,1.1,100
2026-01-19 15:00:00,5529.0,Occitanie,9.6,90,2.7,100
2026-01-19 16:00:00,5340.5,Occitanie,9.8,89,1.7,100
2026-01-19 17:00:00,5621.5,Occitanie,9.9,88,3.1,100
2026-01-19 18:00:00,6043.0,Occitanie,9.3,95,2.5,100
2026-01-19 19:00:00,5786.5,Occitanie,8.8,95,3.1,100
2026-01-19 20:00:00,5358.0,Occitanie,8.4,94,2.7,100
2026-01-19 21:00:00,5208.5,Occitanie,8.1,96,4.5,100
2026-01-19 22:00:00,5320.0,Occitanie,8.3,96,6.2,100
2026-01-19 23:00:00,5050.0,Occitanie,7.9,97,6.3,100
2026-01-20 00:00:00,4710.5,Occitanie,7.8,98,4.3,100
2026-01-20 01:00:00,4674.5,Occitanie,7.8,98,3.0,100
2026-01-20 02:00:00,4525.0,Occitanie,7.9,98,5.3,100
2026-01-20 03:00:00,4311.0,Occitanie,7.9,97,3.7,100
2026-01-20 04:00:00,4261.0,Occitanie,7.9,97,1.9,100
2026-01-20 05:00:00,4618.0,Occitanie,7.9,97,3.5,100
2026-01-20 06:00:00,5217.0,Occitanie,7.8,98,2.8,100
2026-01-20 07:00:00,5500.0,Occitanie,7.7,98,2.9,100
2026-01-20 08:00:00,5809.0,Occitanie,7.6,99,1.1,100
2026-01-20 09:00:00,5953.0,Occitanie,7.7,98,6.5,100
2026-01-20 10:00:00,6106.0,Occitanie,7.5,95,10.4,100
2026-01-20 11:00:00,6395.0,Occitanie,7.3,93,10.6,100
2026-01-20 12:00:00,6270.5,Occitanie,7.4,93,11.0,100
2026-01-20 13:00:00,6166.0,Occitanie,7.9,91,8.5,100
2026-01-20 14:00:00,6004.0,Occitanie,7.8,89,10.0,100
2026-01-20 15:00:00,5693.5,Occitanie,8.2,84,9.0,100
2026-01-20 16:00:00,5359.5,Occitanie,8.5,83,9.9,100
2026-01-20 17:00:00,5744.5,Occitanie,8.4,83,11.5,97
2026-01-20 18:00:00,6178.0,Occitanie,8.2,83,9.8,66
2026-01-20 19:00:00,6123.5,Occitanie,6.9,88,5.9,41
2026-01-20 20:00:00,5675.5,Occitanie,6.4,93,11.0,51
2026-01-20 21:00:00,5370.0,Occitanie,7.2,91,16.9,99
2026-01-20 22:00:00,5414.0,Occitanie,8.4,90,18.2,98
2026-01-20 23:00:00,5264.5,Occitanie,8.7,90,19.7,99
2026-01-21 00:00:00,4908.5,Occitanie,8.6,91,14.7,96
2026-01-21 01:00:00,4967.0,Occitanie,8.2,92,13.1,27
2026-01-21 02:00:00,4716.5,Occitanie,8.7,89,13.9,67
2026-01-21 03:00:00,4585.0,Occitanie,8.6,89,16.5,81
2026-01-21 04:00:00,4513.0,Occitanie,8.6,90,19.5,100
2026-01-21 05:00:00,4878.5,Occitanie,8.5,90,18.7,100
2026-01-21 06:00:00,5392.5,Occitanie,8.4,92,20.0,100
2026-01-21 07:00:00,5744.5,Occitanie,8.6,93,21.5,100
2026-01-21 08:00:00,5984.0,Occitanie,8.6,94,21.7,95
2026-01-21 09:00:00,6163.5,Occitanie,8.6,93,23.4,91
2026-01-21 10:00:00,6170.0,Occitanie,8.8,91,24.1,96
2026-01-21 11:00:00,6276.0,Occitanie,9.6,88,24.0,64
2026-01-21 12:00:00,6422.5,Occitanie,10.6,84,21.1,38
2026-01-21 13:00:00,6055.5,Occitanie,11.9,76,22.7,26
2026-01-21 14:00:00,5828.5,Occitanie,12.9,70,23.4,23
2026-01-21 15:00:00,5523.5,Occitanie,12.9,69,25.3,100
2026-01-21 16:00:00,5317.0,Occitanie,12.7,70,22.6,100
2026-01-21 17:00:00,5545.0,Occitanie,12.4,72,20.6,100
2026-01-21 18:00:00,6037.0,Occitanie,11.7,73,21.3,100
2026-01-21 19:00:00,5779.0,Occitanie,10.9,77,17.6,100
2026-01-21 20:00:00,5449.0,Occitanie,10.6,78,16.2,100
2026-01-21 21:00:00,5192.5,Occitanie,10.4,80,15.9,100
2026-01-21 22:00:00,5309.5,Occitanie,10.1,84,12.5,99
2026-01-21 23:00:00,5199.5,Occitanie,9.4,86,10.3,100
2026-01-22 00:00:00,4820.5,Occitanie,9.1,86,8.5,100
2026-01-22 01:00:00,4716.0,Occitanie,8.8,88,7.9,100
2026-01-22 02:00:00,4523.0,Occitanie,9.0,93,11.3,100
2026-01-22 03:00:00,4381.5,Occitanie,8.8,88,11.9,100
2026-01-22 04:00:00,4262.0,Occitanie,8.2,90,6.2,100
2026-01-22 05:00:00,4723.5,Occitanie,7.8,94,6.1,100
2026-01-22 06:00:00,5249.0,Occitanie,7.4,92,7.4,100
2026-01-22 07:00:00,5560.5,Occitanie,7.2,92,6.3,100
2026-01-22 08:00:00,5849.0,Occitanie,7.8,92,10.5,100
2026-01-22 09:00:00,6012.0,Occitanie,7.9,90,12.1,100
2026-01-22 10:00:00,6141.5,Occitanie,7.6,92,13.3,100
2026-01-22 11:00:00,6381.0,Occitanie,7.9,91,17.2,100
2026-01-22 12:00:00,6305.0,Occitanie,8.5,88,16.2,100
2026-01-22 13:00:00,6226.5,Occitanie,9.2,82,21.0,100
2026-01-22 14:00:00,6050.5,Occitanie,10.5,78,17.4,65
2026-01-22 15:00:00,5718.0,Occitanie,10.9,73,19.4,41
2026-01-22 16:00:00,5331.5,Occitanie,10.4,74,17.5,48
2026-01-22 17:00:00,5684.5,Occitanie,10.6,71,17.1,37
2026-01-22 18:00:00,6109.5,Occitanie,9.6,79,12.6,45
2026-01-22 19:00:00,6054.5,Occitanie,8.9,81,11.3,41
2026-01-22 20:00:00,5604.0,Occitanie,8.2,87,9.5,9
2026-01-22 21:00:00,5388.0,Occitanie,7.2,89,5.6,0
2026-01-22 22:00:00,5505.0,Occitanie,6.1,91,3.8,87
2026-01-22 23:00:00,5396.0,Occitanie,5.8,94,9.2,4
2026-01-23 00:00:00,5113.0,Occitanie,5.2,95,11.3,0
2026-01-23 01:00:00,5088.5,Occitanie,5.2,94,12.5,0
2026-01-23 02:00:00,4870.5,Occitanie,5.2,91,14.3,5
2026-01-23 03:00:00,4698.5,Occitanie,5.6,86,16.3,96
2026-01-23 04:00:00,4631.5,Occitanie,6.1,85,18.4,65
2026-01-23 05:00:00,5069.5,Occitanie,6.7,87,21.0,99
2026-01-23 06:00:00,5510.0,Occitanie,7.2,87,18.5,100
2026-01-23 07:00:00,5777.0,Occitanie,7.7,87,16.1,94
2026-01-23 08:00:00,5951.5,Occitanie,7.5,92,15.3,95
2026-01-23 09:00:00,6108.5,Occitanie,7.6,93,9.4,100
2026-01-23 10:00:00,6221.5,Occitanie,6.6,99,13.4,100
2026-01-23 11:00:00,6302.0,Occitanie,6.7,95,5.4,99
2026-01-23 12:00:00,6410.0,Occitanie,7.9,87,5.9,91
2026-01-23 13:00:00,6161.5,Occitanie,8.5,82,4.9,65
2026-01-23 14:00:00,6116.5,Occitanie,9.9,82,6.0,27
2026-01-23 15:00:00,5614.5,Occitanie,11.1,72,6.7,20
2026-01-23 16:00:00,5325.0,Occitanie,11.4,68,8.3,20
2026-01-23 17:00:00,5467.5,Occitanie,11.1,71,4.8,65
2026-01-23 18:00:00,5934.0,Occitanie,8.2,85,4.5,18
2026-01-23 19:00:00,5881.5,Occitanie,7.2,91,10.5,1
2026-01-23 20:00:00,5603.0,Occitanie,7.7,85,9.8,9
2026-01-23 21:00:00,5400.0,Occitanie,7.2,84,10.2,38
2026-01-23 22:00:00,5549.0,Occitanie,6.9,83,13.3,54
2026-01-23 23:00:00,5523.0,Occitanie,7.0,84,15.7,97
2026-01-24 00:00:00,5125.0,Occitanie,7.1,84,16.3,100
2026-01-24 01:00:00,4991.5,Occitanie,7.2,82,20.7,100
2026-01-24 02:00:00,4824.0,Occitanie,7.5,80,19.1,99
2026-01-24 03:00:00,4601.5,Occitanie,6.8,78,17.5,100
2026-01-24 04:00:00,4639.0,Occitanie,6.1,79,17.2,100
2026-01-24 05:00:00,4741.0,Occitanie,5.6,82,16.3,100
2026-01-24 06:00:00,4901.5,Occitanie,5.8,81,13.0,80
2026-01-24 07:00:00,5108.5,Occitanie,5.8,84,6.5,100
2026-01-24 08:00:00,5448.0,Occitanie,4.7,88,1.0,100
2026-01-24 09:00:00,5830.0,Occitanie,5.2,91,0.8,100
2026-01-24 10:00:00,6001.0,Occitanie,5.4,95,2.9,100
2026-01-24 11:00:00,6371.5,Occitanie,5.6,97,8.2,100
2026-01-24 12:00:00,6498.5,Occitanie,5.9,96,12.4,100
2026-01-24 13:00:00,6212.0,Occitanie,6.2,86,12.5,100
2026-01-24 14:00:00,6025.5,Occitanie,6.4,91,15.1,100
2026-01-24 15:00:00,5807.5,Occitanie,6.6,92,14.0,100
2026-01-24 16:00:00,5728.0,Occitanie,7.3,89,10.7,100
2026-01-24 17:00:00,5731.5,Occitanie,7.7,83,13.3,100
2026-01-24 18:00:00,6131.0,Occitanie,7.6,79,13.4,100
2026-01-24 19:00:00,6068.0,Occitanie,7.2,78,9.8,100
2026-01-24 20:00:00,5726.5,Occitanie,6.3,86,8.3,100
2026-01-24 21:00:00,5468.0,Occitanie,5.8,89,6.4,100
2026-01-24 22:00:00,5580.5,Occitanie,5.3,89,8.2,100
2026-01-24 23:00:00,5533.0,Occitanie,5.3,86,13.2,100
2026-01-25 00:00:00,5259.5,Occitanie,4.7,89,15.0,97
2026-01-25 01:00:00,5207.0,Occitanie,4.9,90,16.7,86
2026-01-25 02:00:00,4898.0,Occitanie,5.1,92,13.0,61
2026-01-25 03:00:00,4657.5,Occitanie,5.1,94,11.4,100
2026-01-25 04:00:00,4610.0,Occitanie,5.7,95,12.7,100
2026-01-25 05:00:00,4686.5,Occitanie,6.1,95,15.7,77
2026-01-25 06:00:00,4837.5,Occitanie,5.7,96,13.4,51
2026-01-25 07:00:00,4975.5,Occitanie,4.8,95,8.9,97
2026-01-25 08:00:00,5210.0,Occitanie,4.5,96,7.5,99
2026-01-25 09:00:00,5460.5,Occitanie,5.2,95,7.4,91
2026-01-25 10:00:00,5740.0,Occitanie,5.0,93,10.4,99
2026-01-25 11:00:00,5952.5,Occitanie,6.3,89,6.2,98
2026-01-25 12:00:00,6019.5,Occitanie,7.3,88,3.4,93
2026-01-25 13:00:00,5652.0,Occitanie,9.3,82,3.6,95
2026-01-25 14:00:00,5590.5,Occitanie,9.1,76,4.6,100
2026-01-25 15:00:00,5436.0,Occitanie,9.0,77,13.1,100
2026-01-25 16:00:00,5335.0,Occitanie,8.0,80,16.8,100
2026-01-25 17:00:00,5559.0,Occitanie,7.8,81,15.9,100
2026-01-25 18:00:00,6073.5,Occitanie,7.7,81,14.4,100
2026-01-25 19:00:00,5938.5,Occitanie,6.5,85,15.9,100
2026-01-25 20:00:00,5682.0,Occitanie,6.1,89,19.8,100
2026-01-25 21:00:00,5424.0,Occitanie,6.2,87,21.3,100
2026-01-25 22:00:00,5541.5,Occitanie,6.3,86,23.8,100
2026-01-25 23:00:00,5437.5,Occitanie,5.7,90,18.8,100
2026-01-26 00:00:00,5194.5,Occitanie,6.0,90,21.6,100
2026-01-26 01:00:00,5081.5,Occitanie,6.2,90,21.9,100
2026-01-26 02:00:00,4903.5,Occitanie,6.8,93,25.3,98
2026-01-26 03:00:00,4744.0,Occitanie,6.6,92,25.0,89
2026-01-26 04:00:00,4759.0,Occitanie,6.1,91,23.5,100
2026-01-26 05:00:00,5191.0,Occitanie,4.8,92,20.6,100
2026-01-26 06:00:00,5560.0,Occitanie,4.9,93,16.0,83
2026-01-26 07:00:00,6017.5,Occitanie,4.9,94,13.3,100
2026-01-26 08:00:00,6231.0,Occitanie,5.6,95,13.8,99
2026-01-26 09:00:00,6242.5,Occitanie,5.1,96,9.5,100
2026-01-26 10:00:00,6353.5,Occitanie,5.0,96,7.0,100
2026-01-26 11:00:00,6448.5,Occitanie,6.6,90,6.8,99
2026-01-26 12:00:00,6554.0,Occitanie,8.1,85,10.2,99
2026-01-26 13:00:00,6197.5,Occitanie,9.2,79,12.4,98
2026-01-26 14:00:00,6052.0,Occitanie,9.6,86,9.6,98
2026-01-26 15:00:00,5593.5,Occitanie,10.4,78,6.8,100
2026-01-26 16:00:00,5404.0,Occitanie,10.9,72,5.7,100
2026-01-26 17:00:00,5748.5,Occitanie,10.7,70,2.4,100
2026-01-26 18:00:00,6197.0,Occitanie,10.1,76,4.0,100
2026-01-26 19:00:00,6090.5,Occitanie,8.8,80,8.2,100
2026-01-26 20:00:00,5764.5,Occitanie,8.4,82,10.7,100
2026-01-26 21:00:00,5512.0,Occitanie,7.8,83,10.4,100
2026-01-26 22:00:00,5647.5,Occitanie,7.3,84,12.0,100
2026-01-26 23:00:00,5415.5,Occitanie,8.1,77,15.1,100
2026-01-27 00:00:00,5242.5,Occitanie,8.4,74,18.4,100
2026-01-27 01:00:00,5078.5,Occitanie,8.3,73,20.4,100
2026-01-27 02:00:00,4982.0,Occitanie,8.1,76,21.3,100
2026-01-27 03:00:00,4784.0,Occitanie,8.4,79,24.5,100
2026-01-27 04:00:00,4723.5,Occitanie,8.4,78,26.3,100
2026-01-27 05:00:00,5061.0,Occitanie,7.7,78,28.0,100
2026-01-27 06:00:00,5736.0,Occitanie,7.7,81,26.8,99
2026-01-27 07:00:00,5917.5,Occitanie,7.8,83,25.7,100
2026-01-27 08:00:00,6226.5,Occitanie,8.3,84,19.9,100
2026-01-27 09:00:00,6298.0,Occitanie,8.5,81,17.7,100
2026-01-27 10:00:00,6406.0,Occitanie,8.2,83,19.9,100
2026-01-27 11:00:00,6631.5,Occitanie,8.0,87,22.5,100
2026-01-27 12:00:00,6499.5,Occitanie,9.1,85,17.0,100
2026-01-27 13:00:00,6392.5,Occitanie,9.6,85,12.7,100
2026-01-27 14:00:00,6217.5,Occitanie,10.5,83,11.5,99
2026-01-27 15:00:00,6037.5,Occitanie,11.8,78,10.0,92
2026-01-27 16:00:00,5728.5,Occitanie,11.6,79,14.4,100
2026-01-27 17:00:00,6038.0,Occitanie,9.3,92,17.7,100
2026-01-27 18:00:00,6337.0,Occitanie,8.8,91,13.6,100
2026-01-27 19:00:00,6134.5,Occitanie,8.1,93,7.9,100
2026-01-27 20:00:00,5732.0,Occitanie,7.6,94,8.0,100
2026-01-27 21:00:00,5431.5,Occitanie,7.2,95,8.1,100
2026-01-27 22:00:00,5617.0,Occitanie,7.0,94,8.1,100
2026-01-27 23:00:00,5426.5,Occitanie,6.6,92,5.2,100
2026-01-28 00:00:00,5225.0,Occitanie,6.2,94,3.7,100
2026-01-28 01:00:00,4891.0,Occitanie,6.0,96,7.1,100
2026-01-28 02:00:00,4895.0,Occitanie,5.5,96,11.1,100
2026-01-28 03:00:00,4645.5,Occitanie,5.2,96,11.4,100
2026-01-28 04:00:00,4782.0,Occitanie,5.5,95,13.8,100
2026-01-28 05:00:00,5283.0,Occitanie,5.4,93,16.8,100
2026-01-28 06:00:00,5620.0,Occitanie,4.9,95,15.8,100
2026-01-28 07:00:00,5969.5,Occitanie,5.1,96,12.4,100
2026-01-28 08:00:00,6282.5,Occitanie,4.7,95,9.9,100
2026-01-28 09:00:00,6206.0,Occitanie,4.7,93,11.1,100
2026-01-28 10:00:00,6360.0,Occitanie,4.7,93,5.1,69
2026-01-28 11:00:00,6449.0,Occitanie,5.5,91,3.4,91
2026-01-28 12:00:00,6491.0,Occitanie,6.8,83,2.4,81
2026-01-28 13:00:00,6339.0,Occitanie,7.8,76,3.8,97
2026-01-28 14:00:00,6054.5,Occitanie,8.6,73,4.7,100
2026-01-28 15:00:00,5626.5,Occitanie,9.1,68,3.8,100
2026-01-28 16:00:00,5443.0,Occitanie,9.2,67,4.2,100
2026-01-28 17:00:00,5719.5,Occitanie,9.0,67,5.6,98
2026-01-28 18:00:00,6323.0,Occitanie,8.9,68,4.9,37
2026-01-28 19:00:00,6186.5,Occitanie,7.2,78,4.3,13
2026-01-28 20:00:00,5806.0,Occitanie,5.9,83,4.7,11
2026-01-28 21:00:00,5632.0,Occitanie,4.9,87,2.2,7
2026-01-28 22:00:00,5878.5,Occitanie,4.3,89,0.5,2
2026-01-28 23:00:00,5511.5,Occitanie,3.5,92,2.3,32
2026-01-29 00:00:00,5393.5,Occitanie,3.7,92,4.9,66
2026-01-29 01:00:00,5313.0,Occitanie,3.7,89,6.6,39
2026-01-29 02:00:00,5098.5,Occitanie,5.3,86,5.7,98
2026-01-29 03:00:00,4954.5,Occitanie,4.4,88,4.4,69
2026-01-29 04:00:00,4903.5,Occitanie,3.8,88,2.8,27
2026-01-29 05:00:00,5380.0,Occitanie,3.5,90,6.3,37
2026-01-29 06:00:00,5971.0,Occitanie,2.9,91,6.4,38
2026-01-29 07:00:00,6221.0,Occitanie,2.6,91,6.2,12
2026-01-29 08:00:00,6448.0,Occitanie,2.0,94,4.9,35
2026-01-29 09:00:00,6457.0,Occitanie,2.0,95,7.1,100
2026-01-29 10:00:00,6489.0,Occitanie,3.2,92,8.7,99
2026-01-29 11:00:00,6619.5,Occitanie,5.2,87,5.6,98
2026-01-29 12:00:00,6552.0,Occitanie,7.1,83,4.9,100
2026-01-29 13:00:00,6270.5,Occitanie,8.1,80,5.7,100
2026-01-29 14:00:00,5911.5,Occitanie,10.4,68,5.4,100
2026-01-29 15:00:00,5633.5,Occitanie,10.8,63,5.0,100
2026-01-29 16:00:00,5415.5,Occitanie,9.9,71,4.2,100
2026-01-29 17:00:00,5728.0,Occitanie,9.9,72,5.9,100
2026-01-29 18:00:00,6137.0,Occitanie,9.5,72,7.6,16
2026-01-29 19:00:00,6034.5,Occitanie,8.4,74,7.8,19
2026-01-29 20:00:00,5711.5,Occitanie,7.3,78,7.0,23
2026-01-29 21:00:00,5447.5,Occitanie,7.5,78,8.9,45
2026-01-29 22:00:00,5446.0,Occitanie,7.3,82,9.6,98
2026-01-29 23:00:00,5347.5,Occitanie,6.6,85,7.4,93
2026-01-30 00:00:00,5061.5,Occitanie,6.8,84,10.7,100
2026-01-30 01:00:00,5014.0,Occitanie,8.1,88,18.4,100
2026-01-30 02:00:00,4815.0,Occitanie,8.6,87,23.1,100
2026-01-30 03:00:00,4641.5,Occitanie,8.2,90,20.3,100
2026-01-30 04:00:00,4682.5,Occitanie,7.9,90,23.2,100
2026-01-30 05:00:00,4873.0,Occitanie,7.8,91,20.4,100
2026-01-30 06:00:00,5403.5,Occitanie,7.5,89,21.7,90
2026-01-30 07:00:00,5914.0,Occitanie,6.4,86,18.6,100
2026-01-30 08:00:00,5933.0,Occitanie,7.8,91,19.8,83
2026-01-30 09:00:00,6051.0,Occitanie,8.1,90,17.5,54
2026-01-30 10:00:00,6116.5,Occitanie,7.9,86,16.3,26
2026-01-30 11:00:00,6346.0,Occitanie,8.9,84,11.0,38
2026-01-30 12:00:00,6422.0,Occitanie,10.1,78,6.9,99
2026-01-30 13:00:00,6000.0,Occitanie,11.4,69,5.9,93
2026-01-30 14:00:00,5564.0,Occitanie,13.2,54,11.9,3
2026-01-30 15:00:00,5046.5,Occitanie,14.1,51,12.0,19
2026-01-30 16:00:00,4867.0,Occitanie,14.0,51,5.1,9
2026-01-30 17:00:00,5192.0,Occitanie,13.9,51,0.7,53
2026-01-30 18:00:00,5700.5,Occitanie,12.9,69,1.5,73
2026-01-30 19:00:00,5501.0,Occitanie,11.1,68,2.7,100
2026-01-30 20:00:00,5257.5,Occitanie,10.8,71,8.5,100
2026-01-30 21:00:00,5034.5,Occitanie,10.1,79,6.6,100
2026-01-30 22:00:00,5306.5,Occitanie,9.3,88,2.2,100
2026-01-30 23:00:00,5121.0,Occitanie,8.9,88,0.7,100
2026-01-31 00:00:00,4885.5,Occitanie,8.1,89,1.7,100
2026-01-31 01:00:00,4652.5,Occitanie,7.9,91,8.2,100
2026-01-31 02:00:00,4488.5,Occitanie,7.7,94,9.5,100
2026-01-31 03:00:00,4372.5,Occitanie,7.4,96,7.3,100
2026-01-31 04:00:00,4266.0,Occitanie,6.8,93,5.3,100
2026-01-31 05:00:00,4404.0,Occitanie,6.2,93,19.7,100
2026-01-31 06:00:00,4651.5,Occitanie,5.6,94,14.8,100
2026-01-31 07:00:00,4963.0,Occitanie,6.0,92,14.8,100
2026-01-31 08:00:00,5139.5,Occitanie,5.7,94,15.3,100
2026-01-31 09:00:00,5621.0,Occitanie,6.1,92,16.9,100
2026-01-31 10:00:00,5746.0,Occitanie,6.2,90,17.7,100
2026-01-31 11:00:00,5970.0,Occitanie,6.3,88,18.5,100
2026-01-31 12:00:00,6073.0,Occitanie,7.5,84,21.6,99
2026-01-31 13:00:00,5612.0,Occitanie,8.9,76,20.4,35
2026-01-31 14:00:00,5535.0,Occitanie,9.6,75,20.4,64
2026-01-31 15:00:00,5141.0,Occitanie,10.2,69,21.5,74
2026-01-31 16:00:00,5036.0,Occitanie,10.4,68,24.2,99
2026-01-31 17:00:00,5220.5,Occitanie,9.1,71,21.9,100
2026-01-31 18:00:00,5569.0,Occitanie,8.1,82,19.5,87
2026-01-31 19:00:00,5486.5,Occitanie,7.9,83,19.9,73
2026-01-31 20:00:00,5250.5,Occitanie,8.4,89,18.5,86
2026-01-31 21:00:00,5043.0,Occitanie,7.9,91,18.2,94
2026-01-31 22:00:00,5262.5,Occitanie,8.1,92,20.6,100
